placa,vin,marca,modelo,categoria,ano,regiao,deposito,deposito_nome,status,contrato,cliente_id,cliente,odometro_inicial,id_equipamento
IHH2X13,YUCU215DEZ1CT3611,Fiat,Cronos,sedan,2024,BR,GRU,Sao Paulo Guarulhos,on_rent,AGR-5667265,CUST-948749,"Silva, F.",134437,TRK800000
TIZ0X58,UDN5JPC42EJ5E1654,Fiat,Argo,hatch,2024,BR,CGH,Sao Paulo Congonhas,on_rent,AGR-5663623,CUST-575435,"Carvalho, M.",100744,TRK800001
HFO6I81,ZUHL3E2LSH4DL3483,Fiat,Mobi,hatch,2025,BR,GIG,Rio Galeao,on_rent,AGR-9375710,CUST-514850,"Carvalho, R.",79242,TRK800002
EQP1Y06,DEXAU4RRWG07H5573,Volkswagen,Polo,hatch,2022,BR,CNF,Belo Horizonte Confins,on_rent,AGR-5924115,CUST-555884,"Oliveira, R.",136346,TRK800003
UQT3E47,FUT0LY17PKF3F9295,Volkswagen,T-Cross,suv,2022,BR,CWB,Curitiba Afonso Pena,on_rent,AGR-2437026,CUST-867460,"Rodrigues, C.",95191,TRK800004
GRY3W39,NYXPVV7FE4M1E9641,Chevrolet,Onix,hatch,2023,BR,BSB,Brasilia Internacional,on_rent,AGR-1120642,CUST-174441,"Araujo, B.",17419,TRK800005
SSP3Z60,PGD6UNUTW363S5559,Chevrolet,Tracker,suv,2022,BR,POA,Porto Alegre Salgado Filho,on_rent,AGR-5171761,CUST-300896,"Souza, W.",41079,TRK800006
RDB8A11,HFPYXDS3AR0RG7454,Hyundai,HB20,hatch,2023,BR,SSA,Salvador Deputado Magalhaes,available,,,,81361,TRK800007
BSX-9883,BLB3XZA3Z5B443853,Hyundai,Elantra,sedan,2024,NA,DFW,Dallas Fort Worth,on_rent,AGR-3011363,CUST-697347,"Brown, B.",77068,TRK800008
HIM-3144,YXKWL40W64DZG2170,Jeep,Grand Cherokee,suv,2023,NA,ATL,Atlanta Hartsfield,available,,,,28823,TRK800009
TZU-9666,AYUK68G769HJD5617,Kia,Telluride,suv,2023,NA,ORD,Chicago O'Hare,available,,,,41148,TRK800010
IBA-6464,EXJAVU07492P97041,Tesla,Model 3,sedan,2023,NA,LAX,Los Angeles International,on_rent,AGR-1701771,CUST-423232,"Garcia, B.",21569,TRK800011
EHF-3900,PAFMTFHA6R2XE3269,Toyota,Camry,sedan,2024,NA,MCO,Orlando International,on_rent,AGR-6866294,CUST-420015,"Brown, H.",122190,TRK800012
MVR-6425,ADJBG26UNLUZ76311,Toyota,RAV4,suv,2024,NA,DEN,Denver International,available,,,,76629,TRK800013
XXV-4228,MPCML7KZKTLSJ9083,Chevrolet,Malibu,sedan,2023,NA,PHX,Phoenix Sky Harbor,available,,,,106754,TRK800014
AJJ-4443,PVWLWVVDZXA5J8445,Chevrolet,Equinox,suv,2025,NA,YYZ,Toronto Pearson,on_rent,AGR-6623525,CUST-197923,"Brown, K.",40319,TRK800015
US34 WWM,SNH906UEBW3F77478,Skoda,Octavia,sedan,2023,EU,LHR,London Heathrow,on_rent,AGR-8795419,CUST-800005,"Silva, W.",88972,TRK800016
RO30 XPO,JHXHYFHV4JFHM5238,Opel,Corsa,hatch,2024,EU,CDG,Paris Charles de Gaulle,available,,,,28170,TRK800017
ON17 GNM,VZARX0NKRTEYE4471,BMW,1 Series,hatch,2024,EU,FRA,Frankfurt am Main,on_rent,AGR-9147720,CUST-130434,"Andersson, L.",119028,TRK800018
SS94 ACU,PERB3GRLDWLMR4558,Mercedes-Benz,A-Class,hatch,2024,EU,MAD,Madrid Barajas,on_rent,AGR-5232413,CUST-975467,"Dubois, S.",54195,TRK800019
YA41 GAT,EHEX7DWGPA7AK1771,Fiat,500e,hatch,2024,EU,MXP,Milan Malpensa,available,,,,134479,TRK800020
CS98 UHD,ZKY72NUP4ZM0T8031,Seat,Leon,hatch,2022,EU,AMS,Amsterdam Schiphol,available,,,,68686,TRK800021
UI88 ZRY,SRPHLF5HVFWRM0470,Ford,Puma,suv,2024,EU,MUC,Munich Franz Josef Strauss,on_rent,AGR-6452832,CUST-290672,"Kowalski, G.",86781,TRK800022
HX62 PRY,HZSYV15JESFKP7753,Citroen,C3,hatch,2024,EU,LIS,Lisbon Humberto Delgado,on_rent,AGR-9907391,CUST-460455,"Andersson, W.",41236,TRK800023
YWF3G94,SJVJ6CJEPBK084494,Fiat,Cronos,sedan,2022,BR,GRU,Sao Paulo Guarulhos,on_rent,AGR-1914794,CUST-680238,"Lima, E.",9714,TRK800024
IPD1M62,CVX399K5F7TER7381,Fiat,Argo,hatch,2024,BR,CGH,Sao Paulo Congonhas,on_rent,AGR-5988757,CUST-717113,"Costa, K.",21195,TRK800025
HFR1F00,PRZXJ2EJJW4EG9663,Fiat,Mobi,hatch,2025,BR,GIG,Rio Galeao,on_rent,AGR-4318855,CUST-545790,"Santos, W.",26780,TRK800026
JOD7W38,ZNJZYV52ULG153750,Volkswagen,Polo,hatch,2025,BR,CNF,Belo Horizonte Confins,on_rent,AGR-1348050,CUST-901909,"Carvalho, J.",76609,TRK800027
NUP1P44,PLL6AMTYJS2W55153,Volkswagen,T-Cross,suv,2023,BR,CWB,Curitiba Afonso Pena,in_service,,,,75927,TRK800028
RON0G66,MWSV3DH8JVY719975,Chevrolet,Onix,hatch,2023,BR,BSB,Brasilia Internacional,available,,,,61855,TRK800029
DOD2P91,KTZHTXXFW9RCZ2236,Chevrolet,Tracker,suv,2022,BR,POA,Porto Alegre Salgado Filho,available,,,,131321,TRK800030
JXJ9S84,SERXNMRWLCFRE6730,Hyundai,HB20,hatch,2022,BR,SSA,Salvador Deputado Magalhaes,available,,,,58323,TRK800031
UEP-1606,ETVM6V6W09T947692,Hyundai,Elantra,sedan,2023,NA,DFW,Dallas Fort Worth,available,,,,120433,TRK800032
MKU-8994,UBW4FJE5U66VA4906,Jeep,Grand Cherokee,suv,2022,NA,ATL,Atlanta Hartsfield,available,,,,57479,TRK800033
ZFF-3868,CWNFY9EWGWG0W4712,Kia,Telluride,suv,2025,NA,ORD,Chicago O'Hare,on_rent,AGR-3650391,CUST-177449,"Davis, M.",99159,TRK800034
PDH-7248,VMVJJ1SH03YJE9946,Tesla,Model 3,sedan,2023,NA,LAX,Los Angeles International,in_service,,,,107736,TRK800035
EUD-1645,KRBP85JLTBC8P8697,Toyota,Camry,sedan,2024,NA,MCO,Orlando International,available,,,,116859,TRK800036
XKZ-2886,RCEESP5S0G7WP4295,Toyota,RAV4,suv,2024,NA,DEN,Denver International,available,,,,97078,TRK800037
KTH-2035,XRZKT7822KY763846,Chevrolet,Malibu,sedan,2024,NA,PHX,Phoenix Sky Harbor,on_rent,AGR-3276065,CUST-507524,"Davis, M.",63398,TRK800038
PTN-5583,BZMDVVFP6PN3S4520,Chevrolet,Equinox,suv,2023,NA,YYZ,Toronto Pearson,on_rent,AGR-3049499,CUST-989227,"Davis, C.",10835,TRK800039
CY80 GSG,HLE0H98GB71805869,Skoda,Octavia,sedan,2023,EU,LHR,London Heathrow,on_rent,AGR-6431983,CUST-116547,"Rossi, J.",106483,TRK800040
QH88 BXZ,YTKW13XSU6YV41323,Opel,Corsa,hatch,2023,EU,CDG,Paris Charles de Gaulle,on_rent,AGR-3488628,CUST-168872,"Rossi, J.",58380,TRK800041
ZW24 UUY,UGPVETMWST6LU5120,BMW,1 Series,hatch,2025,EU,FRA,Frankfurt am Main,on_rent,AGR-5276341,CUST-492483,"Rossi, S.",20836,TRK800042
RR52 VDN,MYP3JKN6ZD9XE1773,Mercedes-Benz,A-Class,hatch,2023,EU,MAD,Madrid Barajas,on_rent,AGR-7166651,CUST-220465,"Novak, H.",116040,TRK800043
WI13 FIW,KLM0B9S4915DR6878,Fiat,500e,hatch,2024,EU,MXP,Milan Malpensa,on_rent,AGR-6719285,CUST-265055,"Jansen, K.",19293,TRK800044
IO94 NPT,RPJDZ7NU7JYK23612,Seat,Leon,hatch,2024,EU,AMS,Amsterdam Schiphol,on_rent,AGR-1919088,CUST-108060,"Garcia, K.",46232,TRK800045
RW39 QRV,MCN2U1W4LUSTJ1887,Ford,Puma,suv,2024,EU,MUC,Munich Franz Josef Strauss,on_rent,AGR-1349914,CUST-440544,"Rossi, R.",119569,TRK800046
JX53 HKY,FCT7ZCNN9F69G3232,Citroen,C3,hatch,2023,EU,LIS,Lisbon Humberto Delgado,on_rent,AGR-3564729,CUST-897143,"Schmidt, C.",107685,TRK800047
SUU9K80,LER4XVKH3NZ4K7565,Fiat,Cronos,sedan,2024,BR,GRU,Sao Paulo Guarulhos,in_service,,,,93096,TRK800048
MOS8Z94,BRVCLXZ93V6M58266,Fiat,Argo,hatch,2025,BR,CGH,Sao Paulo Congonhas,on_rent,AGR-3895058,CUST-141043,"Souza, R.",56066,TRK800049
VTB5C42,DUYRJG9M59NKS2112,Fiat,Mobi,hatch,2024,BR,GIG,Rio Galeao,available,,,,92941,TRK800050
XVQ1U85,PTM1PKBDMYCE82538,Volkswagen,Polo,hatch,2022,BR,CNF,Belo Horizonte Confins,on_rent,AGR-5962567,CUST-985447,"Santos, T.",13067,TRK800051
FFW9Z21,RBPPFVJVEFKXC6026,Volkswagen,T-Cross,suv,2025,BR,CWB,Curitiba Afonso Pena,on_rent,AGR-8391997,CUST-584106,"Lima, N.",34360,TRK800052
LRD8D36,CFJVZ9U5EVN1T0872,Chevrolet,Onix,hatch,2024,BR,BSB,Brasilia Internacional,on_rent,AGR-9422281,CUST-492127,"Souza, N.",130975,TRK800053
EBJ7W17,ZSR051GD9U7JF4934,Chevrolet,Tracker,suv,2022,BR,POA,Porto Alegre Salgado Filho,available,,,,68339,TRK800054
TRA8S30,ZEKU0NFTB5P4Z8316,Hyundai,HB20,hatch,2024,BR,SSA,Salvador Deputado Magalhaes,available,,,,59068,TRK800055
LZC-6649,HYX6M82NMBWXB2209,Hyundai,Elantra,sedan,2022,NA,DFW,Dallas Fort Worth,available,,,,34610,TRK800056
KJQ-7524,USJ2CJN3MH7PU6553,Jeep,Grand Cherokee,suv,2025,NA,ATL,Atlanta Hartsfield,available,,,,32660,TRK800057
IZC-7955,CPWBJL65LJKVU2730,Kia,Telluride,suv,2025,NA,ORD,Chicago O'Hare,on_rent,AGR-8447546,CUST-468623,"Davis, B.",65447,TRK800058
MLQ-3621,AEWV284FPPR297371,Tesla,Model 3,sedan,2023,NA,LAX,Los Angeles International,on_rent,AGR-7241348,CUST-565504,"Johnson, E.",41000,TRK800059
RDI-5264,ZRGJYC784VBV55236,Toyota,Camry,sedan,2025,NA,MCO,Orlando International,on_rent,AGR-6828829,CUST-844007,"Johnson, W.",102065,TRK800060
QHD-4292,EHS1PPW854KSX8612,Toyota,RAV4,suv,2024,NA,DEN,Denver International,available,,,,136354,TRK800061
LEY-3981,EPT379KAALENJ1292,Chevrolet,Malibu,sedan,2023,NA,PHX,Phoenix Sky Harbor,on_rent,AGR-4293399,CUST-765905,"Martinez, J.",74393,TRK800062
XTK-1674,ACBGDT1YJKXFS4873,Chevrolet,Equinox,suv,2024,NA,YYZ,Toronto Pearson,on_rent,AGR-2224284,CUST-822063,"Smith, F.",88160,TRK800063
LM26 YLQ,UDLFW7HVF963J6293,Skoda,Octavia,sedan,2024,EU,LHR,London Heathrow,available,,,,115379,TRK800064
GY30 PQO,SKS15SZWFDN334609,Opel,Corsa,hatch,2024,EU,CDG,Paris Charles de Gaulle,available,,,,45719,TRK800065
IX56 YML,BNBCPJ4RZVH781584,BMW,1 Series,hatch,2024,EU,FRA,Frankfurt am Main,on_rent,AGR-7261229,CUST-933510,"Jansen, W.",75251,TRK800066
PQ68 ETQ,ELWLASKMZZYKX0272,Mercedes-Benz,A-Class,hatch,2023,EU,MAD,Madrid Barajas,on_rent,AGR-6557278,CUST-806537,"Dubois, P.",98932,TRK800067
ZY84 SHX,BVSAR9F27C1VL6861,Fiat,500e,hatch,2023,EU,MXP,Milan Malpensa,in_service,,,,88715,TRK800068
XB27 QGR,LYSRLBWMNGXCF4571,Seat,Leon,hatch,2024,EU,AMS,Amsterdam Schiphol,available,,,,109795,TRK800069
PK71 LRZ,JKDRSN9J2J5NV4201,Ford,Puma,suv,2025,EU,MUC,Munich Franz Josef Strauss,available,,,,131159,TRK800070
SH41 BVQ,HXH36TMX680AT7793,Citroen,C3,hatch,2024,EU,LIS,Lisbon Humberto Delgado,on_rent,AGR-4346315,CUST-892630,"Novak, L.",94214,TRK800071
BFN2B50,SFK20K6MJWY8Z7668,Fiat,Cronos,sedan,2023,BR,GRU,Sao Paulo Guarulhos,available,,,,68577,TRK800072
ZJS3F78,XNPZL5S6B8XLF0111,Fiat,Argo,hatch,2023,BR,CGH,Sao Paulo Congonhas,on_rent,AGR-7435310,CUST-346961,"Rodrigues, J.",9553,TRK800073
JFM8W98,KZDJPEE8X9WPT8998,Fiat,Mobi,hatch,2024,BR,GIG,Rio Galeao,on_rent,AGR-4664338,CUST-898867,"Souza, C.",129076,TRK800074
GSR2F41,TRDDY5ZV3W8ZT7484,Volkswagen,Polo,hatch,2024,BR,CNF,Belo Horizonte Confins,available,,,,103473,TRK800075
XGS1B54,MZC34X2JTB8TP6266,Volkswagen,T-Cross,suv,2024,BR,CWB,Curitiba Afonso Pena,available,,,,98120,TRK800076
LDF8M67,EHA1KWUREFWN94516,Chevrolet,Onix,hatch,2023,BR,BSB,Brasilia Internacional,on_rent,AGR-2893218,CUST-133782,"Carvalho, P.",39811,TRK800077
BHX0M56,HUG38ZJELLFK98540,Chevrolet,Tracker,suv,2023,BR,POA,Porto Alegre Salgado Filho,on_rent,AGR-7938388,CUST-415098,"Lima, B.",31177,TRK800078
UVM8K89,PPEKRBXFEK9W39214,Hyundai,HB20,hatch,2024,BR,SSA,Salvador Deputado Magalhaes,on_rent,AGR-7987842,CUST-684357,"Almeida, E.",18538,TRK800079
BIM-1647,CGVDXDMK0DC7X3974,Hyundai,Elantra,sedan,2025,NA,DFW,Dallas Fort Worth,on_rent,AGR-4431161,CUST-515898,"Brown, W.",93727,TRK800080
ODZ-8692,LGMLT2E91GTJ93214,Jeep,Grand Cherokee,suv,2023,NA,ATL,Atlanta Hartsfield,available,,,,80685,TRK800081
PXU-9037,RFMA8YB32430T2252,Kia,Telluride,suv,2025,NA,ORD,Chicago O'Hare,on_rent,AGR-4882808,CUST-171269,"Taylor, E.",89620,TRK800082
ARR-7739,AATHJ1ZUB669F3144,Tesla,Model 3,sedan,2024,NA,LAX,Los Angeles International,on_rent,AGR-9832465,CUST-364679,"Garcia, J.",68653,TRK800083
CUU-1519,CNNRX30A5YUM68653,Toyota,Camry,sedan,2022,NA,MCO,Orlando International,on_rent,AGR-4854842,CUST-321686,"Taylor, S.",45116,TRK800084
AGS-3362,ZNCKAFRMR85ZN0879,Toyota,RAV4,suv,2022,NA,DEN,Denver International,on_rent,AGR-8333124,CUST-343420,"Johnson, L.",136004,TRK800085
OPH-6829,UNPBR5JF45H9R2527,Chevrolet,Malibu,sedan,2025,NA,PHX,Phoenix Sky Harbor,available,,,,132471,TRK800086
DEC-4070,PRUZT615N5LR04781,Chevrolet,Equinox,suv,2024,NA,YYZ,Toronto Pearson,available,,,,127487,TRK800087
MF27 IJI,SECAUHTKX4PGF8123,Skoda,Octavia,sedan,2024,EU,LHR,London Heathrow,on_rent,AGR-4280754,CUST-580102,"Dubois, E.",89910,TRK800088
UT27 JKT,ZGSLBSLJYFLRH6437,Opel,Corsa,hatch,2023,EU,CDG,Paris Charles de Gaulle,on_rent,AGR-2910720,CUST-691240,"Garcia, W.",104071,TRK800089
WC62 VPE,XKHG9UR4VXSZT8907,BMW,1 Series,hatch,2022,EU,FRA,Frankfurt am Main,available,,,,78872,TRK800090
VV55 FUT,BVXSMU606GEZE7303,Mercedes-Benz,A-Class,hatch,2023,EU,MAD,Madrid Barajas,on_rent,AGR-7562142,CUST-585556,"Schmidt, T.",47088,TRK800091
XE54 JKO,GTSNX6VVL4K270370,Fiat,500e,hatch,2023,EU,MXP,Milan Malpensa,available,,,,137875,TRK800092
RN69 HZM,XFFUS1CVUR0DD4560,Seat,Leon,hatch,2025,EU,AMS,Amsterdam Schiphol,on_rent,AGR-2049645,CUST-705393,"Dubois, W.",42685,TRK800093
TM85 DLL,RWFK58L7FK7BP2316,Ford,Puma,suv,2024,EU,MUC,Munich Franz Josef Strauss,on_rent,AGR-7517332,CUST-538555,"Murphy, E.",78986,TRK800094
JE33 KOT,BMAY8CRZYTYTV8006,Citroen,C3,hatch,2023,EU,LIS,Lisbon Humberto Delgado,on_rent,AGR-2386982,CUST-692862,"Muller, H.",30287,TRK800095
RQD9D34,UMU2VDU6FK2VG5711,Fiat,Cronos,sedan,2022,BR,GRU,Sao Paulo Guarulhos,available,,,,39277,TRK800096
WTU6F78,EGG3NHALJJHZ62221,Fiat,Argo,hatch,2024,BR,CGH,Sao Paulo Congonhas,on_rent,AGR-1994652,CUST-390794,"Carvalho, E.",50517,TRK800097
UIU6M57,CXCSZHPWYL05W5869,Fiat,Mobi,hatch,2022,BR,GIG,Rio Galeao,on_rent,AGR-9966154,CUST-517035,"Souza, P.",45542,TRK800098
ZKV0B12,XRA7AVW0UC8KA4489,Volkswagen,Polo,hatch,2022,BR,CNF,Belo Horizonte Confins,available,,,,127302,TRK800099
WYH6U11,ZDADX48EV00M76919,Volkswagen,T-Cross,suv,2025,BR,CWB,Curitiba Afonso Pena,on_rent,AGR-3217531,CUST-600905,"Santos, H.",49407,TRK800100
YEU2C67,VAWAVND9TVD562293,Chevrolet,Onix,hatch,2022,BR,BSB,Brasilia Internacional,available,,,,49514,TRK800101
RTT9J99,ZAYKDZCSJ3FYR1847,Chevrolet,Tracker,suv,2023,BR,POA,Porto Alegre Salgado Filho,on_rent,AGR-9381604,CUST-769077,"Nascimento, C.",131323,TRK800102
VFY7Y09,AVC0GD23SZJZT6939,Hyundai,HB20,hatch,2025,BR,SSA,Salvador Deputado Magalhaes,on_rent,AGR-7749095,CUST-186431,"Carvalho, W.",18524,TRK800103
SUY-2083,KZPF3F5U7W3KB1956,Hyundai,Elantra,sedan,2022,NA,DFW,Dallas Fort Worth,on_rent,AGR-3302031,CUST-835575,"Smith, F.",116621,TRK800104
IXD-1480,LPJ4G4YWZP3YA6024,Jeep,Grand Cherokee,suv,2023,NA,ATL,Atlanta Hartsfield,available,,,,103407,TRK800105
AHB-8729,MNEB2TELFTLH49364,Kia,Telluride,suv,2023,NA,ORD,Chicago O'Hare,on_rent,AGR-3003215,CUST-626428,"Anderson, B.",133984,TRK800106
KCR-8483,AMGJKFWPYCF906718,Tesla,Model 3,sedan,2022,NA,LAX,Los Angeles International,on_rent,AGR-4909053,CUST-667851,"Garcia, A.",120162,TRK800107
PBE-5584,CBHTPW56Z8S437126,Toyota,Camry,sedan,2025,NA,MCO,Orlando International,on_rent,AGR-3192921,CUST-348273,"Jones, J.",117914,TRK800108
EYY-2785,EDFVWLT7NDVKW4341,Toyota,RAV4,suv,2022,NA,DEN,Denver International,on_rent,AGR-2517010,CUST-265271,"Anderson, K.",118443,TRK800109
QBV-5896,JFASVF6W687033641,Chevrolet,Malibu,sedan,2023,NA,PHX,Phoenix Sky Harbor,on_rent,AGR-4324120,CUST-963684,"Miller, M.",85391,TRK800110
GUO-3110,CLD2W3AUSY1RU2831,Chevrolet,Equinox,suv,2023,NA,YYZ,Toronto Pearson,in_service,,,,124612,TRK800111
JP62 RPB,CJN8TCF1RNXYN9267,Skoda,Octavia,sedan,2024,EU,LHR,London Heathrow,on_rent,AGR-6395626,CUST-507247,"Novak, F.",115036,TRK800112
SH30 DHV,HJU3ERNBBFLN15761,Opel,Corsa,hatch,2024,EU,CDG,Paris Charles de Gaulle,on_rent,AGR-3384080,CUST-690462,"Garcia, S.",15425,TRK800113
TG26 KWF,LBA997P4PS6MK5285,BMW,1 Series,hatch,2023,EU,FRA,Frankfurt am Main,on_rent,AGR-3642476,CUST-867926,"Andersson, S.",99580,TRK800114
FM49 XWJ,EFAS2BLE6Y9M43899,Mercedes-Benz,A-Class,hatch,2023,EU,MAD,Madrid Barajas,on_rent,AGR-6360633,CUST-276042,"Schmidt, C.",52426,TRK800115
LI23 XAB,NRPATYRNR6XEA7393,Fiat,500e,hatch,2022,EU,MXP,Milan Malpensa,available,,,,42469,TRK800116
FX19 RCK,WWS1UAUA36MDC6705,Seat,Leon,hatch,2025,EU,AMS,Amsterdam Schiphol,on_rent,AGR-5450404,CUST-792687,"Novak, K.",118936,TRK800117
VU86 PGD,AGFJ5X7KSXYG58914,Ford,Puma,suv,2024,EU,MUC,Munich Franz Josef Strauss,on_rent,AGR-4101792,CUST-489043,"Andersson, M.",42872,TRK800118
DC95 LZR,PVH3RTXFXK5S28226,Citroen,C3,hatch,2024,EU,LIS,Lisbon Humberto Delgado,on_rent,AGR-9670757,CUST-939333,"Murphy, E.",137941,TRK800119
VNG2T33,LCCRSLHW0T7T92428,Fiat,Cronos,sedan,2024,BR,GRU,Sao Paulo Guarulhos,on_rent,AGR-2681144,CUST-210766,"Nascimento, D.",123984,TRK800120
FIM2T77,YZN2SMF3XHP1M4965,Fiat,Argo,hatch,2023,BR,CGH,Sao Paulo Congonhas,on_rent,AGR-5703436,CUST-983788,"Rodrigues, D.",106275,TRK800121
TUC3O27,PSTP3ZA4KZS812846,Fiat,Mobi,hatch,2023,BR,GIG,Rio Galeao,available,,,,12365,TRK800122
LOQ6U15,YAHPYVBXNNAG54670,Volkswagen,Polo,hatch,2022,BR,CNF,Belo Horizonte Confins,on_rent,AGR-7485495,CUST-152062,"Oliveira, G.",43579,TRK800123
YVA7E82,FWAEGKHURNWGD7646,Volkswagen,T-Cross,suv,2023,BR,CWB,Curitiba Afonso Pena,available,,,,21505,TRK800124
LRU9T36,KYDX4MHLHGKC98475,Chevrolet,Onix,hatch,2023,BR,BSB,Brasilia Internacional,available,,,,87204,TRK800125
XAU7J33,PNN2CMEXNZKAB4813,Chevrolet,Tracker,suv,2022,BR,POA,Porto Alegre Salgado Filho,available,,,,81792,TRK800126
KUC3L28,KPLPGJW7X34XC8199,Hyundai,HB20,hatch,2022,BR,SSA,Salvador Deputado Magalhaes,in_service,,,,15136,TRK800127
NSO-3346,LZF5YMBL30VHD2762,Hyundai,Elantra,sedan,2024,NA,DFW,Dallas Fort Worth,on_rent,AGR-3658100,CUST-613358,"Johnson, E.",135444,TRK800128
AKY-9700,GAY0FENK86RZK2736,Jeep,Grand Cherokee,suv,2022,NA,ATL,Atlanta Hartsfield,on_rent,AGR-1767026,CUST-412687,"Jones, R.",125215,TRK800129
LYG-3701,NAHE8D1ZA7P2R4190,Kia,Telluride,suv,2024,NA,ORD,Chicago O'Hare,available,,,,22271,TRK800130
OMD-9966,JSZ9D0KT6H8T68381,Tesla,Model 3,sedan,2025,NA,LAX,Los Angeles International,on_rent,AGR-2975258,CUST-396439,"Johnson, D.",117806,TRK800131
RPG-8875,LHA057Y95Z46G3787,Toyota,Camry,sedan,2024,NA,MCO,Orlando International,on_rent,AGR-5966428,CUST-376955,"Davis, B.",46413,TRK800132
DYB-1158,EYXAMNVH5PMB76566,Toyota,RAV4,suv,2024,NA,DEN,Denver International,available,,,,120289,TRK800133
ZFD-3171,ZBF6TXVBRN18X7997,Chevrolet,Malibu,sedan,2022,NA,PHX,Phoenix Sky Harbor,available,,,,94457,TRK800134
QYX-4669,YLT6UFXNR930A8283,Chevrolet,Equinox,suv,2024,NA,YYZ,Toronto Pearson,available,,,,72898,TRK800135
BQ38 RUM,NHCWVV5YVL7Y11681,Skoda,Octavia,sedan,2024,EU,LHR,London Heathrow,in_service,,,,19998,TRK800136
QR36 UVO,LMBEWMXPV76E05592,Opel,Corsa,hatch,2023,EU,CDG,Paris Charles de Gaulle,on_rent,AGR-5898671,CUST-674295,"Silva, M.",26646,TRK800137
GD60 GOZ,GZL6T27VWZ8Y08689,BMW,1 Series,hatch,2025,EU,FRA,Frankfurt am Main,on_rent,AGR-1814896,CUST-680099,"Andersson, S.",99363,TRK800138
TK74 MNT,ZHJSMJV88TZKL9069,Mercedes-Benz,A-Class,hatch,2025,EU,MAD,Madrid Barajas,on_rent,AGR-4646403,CUST-310647,"Garcia, K.",101773,TRK800139
WD55 RPS,VYZTJU061R9333275,Fiat,500e,hatch,2023,EU,MXP,Milan Malpensa,on_rent,AGR-3700047,CUST-400538,"Schmidt, J.",35029,TRK800140
VX81 HXU,UNHZJ3RRTL30G3327,Seat,Leon,hatch,2024,EU,AMS,Amsterdam Schiphol,on_rent,AGR-8433377,CUST-970300,"Garcia, M.",110548,TRK800141
FF75 DMB,PJUG8AG0MW9295285,Ford,Puma,suv,2024,EU,MUC,Munich Franz Josef Strauss,on_rent,AGR-1853212,CUST-911242,"Schmidt, K.",111550,TRK800142
QF63 RRM,CMHDMMPJDX07N7301,Citroen,C3,hatch,2023,EU,LIS,Lisbon Humberto Delgado,on_rent,AGR-5090740,CUST-141814,"Schmidt, L.",41927,TRK800143
QZQ7P05,KXGLZ56A04DDU1702,Fiat,Cronos,sedan,2023,BR,GRU,Sao Paulo Guarulhos,on_rent,AGR-8302077,CUST-777968,"Santos, E.",17707,TRK800144
INM7U51,PLAR70424NZ6J4937,Fiat,Argo,hatch,2024,BR,CGH,Sao Paulo Congonhas,on_rent,AGR-2451316,CUST-395192,"Rodrigues, N.",78517,TRK800145
RJU2J86,XMA9720S5KDND6760,Fiat,Mobi,hatch,2025,BR,GIG,Rio Galeao,available,,,,89429,TRK800146
SBY8O82,UCK4G6CYMN8F64671,Volkswagen,Polo,hatch,2024,BR,CNF,Belo Horizonte Confins,on_rent,AGR-2171198,CUST-302897,"Pereira, S.",85168,TRK800147
AKH3W94,XPJP8MXWVNKY62879,Volkswagen,T-Cross,suv,2025,BR,CWB,Curitiba Afonso Pena,on_rent,AGR-2375290,CUST-982683,"Lima, E.",90714,TRK800148
UAS9M98,VGBGX9PSEJ8WZ8362,Chevrolet,Onix,hatch,2022,BR,BSB,Brasilia Internacional,available,,,,119934,TRK800149
QEO2F72,VYEXN2EYE4GPE0701,Chevrolet,Tracker,suv,2025,BR,POA,Porto Alegre Salgado Filho,on_rent,AGR-4469093,CUST-643042,"Pereira, N.",137536,TRK800150
XIS8S22,NXNP4GRESNNYX9899,Hyundai,HB20,hatch,2022,BR,SSA,Salvador Deputado Magalhaes,on_rent,AGR-9419427,CUST-245718,"Rodrigues, F.",27832,TRK800151
VHN-6410,DSYXXDAT1F28A2207,Hyundai,Elantra,sedan,2025,NA,DFW,Dallas Fort Worth,available,,,,29957,TRK800152
SUA-5644,CGRXXAET9BZGA5614,Jeep,Grand Cherokee,suv,2024,NA,ATL,Atlanta Hartsfield,on_rent,AGR-2154992,CUST-340977,"Miller, N.",128036,TRK800153
TTB-9706,TDCX80UTP2UEX6246,Kia,Telluride,suv,2023,NA,ORD,Chicago O'Hare,on_rent,AGR-2639417,CUST-546157,"Williams, J.",45468,TRK800154
ZAS-9561,DTARDLTP69UGG8783,Tesla,Model 3,sedan,2024,NA,LAX,Los Angeles International,on_rent,AGR-7134489,CUST-741603,"Jones, N.",71690,TRK800155
LYW-7522,EYDEVA6DZSM3A6375,Toyota,Camry,sedan,2025,NA,MCO,Orlando International,on_rent,AGR-1088762,CUST-943442,"Johnson, E.",42755,TRK800156
MTU-9536,KZW3BYV0CJC2Z8451,Toyota,RAV4,suv,2025,NA,DEN,Denver International,available,,,,39582,TRK800157
YML-7474,NVG045JNNHECW6618,Chevrolet,Malibu,sedan,2024,NA,PHX,Phoenix Sky Harbor,on_rent,AGR-1078038,CUST-373791,"Williams, P.",52986,TRK800158
ZSI-8254,NVSFMWW1X7G4R3610,Chevrolet,Equinox,suv,2025,NA,YYZ,Toronto Pearson,on_rent,AGR-4857587,CUST-939030,"Garcia, P.",117942,TRK800159
KC80 FPK,MGVHBCYCFFGDE3322,Skoda,Octavia,sedan,2023,EU,LHR,London Heathrow,available,,,,23824,TRK800160
PT10 YRB,SMWLYHYBZHSE80887,Opel,Corsa,hatch,2024,EU,CDG,Paris Charles de Gaulle,in_service,,,,74327,TRK800161
FO25 WQO,LZA0DR6LPGBGF4413,BMW,1 Series,hatch,2024,EU,FRA,Frankfurt am Main,available,,,,63960,TRK800162
LM45 OFS,EVYE6HFURC99X0159,Mercedes-Benz,A-Class,hatch,2023,EU,MAD,Madrid Barajas,available,,,,91246,TRK800163
IR82 BMD,ZFBDGX6VMGPPG5638,Fiat,500e,hatch,2022,EU,MXP,Milan Malpensa,on_rent,AGR-7908201,CUST-227126,"Jansen, G.",137387,TRK800164
OC58 TJO,XEFMTS45AMELL4773,Seat,Leon,hatch,2025,EU,AMS,Amsterdam Schiphol,on_rent,AGR-5487442,CUST-734792,"Schmidt, N.",56002,TRK800165
AE40 VIX,ZCGAS664X31S51702,Ford,Puma,suv,2023,EU,MUC,Munich Franz Josef Strauss,on_rent,AGR-3605071,CUST-188406,"Schmidt, N.",90757,TRK800166
KP69 RIR,REZBWUKNXE5VK5992,Citroen,C3,hatch,2024,EU,LIS,Lisbon Humberto Delgado,on_rent,AGR-5358838,CUST-263281,"Novak, A.",53436,TRK800167
YPJ0Y55,KWH0PCTUSFARR3614,Fiat,Cronos,sedan,2023,BR,GRU,Sao Paulo Guarulhos,in_service,,,,113595,TRK800168
IJU8Z34,PGCB8J7WVHYCL0317,Fiat,Argo,hatch,2023,BR,CGH,Sao Paulo Congonhas,available,,,,21500,TRK800169
XAH1E01,SGLTKYPW2M5934366,Fiat,Mobi,hatch,2024,BR,GIG,Rio Galeao,available,,,,119083,TRK800170
DYW3M98,RHBCW6DXRKLA29004,Volkswagen,Polo,hatch,2024,BR,CNF,Belo Horizonte Confins,available,,,,55576,TRK800171
DHU6K01,FJV7SF02X9P5F2583,Volkswagen,T-Cross,suv,2024,BR,CWB,Curitiba Afonso Pena,available,,,,139600,TRK800172
WRZ1E62,HLUNVC1RN8G2Y7168,Chevrolet,Onix,hatch,2024,BR,BSB,Brasilia Internacional,on_rent,AGR-5944490,CUST-669097,"Araujo, S.",104767,TRK800173
RFC8E57,KJUPW0ZRB1PFL1037,Chevrolet,Tracker,suv,2025,BR,POA,Porto Alegre Salgado Filho,in_service,,,,98186,TRK800174
NUK1D66,YCB8B2C6YC62R8026,Hyundai,HB20,hatch,2024,BR,SSA,Salvador Deputado Magalhaes,on_rent,AGR-5293936,CUST-151470,"Pereira, H.",35605,TRK800175
BLR-7814,MZBH24K4D66ER3104,Hyundai,Elantra,sedan,2023,NA,DFW,Dallas Fort Worth,on_rent,AGR-9828037,CUST-788784,"Brown, F.",109153,TRK800176
NDF-3955,UNTMAVNLLPTUL9968,Jeep,Grand Cherokee,suv,2023,NA,ATL,Atlanta Hartsfield,available,,,,130251,TRK800177
OMA-1567,KWA8K0KEDL1HZ9114,Kia,Telluride,suv,2024,NA,ORD,Chicago O'Hare,in_service,,,,54947,TRK800178
HIZ-5920,CVND4LXBY6K2R1285,Tesla,Model 3,sedan,2022,NA,LAX,Los Angeles International,on_rent,AGR-6610127,CUST-464831,"Miller, P.",106794,TRK800179
BJQ-1674,LUV9LZE93SVZ53638,Toyota,Camry,sedan,2024,NA,MCO,Orlando International,on_rent,AGR-5861752,CUST-924566,"Miller, E.",14528,TRK800180
EYE-8879,UGSSCFF4HUL576776,Toyota,RAV4,suv,2024,NA,DEN,Denver International,on_rent,AGR-7128174,CUST-465227,"Brown, L.",30377,TRK800181
TEO-1735,HGYP9573F9J0M1823,Chevrolet,Malibu,sedan,2023,NA,PHX,Phoenix Sky Harbor,available,,,,79017,TRK800182
PTX-3315,ZZY1R2GA3JCH37617,Chevrolet,Equinox,suv,2025,NA,YYZ,Toronto Pearson,on_rent,AGR-1139824,CUST-169832,"Miller, J.",22326,TRK800183
QW22 KPT,UCFCZW12FKMYS2572,Skoda,Octavia,sedan,2022,EU,LHR,London Heathrow,on_rent,AGR-6818001,CUST-817552,"Jansen, M.",74275,TRK800184
AR45 HEK,NYE5RETF9UKMV8883,Opel,Corsa,hatch,2023,EU,CDG,Paris Charles de Gaulle,available,,,,113614,TRK800185
QE65 YEU,VFL47BL91LTTK7258,BMW,1 Series,hatch,2025,EU,FRA,Frankfurt am Main,on_rent,AGR-5593537,CUST-259338,"Garcia, D.",89539,TRK800186
AL20 WYP,ETWXPBRYX8ACE0528,Mercedes-Benz,A-Class,hatch,2024,EU,MAD,Madrid Barajas,on_rent,AGR-1251897,CUST-382967,"Andersson, H.",16821,TRK800187
PW51 OHN,NBWRLS26VW2FS0643,Fiat,500e,hatch,2024,EU,MXP,Milan Malpensa,available,,,,33060,TRK800188
YJ69 FNJ,WBZ9WV5Z7B8ST5299,Seat,Leon,hatch,2024,EU,AMS,Amsterdam Schiphol,available,,,,126245,TRK800189
UW30 WXD,CDZVP5RZARR2A5491,Ford,Puma,suv,2024,EU,MUC,Munich Franz Josef Strauss,on_rent,AGR-3518087,CUST-269999,"Rossi, F.",104483,TRK800190
GA89 YIA,RSS0YFDXWTV504009,Citroen,C3,hatch,2024,EU,LIS,Lisbon Humberto Delgado,on_rent,AGR-5665960,CUST-749871,"Schmidt, W.",15339,TRK800191
TJK1B13,PFFJBWP25KLPR1108,Fiat,Cronos,sedan,2024,BR,GRU,Sao Paulo Guarulhos,on_rent,AGR-2089275,CUST-407057,"Rodrigues, E.",62719,TRK800192
UQC7X88,WZKULGN8YYYBE4759,Fiat,Argo,hatch,2023,BR,CGH,Sao Paulo Congonhas,on_rent,AGR-1026523,CUST-223949,"Silva, R.",113596,TRK800193
UGA3W36,JCKKZL07MMS1B3178,Fiat,Mobi,hatch,2023,BR,GIG,Rio Galeao,on_rent,AGR-6669639,CUST-805139,"Rodrigues, S.",90890,TRK800194
NXB8J72,YLU1DMN49H1MR8753,Volkswagen,Polo,hatch,2023,BR,CNF,Belo Horizonte Confins,on_rent,AGR-7535837,CUST-296481,"Nascimento, D.",49579,TRK800195
OJG8J22,DMBC5VZ1XZ9CM7921,Volkswagen,T-Cross,suv,2025,BR,CWB,Curitiba Afonso Pena,on_rent,AGR-9785019,CUST-425434,"Pereira, E.",76203,TRK800196
QDA4B87,WCLW26K1KDLCC4695,Chevrolet,Onix,hatch,2023,BR,BSB,Brasilia Internacional,on_rent,AGR-9930106,CUST-434652,"Rodrigues, D.",134568,TRK800197
IEW4S31,FCKMV381X36R31410,Chevrolet,Tracker,suv,2024,BR,POA,Porto Alegre Salgado Filho,on_rent,AGR-7575272,CUST-287677,"Araujo, R.",102206,TRK800198
YYO9E11,ZRDWKWXEE9GPS3004,Hyundai,HB20,hatch,2025,BR,SSA,Salvador Deputado Magalhaes,in_service,,,,50868,TRK800199
POF-5624,MWV8Z6S6L4KWS9675,Hyundai,Elantra,sedan,2024,NA,DFW,Dallas Fort Worth,on_rent,AGR-5002629,CUST-751034,"Brown, W.",35503,TRK800200
SZK-9921,ZHF4Y7WL6VBKS1140,Jeep,Grand Cherokee,suv,2024,NA,ATL,Atlanta Hartsfield,in_service,,,,58016,TRK800201
CGE-1003,EYEVJRVCDLKKU5640,Kia,Telluride,suv,2022,NA,ORD,Chicago O'Hare,available,,,,119888,TRK800202
BAW-6885,DKAFUSLRSRUDB7780,Tesla,Model 3,sedan,2023,NA,LAX,Los Angeles International,on_rent,AGR-4157922,CUST-682401,"Miller, M.",96560,TRK800203
PVN-3224,CEXTWUBWZUVRN3698,Toyota,Camry,sedan,2023,NA,MCO,Orlando International,on_rent,AGR-8126489,CUST-733941,"Smith, S.",62310,TRK800204
SPW-7038,DVS59HW55FX4K0864,Toyota,RAV4,suv,2023,NA,DEN,Denver International,in_service,,,,127599,TRK800205
ZJJ-3744,BZWKG3XA3J1JY1351,Chevrolet,Malibu,sedan,2023,NA,PHX,Phoenix Sky Harbor,on_rent,AGR-9482495,CUST-180595,"Jones, J.",9936,TRK800206
OLZ-3873,JZHYB2M599YTR3898,Chevrolet,Equinox,suv,2025,NA,YYZ,Toronto Pearson,on_rent,AGR-8385078,CUST-861265,"Anderson, F.",92795,TRK800207
JP78 HMV,ZNSG9U0JVRL268704,Skoda,Octavia,sedan,2025,EU,LHR,London Heathrow,on_rent,AGR-6936250,CUST-985249,"Andersson, J.",94373,TRK800208
XV85 YGQ,LYZBL0040T66V5759,Opel,Corsa,hatch,2023,EU,CDG,Paris Charles de Gaulle,available,,,,89760,TRK800209
GT91 DWD,CWERB7BGJW4WH6995,BMW,1 Series,hatch,2025,EU,FRA,Frankfurt am Main,on_rent,AGR-6425820,CUST-369836,"Rossi, C.",139551,TRK800210
GT60 FUP,DEUUD6VG6244G7305,Mercedes-Benz,A-Class,hatch,2022,EU,MAD,Madrid Barajas,on_rent,AGR-9350043,CUST-256085,"Schmidt, A.",100508,TRK800211
PP65 MXY,CUH0RX7NMKS355985,Fiat,500e,hatch,2024,EU,MXP,Milan Malpensa,on_rent,AGR-6705306,CUST-184365,"Kowalski, K.",58739,TRK800212
UW55 PCU,RGE2C1FYR4KYV0268,Seat,Leon,hatch,2022,EU,AMS,Amsterdam Schiphol,available,,,,61527,TRK800213
QO96 REX,VHC29Y1X2F80B0818,Ford,Puma,suv,2023,EU,MUC,Munich Franz Josef Strauss,available,,,,118266,TRK800214
DP86 ZTH,CGPMSL78LD2BM1035,Citroen,C3,hatch,2022,EU,LIS,Lisbon Humberto Delgado,available,,,,56830,TRK800215
EDZ9M99,FAS500B5JTX8D2344,Fiat,Cronos,sedan,2025,BR,GRU,Sao Paulo Guarulhos,on_rent,AGR-5545782,CUST-648496,"Rodrigues, P.",86805,TRK800216
JLN0R30,GDT6PZEWDH3C72444,Fiat,Argo,hatch,2025,BR,CGH,Sao Paulo Congonhas,on_rent,AGR-8959326,CUST-621682,"Oliveira, F.",45735,TRK800217
YOB1X06,UFF1YZ74FVLTC5336,Fiat,Mobi,hatch,2023,BR,GIG,Rio Galeao,available,,,,105383,TRK800218
PSP0N18,GWRBRP8WCNHCM2084,Volkswagen,Polo,hatch,2022,BR,CNF,Belo Horizonte Confins,on_rent,AGR-2000789,CUST-394234,"Oliveira, D.",53459,TRK800219
UTF9R29,CPTYDXWH0UFFL7114,Volkswagen,T-Cross,suv,2024,BR,CWB,Curitiba Afonso Pena,available,,,,128616,TRK800220
PXY8B54,TNS6VYF50TD8N4846,Chevrolet,Onix,hatch,2023,BR,BSB,Brasilia Internacional,on_rent,AGR-2522188,CUST-116703,"Rodrigues, K.",85145,TRK800221
FZL7W81,AXCRM2JUHD5M38433,Chevrolet,Tracker,suv,2025,BR,POA,Porto Alegre Salgado Filho,on_rent,AGR-7106747,CUST-154067,"Santos, N.",31162,TRK800222
GEK3R14,XSVDELNHZUH346108,Hyundai,HB20,hatch,2023,BR,SSA,Salvador Deputado Magalhaes,available,,,,70062,TRK800223
JOT-7031,YZCCW55SBJ46A4521,Hyundai,Elantra,sedan,2022,NA,DFW,Dallas Fort Worth,available,,,,76731,TRK800224
REP-6680,PRX1JC41EMTML7965,Jeep,Grand Cherokee,suv,2024,NA,ATL,Atlanta Hartsfield,on_rent,AGR-9894713,CUST-982804,"Martinez, R.",48538,TRK800225
BEL-5659,RFWAJBB9AF72L9413,Kia,Telluride,suv,2023,NA,ORD,Chicago O'Hare,on_rent,AGR-8396883,CUST-373056,"Garcia, F.",137210,TRK800226
RJD-1408,NSEWL90ZMJXJ99260,Tesla,Model 3,sedan,2025,NA,LAX,Los Angeles International,in_service,,,,104577,TRK800227
JAM-4610,RMCL3CEHC15V58385,Toyota,Camry,sedan,2024,NA,MCO,Orlando International,on_rent,AGR-4262330,CUST-614290,"Garcia, T.",27624,TRK800228
LJO-2435,GRPVJAUT859DK7776,Toyota,RAV4,suv,2024,NA,DEN,Denver International,on_rent,AGR-6627359,CUST-169327,"Wilson, N.",62759,TRK800229
EGF-7254,KUS2KKYWE109G4917,Chevrolet,Malibu,sedan,2025,NA,PHX,Phoenix Sky Harbor,available,,,,125835,TRK800230
HAD-5541,SCWPXUGX7PZ1G2668,Chevrolet,Equinox,suv,2024,NA,YYZ,Toronto Pearson,on_rent,AGR-1981641,CUST-253235,"Garcia, R.",43992,TRK800231
QU19 QGY,XFDALLKHP6N902243,Skoda,Octavia,sedan,2024,EU,LHR,London Heathrow,on_rent,AGR-5721406,CUST-491133,"Kowalski, P.",28508,TRK800232
TW77 RWR,ZDPW4781XNKP87240,Opel,Corsa,hatch,2024,EU,CDG,Paris Charles de Gaulle,available,,,,48218,TRK800233
WE98 HJE,GECU741XU2C628412,BMW,1 Series,hatch,2024,EU,FRA,Frankfurt am Main,on_rent,AGR-1994305,CUST-591868,"Dubois, J.",20772,TRK800234
VL13 CEX,JVMNAZFZ460DC4617,Mercedes-Benz,A-Class,hatch,2023,EU,MAD,Madrid Barajas,on_rent,AGR-1072627,CUST-860583,"Dubois, G.",100164,TRK800235
MN37 QHN,DLDW78YPJ25LY1895,Fiat,500e,hatch,2024,EU,MXP,Milan Malpensa,on_rent,AGR-5758210,CUST-579142,"Murphy, K.",61834,TRK800236
ZP96 LFA,YSY6SV579SS6A1060,Seat,Leon,hatch,2023,EU,AMS,Amsterdam Schiphol,available,,,,138767,TRK800237
XP45 YWY,VVJSNXSYZH9W62001,Ford,Puma,suv,2023,EU,MUC,Munich Franz Josef Strauss,available,,,,11924,TRK800238
PV13 FMT,YLEK64YWCJYYZ4287,Citroen,C3,hatch,2024,EU,LIS,Lisbon Humberto Delgado,available,,,,133741,TRK800239
MOK6O58,BBFKAYU8KRY7Y9073,Fiat,Cronos,sedan,2025,BR,GRU,Sao Paulo Guarulhos,on_rent,AGR-8882244,CUST-599028,"Almeida, F.",136232,TRK800240
KBA9B16,MMV1MR6UNNTN34001,Fiat,Argo,hatch,2023,BR,CGH,Sao Paulo Congonhas,in_service,,,,98815,TRK800241
RKB7V54,VTPH1X1LRRL6Y1639,Fiat,Mobi,hatch,2025,BR,GIG,Rio Galeao,on_rent,AGR-4454568,CUST-452287,"Rodrigues, T.",47637,TRK800242
CRG4I06,KVNE56MH4XUDN1256,Volkswagen,Polo,hatch,2025,BR,CNF,Belo Horizonte Confins,on_rent,AGR-6064152,CUST-629152,"Lima, P.",41270,TRK800243
UWQ2S63,GYRHU3CPW9F9K7133,Volkswagen,T-Cross,suv,2024,BR,CWB,Curitiba Afonso Pena,on_rent,AGR-6346113,CUST-970542,"Santos, G.",29278,TRK800244
AHZ4O62,UPP2CAH81GHB27960,Chevrolet,Onix,hatch,2022,BR,BSB,Brasilia Internacional,on_rent,AGR-1928237,CUST-188006,"Pereira, K.",56074,TRK800245
XEH1S94,TDTGY5F7LMRFU3571,Chevrolet,Tracker,suv,2023,BR,POA,Porto Alegre Salgado Filho,in_service,,,,61906,TRK800246
WDK8N60,YHJ9PXPK123FG9055,Hyundai,HB20,hatch,2024,BR,SSA,Salvador Deputado Magalhaes,on_rent,AGR-6188664,CUST-769986,"Araujo, M.",39230,TRK800247
IJC-4857,KGFVLT2H5YXTM6920,Hyundai,Elantra,sedan,2022,NA,DFW,Dallas Fort Worth,in_service,,,,54445,TRK800248
XKO-1448,BXXBV80SCKL572585,Jeep,Grand Cherokee,suv,2023,NA,ATL,Atlanta Hartsfield,available,,,,108737,TRK800249
ZKO-8837,EJFLJC5TPBSRE0339,Kia,Telluride,suv,2022,NA,ORD,Chicago O'Hare,available,,,,127704,TRK800250
FBM-8027,WJE5PA70UWY7E3328,Tesla,Model 3,sedan,2023,NA,LAX,Los Angeles International,on_rent,AGR-5466142,CUST-401950,"Taylor, S.",36506,TRK800251
ZEA-5754,JHWVFPW50X8LS3476,Toyota,Camry,sedan,2025,NA,MCO,Orlando International,on_rent,AGR-7433986,CUST-842866,"Miller, J.",130976,TRK800252
ZTW-1745,AJTRKSP82BGAZ8074,Toyota,RAV4,suv,2023,NA,DEN,Denver International,on_rent,AGR-8853160,CUST-238327,"Johnson, L.",49440,TRK800253
IXL-8046,KJWGLUALY9V3C2435,Chevrolet,Malibu,sedan,2022,NA,PHX,Phoenix Sky Harbor,in_service,,,,101187,TRK800254
PBO-6841,ZUSWY797N5DJB2757,Chevrolet,Equinox,suv,2025,NA,YYZ,Toronto Pearson,in_service,,,,85309,TRK800255
QY83 FNC,HSY6M1J7SP6L90473,Skoda,Octavia,sedan,2022,EU,LHR,London Heathrow,in_service,,,,90943,TRK800256
KB93 TOK,VEG3JL34R5SGB3933,Opel,Corsa,hatch,2024,EU,CDG,Paris Charles de Gaulle,available,,,,110893,TRK800257
UE25 JPZ,PKY8N6PZCYVRX4398,BMW,1 Series,hatch,2024,EU,FRA,Frankfurt am Main,available,,,,56607,TRK800258
QK69 VHU,YZEY5JWU5XK984921,Mercedes-Benz,A-Class,hatch,2023,EU,MAD,Madrid Barajas,on_rent,AGR-9776028,CUST-548509,"Novak, B.",75474,TRK800259
IL42 SCY,TADWBBS25TKLW7371,Fiat,500e,hatch,2024,EU,MXP,Milan Malpensa,available,,,,114921,TRK800260
IV23 NRA,AND0AXWSYKPSK1435,Seat,Leon,hatch,2023,EU,AMS,Amsterdam Schiphol,on_rent,AGR-3266835,CUST-114549,"Garcia, D.",11642,TRK800261
ZR34 CJY,RESU17A9VYX1V9588,Ford,Puma,suv,2023,EU,MUC,Munich Franz Josef Strauss,on_rent,AGR-4377898,CUST-409153,"Murphy, N.",102130,TRK800262
TX80 JBP,NSTYE31UL4HTX1915,Citroen,C3,hatch,2024,EU,LIS,Lisbon Humberto Delgado,available,,,,65582,TRK800263
PLO3Q28,VYLW8JRTPXADJ1412,Fiat,Cronos,sedan,2025,BR,GRU,Sao Paulo Guarulhos,available,,,,72969,TRK800264
PJH3R06,AMJNABZ24MU7E1977,Fiat,Argo,hatch,2024,BR,CGH,Sao Paulo Congonhas,in_service,,,,54892,TRK800265
IEW8T85,DZBVW7662Z6A73365,Fiat,Mobi,hatch,2023,BR,GIG,Rio Galeao,available,,,,74778,TRK800266
KED3O53,AHSMJZA5HPTPF2483,Volkswagen,Polo,hatch,2024,BR,CNF,Belo Horizonte Confins,on_rent,AGR-8075324,CUST-925455,"Souza, E.",68555,TRK800267
EYA8C10,LLNAU3S293JTS9070,Volkswagen,T-Cross,suv,2023,BR,CWB,Curitiba Afonso Pena,on_rent,AGR-6262932,CUST-460875,"Silva, J.",61380,TRK800268
OWL6Y25,KCBMR8JD5ZKMA0383,Chevrolet,Onix,hatch,2022,BR,BSB,Brasilia Internacional,on_rent,AGR-5340101,CUST-353063,"Lima, P.",57333,TRK800269
DOJ9X00,RLHENKJ8RF6LC5919,Chevrolet,Tracker,suv,2024,BR,POA,Porto Alegre Salgado Filho,on_rent,AGR-2643963,CUST-253672,"Araujo, P.",125384,TRK800270
SRQ6I74,SXPVYTA9Z8YW88408,Hyundai,HB20,hatch,2024,BR,SSA,Salvador Deputado Magalhaes,on_rent,AGR-2980687,CUST-828205,"Souza, R.",56814,TRK800271
SJB-9565,EDMKPKJY199T34999,Hyundai,Elantra,sedan,2023,NA,DFW,Dallas Fort Worth,on_rent,AGR-4616856,CUST-291970,"Taylor, S.",13951,TRK800272
MPX-3175,ETXWVV9L5TRES5554,Jeep,Grand Cherokee,suv,2024,NA,ATL,Atlanta Hartsfield,on_rent,AGR-1768727,CUST-803011,"Davis, J.",83540,TRK800273
RCG-9877,VBVCXZ17B1HDF9495,Kia,Telluride,suv,2024,NA,ORD,Chicago O'Hare,on_rent,AGR-2420156,CUST-946118,"Martinez, L.",11106,TRK800274
KMI-2491,DDUAJ9BG59KTA0965,Tesla,Model 3,sedan,2024,NA,LAX,Los Angeles International,available,,,,47339,TRK800275
IMD-1849,GHWFYZZR7H3LW9062,Toyota,Camry,sedan,2024,NA,MCO,Orlando International,on_rent,AGR-2098206,CUST-607690,"Smith, P.",81229,TRK800276
UZE-5990,VPR5ZD9PAFUV20016,Toyota,RAV4,suv,2024,NA,DEN,Denver International,available,,,,30094,TRK800277
ITI-7228,MXGZJ2A4K5S789117,Chevrolet,Malibu,sedan,2023,NA,PHX,Phoenix Sky Harbor,in_service,,,,113871,TRK800278
UIY-8417,JHYLMDWM180X00156,Chevrolet,Equinox,suv,2025,NA,YYZ,Toronto Pearson,in_service,,,,72545,TRK800279
UC78 AVO,YDMRNRB07WPCV0153,Skoda,Octavia,sedan,2023,EU,LHR,London Heathrow,on_rent,AGR-1331881,CUST-895262,"Novak, M.",114737,TRK800280
BI73 WWT,GAGS7HZYACB481065,Opel,Corsa,hatch,2023,EU,CDG,Paris Charles de Gaulle,in_service,,,,77047,TRK800281
WV78 TIV,URAU3LUTH7WYP8474,BMW,1 Series,hatch,2022,EU,FRA,Frankfurt am Main,on_rent,AGR-4767293,CUST-149246,"Novak, P.",52190,TRK800282
HW64 CHG,FLK461XU1MGF67759,Mercedes-Benz,A-Class,hatch,2023,EU,MAD,Madrid Barajas,in_service,,,,76597,TRK800283
OY22 UOS,DCB2RL483V3KU1077,Fiat,500e,hatch,2022,EU,MXP,Milan Malpensa,on_rent,AGR-1936000,CUST-686424,"Muller, K.",62363,TRK800284
OZ64 TTD,LXY1WMC6604C88337,Seat,Leon,hatch,2023,EU,AMS,Amsterdam Schiphol,on_rent,AGR-6962475,CUST-541457,"Kowalski, R.",24872,TRK800285
LJ84 RYE,ESKMJP093FZ3U5633,Ford,Puma,suv,2023,EU,MUC,Munich Franz Josef Strauss,available,,,,17029,TRK800286
OT98 KSS,LWKTMA6W2YE0E3772,Citroen,C3,hatch,2024,EU,LIS,Lisbon Humberto Delgado,on_rent,AGR-4575870,CUST-350629,"Kowalski, L.",117086,TRK800287
EJO3U74,MBACCJBEGBMFB3211,Fiat,Cronos,sedan,2022,BR,GRU,Sao Paulo Guarulhos,on_rent,AGR-3954088,CUST-983825,"Lima, D.",111972,TRK800288
ZLV2Q79,PZC798CCRPLUF0756,Fiat,Argo,hatch,2024,BR,CGH,Sao Paulo Congonhas,on_rent,AGR-4172607,CUST-995940,"Almeida, K.",113021,TRK800289
PGX1Z60,YWCAZRZPYWBLP8609,Fiat,Mobi,hatch,2025,BR,GIG,Rio Galeao,in_service,,,,84717,TRK800290
UBG3G57,HNGKURAPG585J7282,Volkswagen,Polo,hatch,2024,BR,CNF,Belo Horizonte Confins,available,,,,89989,TRK800291
ZPK4M03,FRHG4N5JZZ5HE1612,Volkswagen,T-Cross,suv,2022,BR,CWB,Curitiba Afonso Pena,on_rent,AGR-2197032,CUST-477735,"Silva, W.",47970,TRK800292
EYW8I01,KKMSS0XZ9SEED7773,Chevrolet,Onix,hatch,2023,BR,BSB,Brasilia Internacional,on_rent,AGR-9654113,CUST-715517,"Almeida, R.",49347,TRK800293
GOO8A47,EVEK0YNMETUSK5342,Chevrolet,Tracker,suv,2024,BR,POA,Porto Alegre Salgado Filho,available,,,,28287,TRK800294
TTS6M26,NCURCX6MVK5A69058,Hyundai,HB20,hatch,2023,BR,SSA,Salvador Deputado Magalhaes,on_rent,AGR-1537863,CUST-966621,"Araujo, S.",59024,TRK800295
LQA-3815,LPNA78TX4RD8D5075,Hyundai,Elantra,sedan,2024,NA,DFW,Dallas Fort Worth,on_rent,AGR-8965487,CUST-266494,"Wilson, K.",44443,TRK800296
ZHQ-6388,VSRW25JWNKSBT4081,Jeep,Grand Cherokee,suv,2023,NA,ATL,Atlanta Hartsfield,on_rent,AGR-8249042,CUST-580067,"Miller, F.",13858,TRK800297
RJV-2093,ZGST7P46ZLTVA4141,Kia,Telluride,suv,2023,NA,ORD,Chicago O'Hare,available,,,,99672,TRK800298
GMB-1175,JDZ8LWYW45FV87713,Tesla,Model 3,sedan,2023,NA,LAX,Los Angeles International,on_rent,AGR-3707281,CUST-278875,"Smith, D.",30281,TRK800299
FGW-1564,YUGV36RKV303R3305,Toyota,Camry,sedan,2023,NA,MCO,Orlando International,on_rent,AGR-7285495,CUST-350127,"Brown, C.",116319,TRK800300
DZV-3750,FBPZ6LLCDSU7E3502,Toyota,RAV4,suv,2022,NA,DEN,Denver International,in_service,,,,49744,TRK800301
IUT-7045,BCGTKY6AG6LR85440,Chevrolet,Malibu,sedan,2023,NA,PHX,Phoenix Sky Harbor,on_rent,AGR-6334600,CUST-992919,"Anderson, S.",67301,TRK800302
AHA-3032,KHPF538PYJC9R3348,Chevrolet,Equinox,suv,2025,NA,YYZ,Toronto Pearson,on_rent,AGR-1635969,CUST-349628,"Taylor, R.",93047,TRK800303
UJ13 HXK,LHG3FERLBV04Y1146,Skoda,Octavia,sedan,2023,EU,LHR,London Heathrow,in_service,,,,24574,TRK800304
GH74 CNX,RKFCFUBFKJVCH7883,Opel,Corsa,hatch,2022,EU,CDG,Paris Charles de Gaulle,on_rent,AGR-7032783,CUST-517589,"Andersson, F.",65215,TRK800305
NC48 TRE,UFJRWKWJRX4M87688,BMW,1 Series,hatch,2023,EU,FRA,Frankfurt am Main,on_rent,AGR-3595845,CUST-298837,"Muller, A.",61510,TRK800306
MP49 USC,PBDRACUGNZYP36313,Mercedes-Benz,A-Class,hatch,2024,EU,MAD,Madrid Barajas,available,,,,115333,TRK800307
WV92 EIT,RYEGFA075RS5C6929,Fiat,500e,hatch,2023,EU,MXP,Milan Malpensa,available,,,,135734,TRK800308
NY21 DUS,MEJDSK0AY064T8600,Seat,Leon,hatch,2024,EU,AMS,Amsterdam Schiphol,on_rent,AGR-5837546,CUST-868650,"Andersson, F.",72319,TRK800309
GB33 ZYG,JPR6A5J5R7H4M0486,Ford,Puma,suv,2024,EU,MUC,Munich Franz Josef Strauss,on_rent,AGR-4938956,CUST-601111,"Kowalski, D.",95837,TRK800310
MT76 YIP,SLWUMPMLFPSR35833,Citroen,C3,hatch,2023,EU,LIS,Lisbon Humberto Delgado,on_rent,AGR-2680697,CUST-103234,"Kowalski, N.",87550,TRK800311
HLO9V84,STPC0L1P2LVEY6556,Fiat,Cronos,sedan,2025,BR,GRU,Sao Paulo Guarulhos,available,,,,130956,TRK800312
WDX6J77,GZEZ28Y5KWAV77899,Fiat,Argo,hatch,2025,BR,CGH,Sao Paulo Congonhas,in_service,,,,132636,TRK800313
AFK6Y35,HJYX78Y5ME4MR6252,Fiat,Mobi,hatch,2025,BR,GIG,Rio Galeao,on_rent,AGR-8331010,CUST-947718,"Souza, H.",53000,TRK800314
SLE5M73,AKBCRULP8E6S08819,Volkswagen,Polo,hatch,2024,BR,CNF,Belo Horizonte Confins,in_service,,,,36895,TRK800315
XVZ0T40,KTZ7HXDYJR3M93450,Volkswagen,T-Cross,suv,2025,BR,CWB,Curitiba Afonso Pena,on_rent,AGR-4776077,CUST-834430,"Araujo, B.",104016,TRK800316
FAR6K54,YSMSS4JJCS68L9509,Chevrolet,Onix,hatch,2022,BR,BSB,Brasilia Internacional,in_service,,,,29608,TRK800317
JEG3Z95,GXAP69RUA36NX2943,Chevrolet,Tracker,suv,2022,BR,POA,Porto Alegre Salgado Filho,available,,,,65264,TRK800318
HBD3M62,KZWBR5WRHVP071910,Hyundai,HB20,hatch,2022,BR,SSA,Salvador Deputado Magalhaes,available,,,,37691,TRK800319
PIW-2549,VFNXUK86L4BS16451,Hyundai,Elantra,sedan,2024,NA,DFW,Dallas Fort Worth,in_service,,,,16439,TRK800320
UDY-4399,YDFB0VL728DA59215,Jeep,Grand Cherokee,suv,2023,NA,ATL,Atlanta Hartsfield,on_rent,AGR-1587291,CUST-188720,"Johnson, T.",137008,TRK800321
ZJV-9750,REVYLNZD62F2C2321,Kia,Telluride,suv,2023,NA,ORD,Chicago O'Hare,on_rent,AGR-4610673,CUST-240727,"Wilson, W.",90228,TRK800322
MOC-5164,YPZ9D4HCPZAT95183,Tesla,Model 3,sedan,2024,NA,LAX,Los Angeles International,on_rent,AGR-7357590,CUST-127168,"Wilson, H.",80454,TRK800323
IEZ-4698,JADRER67BKY6N9374,Toyota,Camry,sedan,2023,NA,MCO,Orlando International,on_rent,AGR-5547530,CUST-736975,"Johnson, B.",53563,TRK800324
MPS-3090,JAYZ989RH3PFT7500,Toyota,RAV4,suv,2023,NA,DEN,Denver International,on_rent,AGR-8364526,CUST-471197,"Davis, T.",102871,TRK800325
JNY-6123,CXC4F5A35JY0U8334,Chevrolet,Malibu,sedan,2025,NA,PHX,Phoenix Sky Harbor,on_rent,AGR-3288888,CUST-602955,"Davis, T.",24519,TRK800326
AWN-9754,MHY2VAEB4P8ZN0834,Chevrolet,Equinox,suv,2024,NA,YYZ,Toronto Pearson,available,,,,52611,TRK800327
YD47 JPJ,JGASDKZ2WY3N07542,Skoda,Octavia,sedan,2023,EU,LHR,London Heathrow,available,,,,103361,TRK800328
GC77 QEN,DSA9GEXSPKPUB8788,Opel,Corsa,hatch,2023,EU,CDG,Paris Charles de Gaulle,on_rent,AGR-2823599,CUST-559876,"Schmidt, R.",55497,TRK800329
MN52 BFV,GSYH7TYY8LSZR2153,BMW,1 Series,hatch,2022,EU,FRA,Frankfurt am Main,on_rent,AGR-2809919,CUST-931219,"Muller, E.",39324,TRK800330
XA65 PJJ,SCPF9ZBFH7GFU3250,Mercedes-Benz,A-Class,hatch,2024,EU,MAD,Madrid Barajas,in_service,,,,74308,TRK800331
SU91 EHD,ENBHC9U1C53RT8601,Fiat,500e,hatch,2023,EU,MXP,Milan Malpensa,in_service,,,,64242,TRK800332
DI56 ILW,PHL3B203LDJXH9937,Seat,Leon,hatch,2022,EU,AMS,Amsterdam Schiphol,on_rent,AGR-8229428,CUST-293818,"Novak, S.",9887,TRK800333
LX85 QTL,HXJDR56872CCV1616,Ford,Puma,suv,2022,EU,MUC,Munich Franz Josef Strauss,on_rent,AGR-6752873,CUST-416120,"Bianchi, S.",13835,TRK800334
RL56 OUW,DPCXTZ1AH8J233116,Citroen,C3,hatch,2025,EU,LIS,Lisbon Humberto Delgado,on_rent,AGR-7668839,CUST-619072,"Schmidt, W.",107096,TRK800335
FAF9G75,ZATWZGKEJH7AE0747,Fiat,Cronos,sedan,2024,BR,GRU,Sao Paulo Guarulhos,on_rent,AGR-4996614,CUST-406019,"Silva, E.",123340,TRK800336
GRD0U44,XWML5G8TJL30N3592,Fiat,Argo,hatch,2025,BR,CGH,Sao Paulo Congonhas,in_service,,,,78935,TRK800337
YSD6U32,XXWDVELHDS9VE7109,Fiat,Mobi,hatch,2023,BR,GIG,Rio Galeao,available,,,,68639,TRK800338
XFU4A39,FFNC494UFWS680193,Volkswagen,Polo,hatch,2024,BR,CNF,Belo Horizonte Confins,on_rent,AGR-2673190,CUST-496230,"Costa, A.",131448,TRK800339
TAZ0Z13,ULZ5C8XVAKMX93994,Volkswagen,T-Cross,suv,2022,BR,CWB,Curitiba Afonso Pena,on_rent,AGR-5487177,CUST-757966,"Almeida, D.",21593,TRK800340
HNM2L83,KHYR7YA7E6JN45467,Chevrolet,Onix,hatch,2022,BR,BSB,Brasilia Internacional,on_rent,AGR-7048077,CUST-188923,"Silva, E.",97755,TRK800341
LDI7V47,JZC099L9RVX479467,Chevrolet,Tracker,suv,2024,BR,POA,Porto Alegre Salgado Filho,on_rent,AGR-5672054,CUST-251695,"Santos, L.",50174,TRK800342
KEZ3M53,USUYER5TE5FP03330,Hyundai,HB20,hatch,2022,BR,SSA,Salvador Deputado Magalhaes,on_rent,AGR-7080036,CUST-685498,"Rodrigues, E.",120076,TRK800343
RNH-4452,HBE79R1UP364X9730,Hyundai,Elantra,sedan,2023,NA,DFW,Dallas Fort Worth,on_rent,AGR-1506432,CUST-254021,"Garcia, E.",115478,TRK800344
XQW-5907,SPLV0J7932BZA0178,Jeep,Grand Cherokee,suv,2024,NA,ATL,Atlanta Hartsfield,available,,,,81149,TRK800345
QJW-4724,PFJ5R8DS3ESB47674,Kia,Telluride,suv,2024,NA,ORD,Chicago O'Hare,in_service,,,,29757,TRK800346
GID-2710,CMWM1FJA64D0K3075,Tesla,Model 3,sedan,2024,NA,LAX,Los Angeles International,available,,,,19225,TRK800347
PBB-6154,CKANJSZCLSN865428,Toyota,Camry,sedan,2024,NA,MCO,Orlando International,on_rent,AGR-9448643,CUST-205909,"Martinez, E.",122686,TRK800348
CUC-4794,GYX9AZMV8MJPU0655,Toyota,RAV4,suv,2025,NA,DEN,Denver International,available,,,,88571,TRK800349
PDZ-1244,EKU5Y6WLAJA4H9445,Chevrolet,Malibu,sedan,2023,NA,PHX,Phoenix Sky Harbor,on_rent,AGR-6928539,CUST-193563,"Johnson, F.",137265,TRK800350
DSP-1648,MKNT8VPZLP5TZ7374,Chevrolet,Equinox,suv,2023,NA,YYZ,Toronto Pearson,in_service,,,,137021,TRK800351
WR11 EDJ,NFVS4ERW5NWWW1787,Skoda,Octavia,sedan,2022,EU,LHR,London Heathrow,available,,,,60397,TRK800352
KT72 GWX,SDJW29X9DL2R35922,Opel,Corsa,hatch,2024,EU,CDG,Paris Charles de Gaulle,on_rent,AGR-8942495,CUST-323787,"Muller, G.",43654,TRK800353
JW67 NQG,YJF35UMKACNTX7790,BMW,1 Series,hatch,2024,EU,FRA,Frankfurt am Main,on_rent,AGR-3695916,CUST-830532,"Andersson, M.",82066,TRK800354
ST28 KVX,LAEW9YL7TG0V87361,Mercedes-Benz,A-Class,hatch,2025,EU,MAD,Madrid Barajas,available,,,,137232,TRK800355
MG54 GGV,VAMP1KKZ7YWTT5762,Fiat,500e,hatch,2023,EU,MXP,Milan Malpensa,on_rent,AGR-8144563,CUST-648583,"Jansen, D.",80996,TRK800356
VN91 JWT,DCD51T6Y6VZ2J6891,Seat,Leon,hatch,2023,EU,AMS,Amsterdam Schiphol,on_rent,AGR-4739295,CUST-914617,"Kowalski, W.",24426,TRK800357
WZ60 ALZ,HTKHGKTF0T2012512,Ford,Puma,suv,2023,EU,MUC,Munich Franz Josef Strauss,on_rent,AGR-9706758,CUST-959868,"Bianchi, L.",40016,TRK800358
BZ83 NEU,NFNLAUE68Z7SG9058,Citroen,C3,hatch,2023,EU,LIS,Lisbon Humberto Delgado,available,,,,65740,TRK800359
WRC9M03,ERXNBFEKCFRG34505,Fiat,Cronos,sedan,2022,BR,GRU,Sao Paulo Guarulhos,on_rent,AGR-3412052,CUST-757916,"Silva, D.",26781,TRK800360
GMD7Z02,PCS4DTRLVABK02927,Fiat,Argo,hatch,2025,BR,CGH,Sao Paulo Congonhas,on_rent,AGR-1527651,CUST-222900,"Pereira, M.",28967,TRK800361
AQQ2G46,DGAL8E58HHXC55710,Fiat,Mobi,hatch,2025,BR,GIG,Rio Galeao,on_rent,AGR-5937884,CUST-589730,"Araujo, S.",41012,TRK800362
MDS9J21,GSPVUHL6RUCNP1052,Volkswagen,Polo,hatch,2024,BR,CNF,Belo Horizonte Confins,available,,,,85467,TRK800363
UQL6A14,FLPBNF4DPP9L70157,Volkswagen,T-Cross,suv,2023,BR,CWB,Curitiba Afonso Pena,available,,,,82906,TRK800364
JTG8G13,UJZ4TULLCC3YY0766,Chevrolet,Onix,hatch,2023,BR,BSB,Brasilia Internacional,on_rent,AGR-8067188,CUST-225052,"Santos, R.",84185,TRK800365
AOJ2M04,UTBM14X6TKHLN6559,Chevrolet,Tracker,suv,2022,BR,POA,Porto Alegre Salgado Filho,available,,,,59919,TRK800366
DLT1A28,BAE6LUEA5CP034254,Hyundai,HB20,hatch,2022,BR,SSA,Salvador Deputado Magalhaes,on_rent,AGR-2858975,CUST-150335,"Lima, C.",58143,TRK800367
KEY-7771,XRY7FXYHLXE5G4853,Hyundai,Elantra,sedan,2025,NA,DFW,Dallas Fort Worth,on_rent,AGR-2389057,CUST-470157,"Martinez, H.",18326,TRK800368
MGP-2712,LGVZLKW9Z68EP6317,Jeep,Grand Cherokee,suv,2024,NA,ATL,Atlanta Hartsfield,on_rent,AGR-9614497,CUST-312882,"Miller, G.",133599,TRK800369
DHA-8550,FJAXVNG75NUD96503,Kia,Telluride,suv,2024,NA,ORD,Chicago O'Hare,on_rent,AGR-8228437,CUST-632599,"Garcia, B.",58507,TRK800370
IQT-9087,TPD3F7E732HF48718,Tesla,Model 3,sedan,2022,NA,LAX,Los Angeles International,on_rent,AGR-5621443,CUST-337465,"Wilson, N.",124141,TRK800371
LUJ-5718,ADFZXKFAL4ABM7458,Toyota,Camry,sedan,2023,NA,MCO,Orlando International,available,,,,10749,TRK800372
FVY-1159,WMS0YFX721JEZ2741,Toyota,RAV4,suv,2023,NA,DEN,Denver International,available,,,,52309,TRK800373
VPI-6968,RAMKMX7H19TE95852,Chevrolet,Malibu,sedan,2024,NA,PHX,Phoenix Sky Harbor,on_rent,AGR-1518494,CUST-356238,"Wilson, P.",134064,TRK800374
VRO-9632,FJYNMSTHKC2M77101,Chevrolet,Equinox,suv,2024,NA,YYZ,Toronto Pearson,available,,,,22545,TRK800375
EO97 EQJ,WUYAKYJ4J0W2D4636,Skoda,Octavia,sedan,2024,EU,LHR,London Heathrow,in_service,,,,54498,TRK800376
JZ74 VYR,ECZH9CU5JE2XN4075,Opel,Corsa,hatch,2025,EU,CDG,Paris Charles de Gaulle,on_rent,AGR-7480045,CUST-543089,"Andersson, D.",30882,TRK800377
EV35 IEN,UGKK5KWBRU68V5132,BMW,1 Series,hatch,2024,EU,FRA,Frankfurt am Main,available,,,,64452,TRK800378
RA63 CYE,WKHZP8J3S8S0W8487,Mercedes-Benz,A-Class,hatch,2024,EU,MAD,Madrid Barajas,on_rent,AGR-1911778,CUST-188771,"Muller, J.",20895,TRK800379
XS96 QXW,BZG9Y8E9KK0YC1879,Fiat,500e,hatch,2022,EU,MXP,Milan Malpensa,on_rent,AGR-1000599,CUST-260455,"Murphy, D.",11306,TRK800380
JM71 FHR,JWYV7U91B9FAZ8956,Seat,Leon,hatch,2023,EU,AMS,Amsterdam Schiphol,in_service,,,,134600,TRK800381
MM99 ZDO,PPE1JW7R0K2V25811,Ford,Puma,suv,2023,EU,MUC,Munich Franz Josef Strauss,available,,,,137591,TRK800382
QG54 WQM,TCF9NMW8HKS4X6168,Citroen,C3,hatch,2024,EU,LIS,Lisbon Humberto Delgado,available,,,,74921,TRK800383
SSL9T51,CBAAE66YXLEF62850,Fiat,Cronos,sedan,2025,BR,GRU,Sao Paulo Guarulhos,on_rent,AGR-7443851,CUST-892528,"Costa, C.",107007,TRK800384
FKD7M17,XVUCCGYVJECAU8659,Fiat,Argo,hatch,2023,BR,CGH,Sao Paulo Congonhas,on_rent,AGR-2443147,CUST-710384,"Silva, D.",55570,TRK800385
XXU8P24,GVSZNN84VUR452083,Fiat,Mobi,hatch,2024,BR,GIG,Rio Galeao,on_rent,AGR-6003418,CUST-205814,"Santos, S.",37585,TRK800386
CFJ1R73,HTWZKS37XG12M6904,Volkswagen,Polo,hatch,2023,BR,CNF,Belo Horizonte Confins,on_rent,AGR-4364020,CUST-450791,"Silva, E.",108039,TRK800387
STW0L09,PWW5X8H262YZE5738,Volkswagen,T-Cross,suv,2024,BR,CWB,Curitiba Afonso Pena,on_rent,AGR-9012674,CUST-418157,"Souza, A.",33999,TRK800388
ARP0M98,NZEUU87V7PNCM7152,Chevrolet,Onix,hatch,2022,BR,BSB,Brasilia Internacional,available,,,,62525,TRK800389
RSB0X31,BCB8VBJ2LNFJ89930,Chevrolet,Tracker,suv,2024,BR,POA,Porto Alegre Salgado Filho,available,,,,41026,TRK800390
LHO4L99,UKXFHLZ63NTYH1285,Hyundai,HB20,hatch,2023,BR,SSA,Salvador Deputado Magalhaes,on_rent,AGR-3300684,CUST-982298,"Almeida, H.",103742,TRK800391
YOD-1348,SBJHRK53HRY1R6302,Hyundai,Elantra,sedan,2024,NA,DFW,Dallas Fort Worth,on_rent,AGR-1745169,CUST-335351,"Brown, N.",48348,TRK800392
KIZ-4547,ALWUU36RJWUGA6247,Jeep,Grand Cherokee,suv,2024,NA,ATL,Atlanta Hartsfield,on_rent,AGR-4996784,CUST-238278,"Smith, J.",41028,TRK800393
LIV-5104,XWA7KLGBVW1V07642,Kia,Telluride,suv,2022,NA,ORD,Chicago O'Hare,on_rent,AGR-7018384,CUST-603534,"Anderson, W.",44594,TRK800394
YZI-5252,SEHB93E72BZVL0687,Tesla,Model 3,sedan,2024,NA,LAX,Los Angeles International,on_rent,AGR-4824407,CUST-163766,"Taylor, J.",120123,TRK800395
QOD-9372,CHGLPT4UJ91LP5488,Toyota,Camry,sedan,2024,NA,MCO,Orlando International,on_rent,AGR-7286684,CUST-593549,"Jones, A.",128466,TRK800396
QWY-9326,VZMDR29R54EZT8830,Toyota,RAV4,suv,2025,NA,DEN,Denver International,available,,,,88137,TRK800397
GSJ-4998,LHMEWL7FVTP5N9182,Chevrolet,Malibu,sedan,2024,NA,PHX,Phoenix Sky Harbor,on_rent,AGR-2282513,CUST-479895,"Anderson, S.",83257,TRK800398
NVS-3263,WJKML75TTZ9YC2947,Chevrolet,Equinox,suv,2024,NA,YYZ,Toronto Pearson,on_rent,AGR-1260252,CUST-274872,"Johnson, P.",106132,TRK800399
CE75 QMN,MENFJ7MM624NV6699,Skoda,Octavia,sedan,2025,EU,LHR,London Heathrow,on_rent,AGR-8545615,CUST-876677,"Andersson, K.",103543,TRK800400
AS85 LVU,RNLVBZH6EKYM39242,Opel,Corsa,hatch,2024,EU,CDG,Paris Charles de Gaulle,on_rent,AGR-9811287,CUST-707993,"Silva, P.",133908,TRK800401
XG65 QIS,WLDNJA7JHYVEA4726,BMW,1 Series,hatch,2023,EU,FRA,Frankfurt am Main,available,,,,95969,TRK800402
YF13 TBR,UGAY1PDJUV8WJ1795,Mercedes-Benz,A-Class,hatch,2025,EU,MAD,Madrid Barajas,on_rent,AGR-3012269,CUST-565992,"Andersson, S.",104673,TRK800403
XC51 FQK,JRXZ4L2U6LC204029,Fiat,500e,hatch,2023,EU,MXP,Milan Malpensa,on_rent,AGR-7311740,CUST-330906,"Schmidt, G.",104905,TRK800404
QX37 ANC,SUWDB2TGRFNXB4916,Seat,Leon,hatch,2023,EU,AMS,Amsterdam Schiphol,available,,,,91164,TRK800405
HD46 NOK,HYP7BWL7NS8XY9847,Ford,Puma,suv,2024,EU,MUC,Munich Franz Josef Strauss,on_rent,AGR-4940297,CUST-130369,"Novak, J.",16038,TRK800406
ON61 IBI,SHL2KVTEAD7M89911,Citroen,C3,hatch,2024,EU,LIS,Lisbon Humberto Delgado,on_rent,AGR-1334200,CUST-857311,"Muller, N.",109267,TRK800407
GFR6W29,KFMMTDF0216ZS7944,Fiat,Cronos,sedan,2022,BR,GRU,Sao Paulo Guarulhos,on_rent,AGR-3633108,CUST-396841,"Lima, A.",44035,TRK800408
EXI1C09,TZP1096SCKLUZ0383,Fiat,Argo,hatch,2023,BR,CGH,Sao Paulo Congonhas,available,,,,94599,TRK800409
NRI7J89,UTHR1YSP6VE1S3802,Fiat,Mobi,hatch,2024,BR,GIG,Rio Galeao,on_rent,AGR-7204577,CUST-599967,"Nascimento, D.",136912,TRK800410
PSH1E51,WSTE3YGTKM92L9262,Volkswagen,Polo,hatch,2024,BR,CNF,Belo Horizonte Confins,available,,,,107665,TRK800411
UHK7W61,TUC6U4R80A7AC7169,Volkswagen,T-Cross,suv,2022,BR,CWB,Curitiba Afonso Pena,on_rent,AGR-1655350,CUST-544787,"Rodrigues, F.",123499,TRK800412
XVI8K78,MVXA9JDPGXWDM2217,Chevrolet,Onix,hatch,2023,BR,BSB,Brasilia Internacional,on_rent,AGR-9797610,CUST-849817,"Rodrigues, A.",139202,TRK800413
OKD0T59,WFCNEN0CHJUKP6607,Chevrolet,Tracker,suv,2023,BR,POA,Porto Alegre Salgado Filho,on_rent,AGR-4398864,CUST-181239,"Nascimento, E.",82438,TRK800414
MKS9T35,WYSDA0ED599AX0004,Hyundai,HB20,hatch,2023,BR,SSA,Salvador Deputado Magalhaes,available,,,,114555,TRK800415
YDH-7442,NNZXNKL5DAH9U9183,Hyundai,Elantra,sedan,2024,NA,DFW,Dallas Fort Worth,on_rent,AGR-9222404,CUST-828864,"Jones, D.",11414,TRK800416
XNG-4129,NMF0CVPC0KM6P4157,Jeep,Grand Cherokee,suv,2024,NA,ATL,Atlanta Hartsfield,available,,,,44294,TRK800417
IIU-1937,VAZXWYBX62P192898,Kia,Telluride,suv,2023,NA,ORD,Chicago O'Hare,on_rent,AGR-2389566,CUST-539953,"Johnson, B.",121261,TRK800418
XAK-6185,ZFVP0ST34CZ9H1375,Tesla,Model 3,sedan,2023,NA,LAX,Los Angeles International,available,,,,74721,TRK800419
AJI-6745,DLR5W575B5BL12774,Toyota,Camry,sedan,2022,NA,MCO,Orlando International,available,,,,103605,TRK800420
UGX-3174,KBNJBH8LTECHC2901,Toyota,RAV4,suv,2023,NA,DEN,Denver International,available,,,,54880,TRK800421
QOU-3793,BVN9DUNJDMZH58409,Chevrolet,Malibu,sedan,2023,NA,PHX,Phoenix Sky Harbor,available,,,,23219,TRK800422
SKL-7191,YVBL6N0ATXMM63065,Chevrolet,Equinox,suv,2023,NA,YYZ,Toronto Pearson,on_rent,AGR-6138452,CUST-270651,"Davis, W.",68350,TRK800423
IX57 TKP,YNK2EZ6TUHS1A8391,Skoda,Octavia,sedan,2023,EU,LHR,London Heathrow,on_rent,AGR-6042941,CUST-725843,"Bianchi, T.",25152,TRK800424
JZ28 ZLO,NFR09CBKK5BFD7152,Opel,Corsa,hatch,2022,EU,CDG,Paris Charles de Gaulle,in_service,,,,110380,TRK800425
RV60 WGP,YNRF6R8L8SLJU9780,BMW,1 Series,hatch,2024,EU,FRA,Frankfurt am Main,on_rent,AGR-9960965,CUST-175137,"Jansen, S.",124925,TRK800426
AT86 YMC,XHEYC2DKU5MRB6974,Mercedes-Benz,A-Class,hatch,2023,EU,MAD,Madrid Barajas,on_rent,AGR-5780904,CUST-426203,"Andersson, S.",29630,TRK800427
VX22 UMZ,AFL8ZRW0YSU3K6962,Fiat,500e,hatch,2023,EU,MXP,Milan Malpensa,on_rent,AGR-2945459,CUST-732958,"Kowalski, T.",78697,TRK800428
RY59 VCE,ALZGCZWU3WJ278021,Seat,Leon,hatch,2024,EU,AMS,Amsterdam Schiphol,in_service,,,,41307,TRK800429
RI32 JLN,ARLK27N2SFB562065,Ford,Puma,suv,2025,EU,MUC,Munich Franz Josef Strauss,on_rent,AGR-3426728,CUST-763664,"Kowalski, P.",89487,TRK800430
QS68 BCK,MBE6RZ5MKUS1B4208,Citroen,C3,hatch,2025,EU,LIS,Lisbon Humberto Delgado,in_service,,,,65213,TRK800431
JTQ8Z31,ZBMXDUHBHZ2SB4668,Fiat,Cronos,sedan,2023,BR,GRU,Sao Paulo Guarulhos,on_rent,AGR-1084742,CUST-526962,"Souza, A.",69108,TRK800432
WKH1T36,ZWRTMRX0MMLNV2486,Fiat,Argo,hatch,2024,BR,CGH,Sao Paulo Congonhas,on_rent,AGR-9371405,CUST-320869,"Almeida, F.",120593,TRK800433
GXQ5J37,LRYW19ANUT1JY3845,Fiat,Mobi,hatch,2024,BR,GIG,Rio Galeao,on_rent,AGR-3209515,CUST-496811,"Nascimento, D.",83438,TRK800434
XMR6L96,GPWHLP6LZSESY7600,Volkswagen,Polo,hatch,2023,BR,CNF,Belo Horizonte Confins,available,,,,31447,TRK800435
OUF1M74,XPPTC1E8Z5T1L9991,Volkswagen,T-Cross,suv,2023,BR,CWB,Curitiba Afonso Pena,on_rent,AGR-3792716,CUST-696960,"Carvalho, S.",87394,TRK800436
FOL3F60,ZGL8J41DWWFVF2897,Chevrolet,Onix,hatch,2024,BR,BSB,Brasilia Internacional,on_rent,AGR-9392214,CUST-772534,"Santos, L.",103402,TRK800437
NQP6C53,JZU71VX3JS2PS8381,Chevrolet,Tracker,suv,2025,BR,POA,Porto Alegre Salgado Filho,available,,,,27270,TRK800438
YZD2L52,YLEFXDG6M4WYF4259,Hyundai,HB20,hatch,2023,BR,SSA,Salvador Deputado Magalhaes,available,,,,100342,TRK800439
EQJ-1425,HMVPJKAKXVJ982400,Hyundai,Elantra,sedan,2024,NA,DFW,Dallas Fort Worth,on_rent,AGR-5904531,CUST-502890,"Jones, H.",85226,TRK800440
QMP-3791,MXEZLPRYAXBXR0233,Jeep,Grand Cherokee,suv,2025,NA,ATL,Atlanta Hartsfield,available,,,,37609,TRK800441
ZDU-4226,MSR0ECP2S6MZ44447,Kia,Telluride,suv,2024,NA,ORD,Chicago O'Hare,available,,,,18487,TRK800442
HIZ-3993,ZXHEWB2HH5C488561,Tesla,Model 3,sedan,2023,NA,LAX,Los Angeles International,on_rent,AGR-2021147,CUST-317822,"Brown, H.",78971,TRK800443
DOC-8799,GDUDYK0U7VCW04124,Toyota,Camry,sedan,2024,NA,MCO,Orlando International,on_rent,AGR-5542317,CUST-616533,"Anderson, F.",93276,TRK800444
QJU-8209,DFS0LZXYAB4UK1549,Toyota,RAV4,suv,2024,NA,DEN,Denver International,on_rent,AGR-6745050,CUST-768868,"Anderson, W.",38644,TRK800445
PDV-5916,WGV9LACSAAALX9752,Chevrolet,Malibu,sedan,2024,NA,PHX,Phoenix Sky Harbor,available,,,,70302,TRK800446
KXL-6166,RKPST0S3TN8WH0319,Chevrolet,Equinox,suv,2025,NA,YYZ,Toronto Pearson,on_rent,AGR-4392572,CUST-318742,"Anderson, J.",112499,TRK800447
QO45 DCH,FLSX2RYFHR3635614,Skoda,Octavia,sedan,2023,EU,LHR,London Heathrow,on_rent,AGR-7198322,CUST-559406,"Novak, D.",137030,TRK800448
SJ83 GRC,RHLGJ184LPVDB5263,Opel,Corsa,hatch,2024,EU,CDG,Paris Charles de Gaulle,available,,,,136230,TRK800449
ED92 NNM,SBT3ZP1U2ZLYJ9417,BMW,1 Series,hatch,2023,EU,FRA,Frankfurt am Main,on_rent,AGR-2125910,CUST-870109,"Dubois, C.",113439,TRK800450
TU34 YCY,YPJWV9M4BMWU16577,Mercedes-Benz,A-Class,hatch,2024,EU,MAD,Madrid Barajas,in_service,,,,9127,TRK800451
SV51 ROU,YGVN9C9DKB6122086,Fiat,500e,hatch,2024,EU,MXP,Milan Malpensa,on_rent,AGR-6847188,CUST-172631,"Jansen, L.",29582,TRK800452
YL13 EOD,NARDR3VVSCDR71521,Seat,Leon,hatch,2023,EU,AMS,Amsterdam Schiphol,in_service,,,,29501,TRK800453
XT55 XKN,GGCZPXGZ7W10R6881,Ford,Puma,suv,2024,EU,MUC,Munich Franz Josef Strauss,in_service,,,,48918,TRK800454
UJ39 WCU,XNS1HL29FB0892297,Citroen,C3,hatch,2025,EU,LIS,Lisbon Humberto Delgado,in_service,,,,35697,TRK800455
FNF2Q19,YFM7A1YDKSPGL0466,Fiat,Cronos,sedan,2022,BR,GRU,Sao Paulo Guarulhos,on_rent,AGR-6563023,CUST-129881,"Rodrigues, B.",79311,TRK800456
LHC6C14,SRPV80KXXG8LP1579,Fiat,Argo,hatch,2024,BR,CGH,Sao Paulo Congonhas,on_rent,AGR-9267840,CUST-885088,"Nascimento, G.",26901,TRK800457
JTD3H32,FYKMWH8LUP92R0786,Fiat,Mobi,hatch,2023,BR,GIG,Rio Galeao,available,,,,118270,TRK800458
PPL3U73,NRGWGV7HZMMBG5586,Volkswagen,Polo,hatch,2024,BR,CNF,Belo Horizonte Confins,on_rent,AGR-8655712,CUST-795466,"Santos, L.",64372,TRK800459
DDR4E44,KRP5ZBSZC9E1C5798,Volkswagen,T-Cross,suv,2024,BR,CWB,Curitiba Afonso Pena,on_rent,AGR-3546298,CUST-690225,"Almeida, T.",99642,TRK800460
UUT3Y91,EUWUCH3SJRTXW5274,Chevrolet,Onix,hatch,2023,BR,BSB,Brasilia Internacional,on_rent,AGR-6033050,CUST-100370,"Santos, J.",104827,TRK800461
EEP2Y31,NFXTSCFN4EH8S2022,Chevrolet,Tracker,suv,2025,BR,POA,Porto Alegre Salgado Filho,available,,,,66526,TRK800462
AUD8J67,DXWXEVK7W94MH0671,Hyundai,HB20,hatch,2024,BR,SSA,Salvador Deputado Magalhaes,available,,,,64220,TRK800463
ZPY-5769,HTD5PFYUT36HH4123,Hyundai,Elantra,sedan,2025,NA,DFW,Dallas Fort Worth,available,,,,137767,TRK800464
HSP-4627,VPYH6YRR266673909,Jeep,Grand Cherokee,suv,2023,NA,ATL,Atlanta Hartsfield,on_rent,AGR-8077121,CUST-954886,"Miller, B.",83702,TRK800465
UXY-8074,YAGB1M6JT1WGN5636,Kia,Telluride,suv,2023,NA,ORD,Chicago O'Hare,available,,,,14309,TRK800466
IYZ-3631,GUULSNBY5MNEL5010,Tesla,Model 3,sedan,2022,NA,LAX,Los Angeles International,in_service,,,,90078,TRK800467
GIW-8953,MLRPAAL17CKZJ9173,Toyota,Camry,sedan,2024,NA,MCO,Orlando International,available,,,,20324,TRK800468
VMI-3388,ZLUNS8R6J5LEV0668,Toyota,RAV4,suv,2023,NA,DEN,Denver International,in_service,,,,73273,TRK800469
HHO-4538,EAKF1XVTCTBSR4284,Chevrolet,Malibu,sedan,2025,NA,PHX,Phoenix Sky Harbor,in_service,,,,64934,TRK800470
HKR-6850,CZELF86ZXL6EN9077,Chevrolet,Equinox,suv,2023,NA,YYZ,Toronto Pearson,in_service,,,,89682,TRK800471
FA81 ORU,BMS94N4HG1YU86492,Skoda,Octavia,sedan,2023,EU,LHR,London Heathrow,on_rent,AGR-8585176,CUST-424875,"Silva, K.",132952,TRK800472
KA88 BWY,MVD44TACFBB1Y1957,Opel,Corsa,hatch,2023,EU,CDG,Paris Charles de Gaulle,available,,,,133272,TRK800473
EK33 DJL,FZPGY5BGSCEN55565,BMW,1 Series,hatch,2024,EU,FRA,Frankfurt am Main,on_rent,AGR-2577526,CUST-649314,"Novak, A.",98156,TRK800474
AA51 MJA,VVM4BCYBDN69P9404,Mercedes-Benz,A-Class,hatch,2023,EU,MAD,Madrid Barajas,in_service,,,,31429,TRK800475
AT14 RZD,KKDNBA6YC9MWR7338,Fiat,500e,hatch,2022,EU,MXP,Milan Malpensa,available,,,,26662,TRK800476
BL17 PZV,ZVD5LSCJL8VCJ6984,Seat,Leon,hatch,2024,EU,AMS,Amsterdam Schiphol,on_rent,AGR-8300418,CUST-495383,"Dubois, S.",88476,TRK800477
YV99 BQB,GCKBL313KRCN37107,Ford,Puma,suv,2025,EU,MUC,Munich Franz Josef Strauss,available,,,,97910,TRK800478
FH50 CWG,SGV02RD7J0FMB6388,Citroen,C3,hatch,2023,EU,LIS,Lisbon Humberto Delgado,on_rent,AGR-7237496,CUST-978483,"Andersson, B.",42184,TRK800479
UJG4N88,APPRHCYG0S2V83653,Fiat,Cronos,sedan,2022,BR,GRU,Sao Paulo Guarulhos,available,,,,72487,TRK800480
IVW6J68,KKVG67SC5YC827683,Fiat,Argo,hatch,2024,BR,CGH,Sao Paulo Congonhas,on_rent,AGR-2834486,CUST-216818,"Souza, B.",114528,TRK800481
TYB8Y24,GLB09MGBNWC3S6226,Fiat,Mobi,hatch,2023,BR,GIG,Rio Galeao,on_rent,AGR-5895685,CUST-630154,"Santos, H.",66010,TRK800482
RFE8K07,DYCT1ALP296E06245,Volkswagen,Polo,hatch,2022,BR,CNF,Belo Horizonte Confins,on_rent,AGR-1980083,CUST-953232,"Costa, D.",80112,TRK800483
MJV9M57,HYSGNWX9WPE9J2856,Volkswagen,T-Cross,suv,2024,BR,CWB,Curitiba Afonso Pena,on_rent,AGR-5315283,CUST-268104,"Pereira, A.",62215,TRK800484
EUL3M53,PRRVRWPMLS8DF3554,Chevrolet,Onix,hatch,2025,BR,BSB,Brasilia Internacional,in_service,,,,95031,TRK800485
RYZ6L82,KGN9X6VKT3CDM9038,Chevrolet,Tracker,suv,2023,BR,POA,Porto Alegre Salgado Filho,available,,,,132502,TRK800486
FIX9Y19,XNVC9TLWF8YL21590,Hyundai,HB20,hatch,2022,BR,SSA,Salvador Deputado Magalhaes,on_rent,AGR-2438647,CUST-122508,"Silva, B.",55084,TRK800487
TKS-8317,SLZBJK6A9AT7T2593,Hyundai,Elantra,sedan,2024,NA,DFW,Dallas Fort Worth,on_rent,AGR-8878038,CUST-833859,"Jones, H.",66833,TRK800488
FYA-6937,RVVBV1YNM5P4B2210,Jeep,Grand Cherokee,suv,2024,NA,ATL,Atlanta Hartsfield,on_rent,AGR-6034918,CUST-810277,"Miller, E.",34036,TRK800489
ZCL-9105,AWVTAPGCZH1YL2734,Kia,Telluride,suv,2022,NA,ORD,Chicago O'Hare,available,,,,139492,TRK800490
VOV-2314,LUB801KRCXRR24428,Tesla,Model 3,sedan,2025,NA,LAX,Los Angeles International,on_rent,AGR-7293837,CUST-451938,"Garcia, T.",53256,TRK800491
ICO-2389,YLT7186F4BP499370,Toyota,Camry,sedan,2023,NA,MCO,Orlando International,on_rent,AGR-2466111,CUST-179074,"Smith, A.",17291,TRK800492
UKZ-2733,WDB8C5B550UED0819,Toyota,RAV4,suv,2025,NA,DEN,Denver International,in_service,,,,70838,TRK800493
TWF-8687,KYV3VBZ05BCG98880,Chevrolet,Malibu,sedan,2024,NA,PHX,Phoenix Sky Harbor,in_service,,,,18003,TRK800494
FMU-5861,WPTJDUGNF0GJA1059,Chevrolet,Equinox,suv,2022,NA,YYZ,Toronto Pearson,on_rent,AGR-2053323,CUST-617915,"Garcia, B.",108913,TRK800495
CK85 YLW,YWY4GLVNXPYKY5135,Skoda,Octavia,sedan,2024,EU,LHR,London Heathrow,available,,,,13636,TRK800496
ZM69 OOE,ENP18LR9SP0UB2474,Opel,Corsa,hatch,2024,EU,CDG,Paris Charles de Gaulle,on_rent,AGR-4085491,CUST-327534,"Dubois, A.",10891,TRK800497
RI39 GPT,SPPAY3N64LXJ93852,BMW,1 Series,hatch,2024,EU,FRA,Frankfurt am Main,in_service,,,,9712,TRK800498
VT64 TDT,ETKMP8PX41VPT4032,Mercedes-Benz,A-Class,hatch,2023,EU,MAD,Madrid Barajas,on_rent,AGR-6472738,CUST-821715,"Garcia, L.",45064,TRK800499
EK90 SHW,VWHFYX1LZ6R9L1332,Fiat,500e,hatch,2024,EU,MXP,Milan Malpensa,available,,,,134492,TRK800500
ZY45 WEL,BSHE0LNX9HLYL9908,Seat,Leon,hatch,2024,EU,AMS,Amsterdam Schiphol,on_rent,AGR-4356421,CUST-964169,"Schmidt, G.",104917,TRK800501
JH58 NWA,KJG9J11T5PW9V6259,Ford,Puma,suv,2024,EU,MUC,Munich Franz Josef Strauss,available,,,,131671,TRK800502
JF85 EKA,DBLXP9LR1ULSB5351,Citroen,C3,hatch,2024,EU,LIS,Lisbon Humberto Delgado,on_rent,AGR-1579384,CUST-774885,"Novak, L.",15443,TRK800503
EDQ2W30,CMMM5TM4YS3TS2539,Fiat,Cronos,sedan,2024,BR,GRU,Sao Paulo Guarulhos,on_rent,AGR-2501119,CUST-953922,"Souza, R.",38087,TRK800504
WHP0B28,HEEZLLRS1ZJY16798,Fiat,Argo,hatch,2024,BR,CGH,Sao Paulo Congonhas,on_rent,AGR-2140205,CUST-142079,"Souza, B.",100723,TRK800505
FMG2R00,XWKHPZRACGMCL4265,Fiat,Mobi,hatch,2024,BR,GIG,Rio Galeao,available,,,,87645,TRK800506
FDB6Z13,GGVKDKPW3EGDZ0390,Volkswagen,Polo,hatch,2023,BR,CNF,Belo Horizonte Confins,on_rent,AGR-1207372,CUST-326936,"Oliveira, L.",51256,TRK800507
RTJ3C78,DAA30H0KVRA636030,Volkswagen,T-Cross,suv,2023,BR,CWB,Curitiba Afonso Pena,on_rent,AGR-4200848,CUST-543721,"Araujo, M.",109755,TRK800508
ZGD0P22,ADCFWHH1X49D46513,Chevrolet,Onix,hatch,2025,BR,BSB,Brasilia Internacional,on_rent,AGR-7332141,CUST-131350,"Silva, S.",9857,TRK800509
IWJ7G34,AYJCFV02UYE3J5964,Chevrolet,Tracker,suv,2022,BR,POA,Porto Alegre Salgado Filho,in_service,,,,29634,TRK800510
EKX5N22,VNMWNJ9YTPU5G2255,Hyundai,HB20,hatch,2023,BR,SSA,Salvador Deputado Magalhaes,on_rent,AGR-7017462,CUST-776818,"Rodrigues, R.",13726,TRK800511
RUX-3612,VEGS5T7Z260GA3715,Hyundai,Elantra,sedan,2025,NA,DFW,Dallas Fort Worth,on_rent,AGR-6618685,CUST-612942,"Johnson, L.",60215,TRK800512
WYD-4699,XXR9C0Z6Y94KF6653,Jeep,Grand Cherokee,suv,2023,NA,ATL,Atlanta Hartsfield,on_rent,AGR-4510532,CUST-668293,"Anderson, D.",47139,TRK800513
CIO-2948,PMYS0KMRPDKUX9721,Kia,Telluride,suv,2022,NA,ORD,Chicago O'Hare,available,,,,54398,TRK800514
YRY-2605,PZVNY1R2Y5XG51359,Tesla,Model 3,sedan,2023,NA,LAX,Los Angeles International,on_rent,AGR-2577152,CUST-576773,"Miller, L.",48895,TRK800515
AVE-1462,TRCZBWHR3G7YB7401,Toyota,Camry,sedan,2023,NA,MCO,Orlando International,on_rent,AGR-3730427,CUST-141750,"Jones, L.",18216,TRK800516
UFY-7172,BKFEMYEV76A889915,Toyota,RAV4,suv,2024,NA,DEN,Denver International,on_rent,AGR-1397254,CUST-559378,"Davis, M.",126510,TRK800517
NRW-7918,CCCGNXSZF871A1415,Chevrolet,Malibu,sedan,2024,NA,PHX,Phoenix Sky Harbor,on_rent,AGR-4133828,CUST-796926,"Brown, R.",71137,TRK800518
BHG-3414,KEZS0P3Z07H0K2245,Chevrolet,Equinox,suv,2023,NA,YYZ,Toronto Pearson,on_rent,AGR-5088207,CUST-603724,"Brown, G.",30802,TRK800519
CE95 EQE,CST4AFTPEGT3U0703,Skoda,Octavia,sedan,2023,EU,LHR,London Heathrow,available,,,,130863,TRK800520
XE71 TZQ,PXXAFJY4U1T452384,Opel,Corsa,hatch,2025,EU,CDG,Paris Charles de Gaulle,on_rent,AGR-1670225,CUST-487470,"Novak, N.",53117,TRK800521
PQ72 MYW,VZU8XM5YM4GHH4734,BMW,1 Series,hatch,2024,EU,FRA,Frankfurt am Main,in_service,,,,127753,TRK800522
KQ96 NII,WPYC8JCPLDWB74775,Mercedes-Benz,A-Class,hatch,2025,EU,MAD,Madrid Barajas,on_rent,AGR-5144427,CUST-315727,"Murphy, L.",40531,TRK800523
EI87 CID,NUN04CGYWHZTC4353,Fiat,500e,hatch,2022,EU,MXP,Milan Malpensa,on_rent,AGR-8175737,CUST-758623,"Kowalski, D.",31941,TRK800524
ID80 RIE,DYPD2307MHJUF3776,Seat,Leon,hatch,2023,EU,AMS,Amsterdam Schiphol,on_rent,AGR-5475083,CUST-679459,"Jansen, H.",37025,TRK800525
FC83 XTI,SDDFTEFWABEH60051,Ford,Puma,suv,2023,EU,MUC,Munich Franz Josef Strauss,on_rent,AGR-6175674,CUST-556333,"Murphy, N.",61960,TRK800526
TY58 ARY,JGYYUML1YZRVD6110,Citroen,C3,hatch,2023,EU,LIS,Lisbon Humberto Delgado,available,,,,57852,TRK800527
MIH4H48,WSAF4V1RNPR1Y7148,Fiat,Cronos,sedan,2025,BR,GRU,Sao Paulo Guarulhos,on_rent,AGR-8471356,CUST-544740,"Santos, P.",139727,TRK800528
UQT8Z25,BNM3E5A53G5GV2441,Fiat,Argo,hatch,2023,BR,CGH,Sao Paulo Congonhas,available,,,,32555,TRK800529
CTB9U94,FKUXUAF1C446H2928,Fiat,Mobi,hatch,2024,BR,GIG,Rio Galeao,on_rent,AGR-3082677,CUST-916902,"Rodrigues, W.",131113,TRK800530
YIQ0Q64,BNEA3X98FPHWF7453,Volkswagen,Polo,hatch,2023,BR,CNF,Belo Horizonte Confins,available,,,,87993,TRK800531
EAJ7Q62,YNUSWNSGTAZY80596,Volkswagen,T-Cross,suv,2023,BR,CWB,Curitiba Afonso Pena,in_service,,,,23251,TRK800532
AKP3Y02,GPX9V8KSF91EV4143,Chevrolet,Onix,hatch,2024,BR,BSB,Brasilia Internacional,on_rent,AGR-7698122,CUST-589002,"Araujo, R.",134683,TRK800533
DJL0L59,NXP4JNZX2X4NM3169,Chevrolet,Tracker,suv,2023,BR,POA,Porto Alegre Salgado Filho,available,,,,27264,TRK800534
GUQ5A57,NLWWNLJP37VYU8420,Hyundai,HB20,hatch,2022,BR,SSA,Salvador Deputado Magalhaes,on_rent,AGR-9488394,CUST-170557,"Oliveira, N.",91921,TRK800535
IMH-1686,BKA8CTCT9UGD01085,Hyundai,Elantra,sedan,2023,NA,DFW,Dallas Fort Worth,on_rent,AGR-1628491,CUST-378404,"Taylor, S.",29913,TRK800536
ZKT-7096,SJVML9HFE1UXH5376,Jeep,Grand Cherokee,suv,2024,NA,ATL,Atlanta Hartsfield,available,,,,14770,TRK800537
IDE-4663,HHR96ZPTSTMK53973,Kia,Telluride,suv,2023,NA,ORD,Chicago O'Hare,available,,,,110296,TRK800538
NEN-8752,ALM7KFYYSDSUF4693,Tesla,Model 3,sedan,2023,NA,LAX,Los Angeles International,on_rent,AGR-3766469,CUST-452438,"Williams, L.",18942,TRK800539
ZZW-3488,BASB28JPN52AK5409,Toyota,Camry,sedan,2022,NA,MCO,Orlando International,on_rent,AGR-1653342,CUST-711176,"Johnson, B.",30534,TRK800540
TQC-5660,ECRGAZ6YEJ2SM2667,Toyota,RAV4,suv,2025,NA,DEN,Denver International,on_rent,AGR-8929924,CUST-949630,"Davis, M.",115543,TRK800541
JVK-4449,HRE9253796V891203,Chevrolet,Malibu,sedan,2023,NA,PHX,Phoenix Sky Harbor,available,,,,102861,TRK800542
VRX-5956,ZGS2PASCN432G6382,Chevrolet,Equinox,suv,2023,NA,YYZ,Toronto Pearson,on_rent,AGR-9348626,CUST-586019,"Anderson, N.",115728,TRK800543
YS99 FAZ,FJP5YM928FZYH3313,Skoda,Octavia,sedan,2025,EU,LHR,London Heathrow,available,,,,55616,TRK800544
DP74 GGE,LYYZHSCU2WJW24661,Opel,Corsa,hatch,2023,EU,CDG,Paris Charles de Gaulle,on_rent,AGR-1300562,CUST-527123,"Murphy, C.",128707,TRK800545
OI48 UBH,YVJSG0E2EVFS07045,BMW,1 Series,hatch,2022,EU,FRA,Frankfurt am Main,on_rent,AGR-2276841,CUST-941368,"Novak, W.",74259,TRK800546
JY86 VBP,VGUJ7FRMBC0U55386,Mercedes-Benz,A-Class,hatch,2025,EU,MAD,Madrid Barajas,available,,,,130903,TRK800547
IN30 NGX,FMDJK44970F4H2932,Fiat,500e,hatch,2022,EU,MXP,Milan Malpensa,on_rent,AGR-8571416,CUST-453925,"Dubois, T.",24205,TRK800548
LF59 ZGR,JAW54A9MACXN15573,Seat,Leon,hatch,2024,EU,AMS,Amsterdam Schiphol,on_rent,AGR-8254494,CUST-208600,"Silva, N.",110200,TRK800549
HV73 RYO,NLXPC22VC0N1P5549,Ford,Puma,suv,2024,EU,MUC,Munich Franz Josef Strauss,in_service,,,,69180,TRK800550
YD85 EPP,UUL72LFKUJ2634918,Citroen,C3,hatch,2025,EU,LIS,Lisbon Humberto Delgado,on_rent,AGR-3297127,CUST-829711,"Novak, N.",137599,TRK800551
NAA4K23,ZCE6P76GML7BD9539,Fiat,Cronos,sedan,2022,BR,GRU,Sao Paulo Guarulhos,on_rent,AGR-4884250,CUST-151462,"Lima, K.",121470,TRK800552
JRV4D51,BKP5MH384606X0696,Fiat,Argo,hatch,2024,BR,CGH,Sao Paulo Congonhas,on_rent,AGR-7058725,CUST-525709,"Almeida, D.",112931,TRK800553
SWD0P27,ZEFZFT0HCYF3U3457,Fiat,Mobi,hatch,2024,BR,GIG,Rio Galeao,available,,,,53443,TRK800554
JIH9D90,PJXY07SCG8B7F2170,Volkswagen,Polo,hatch,2025,BR,CNF,Belo Horizonte Confins,on_rent,AGR-1674548,CUST-342069,"Souza, B.",36867,TRK800555
WDW0N13,LGR997PLTRHVC2390,Volkswagen,T-Cross,suv,2023,BR,CWB,Curitiba Afonso Pena,available,,,,132973,TRK800556
BIA6O20,BBRJDT7J9JHBU0225,Chevrolet,Onix,hatch,2024,BR,BSB,Brasilia Internacional,on_rent,AGR-9885085,CUST-168466,"Nascimento, R.",98975,TRK800557
HOE0Y30,XSNEZ97HPG6HK6614,Chevrolet,Tracker,suv,2022,BR,POA,Porto Alegre Salgado Filho,on_rent,AGR-2056423,CUST-694706,"Santos, H.",134469,TRK800558
FUP8A19,ALZTM0XCB6KUG4455,Hyundai,HB20,hatch,2024,BR,SSA,Salvador Deputado Magalhaes,on_rent,AGR-4346496,CUST-759393,"Costa, M.",40389,TRK800559
KPH-8058,UAZ468ET2DWT41681,Hyundai,Elantra,sedan,2025,NA,DFW,Dallas Fort Worth,on_rent,AGR-8403469,CUST-853329,"Williams, H.",41900,TRK800560
USO-4425,CLH75GF2XHA0Y3544,Jeep,Grand Cherokee,suv,2024,NA,ATL,Atlanta Hartsfield,in_service,,,,38271,TRK800561
LYO-3691,ADX1HCBAE2BCD3238,Kia,Telluride,suv,2023,NA,ORD,Chicago O'Hare,on_rent,AGR-5949278,CUST-583241,"Smith, R.",128446,TRK800562
JVN-3521,ZCFXR0AP2BT652581,Tesla,Model 3,sedan,2023,NA,LAX,Los Angeles International,available,,,,100359,TRK800563
WRV-9697,VVLVADVUBVHLG9933,Toyota,Camry,sedan,2023,NA,MCO,Orlando International,available,,,,33908,TRK800564
OCS-2889,ZEBE7XS83BE8F0831,Toyota,RAV4,suv,2024,NA,DEN,Denver International,available,,,,79148,TRK800565
IKR-3231,FBPYD8E59V4U55273,Chevrolet,Malibu,sedan,2024,NA,PHX,Phoenix Sky Harbor,on_rent,AGR-3762110,CUST-814435,"Jones, L.",110397,TRK800566
CKF-2328,CZGX6VP319NLR1886,Chevrolet,Equinox,suv,2024,NA,YYZ,Toronto Pearson,available,,,,19225,TRK800567
PJ72 QYC,EFKZ2LRX2ZUW10723,Skoda,Octavia,sedan,2024,EU,LHR,London Heathrow,on_rent,AGR-1819619,CUST-102931,"Schmidt, J.",19774,TRK800568
DH62 EZI,THLP3PKAR22X36663,Opel,Corsa,hatch,2023,EU,CDG,Paris Charles de Gaulle,on_rent,AGR-5033072,CUST-530108,"Murphy, W.",109952,TRK800569
QF26 CBI,BDNG70GGBXYFC6194,BMW,1 Series,hatch,2025,EU,FRA,Frankfurt am Main,available,,,,43350,TRK800570
TV47 XFQ,VXYKTKA1FT8PU3504,Mercedes-Benz,A-Class,hatch,2022,EU,MAD,Madrid Barajas,on_rent,AGR-6193974,CUST-916101,"Novak, C.",132867,TRK800571
LY47 BFM,HYMMBJC15XRKT4584,Fiat,500e,hatch,2023,EU,MXP,Milan Malpensa,in_service,,,,128948,TRK800572
HR99 QQF,JLEW3M2J3JFDD3423,Seat,Leon,hatch,2023,EU,AMS,Amsterdam Schiphol,on_rent,AGR-4260298,CUST-968772,"Silva, J.",104242,TRK800573
OQ69 XZD,UBWCF5CYD8SLE0642,Ford,Puma,suv,2024,EU,MUC,Munich Franz Josef Strauss,on_rent,AGR-1583133,CUST-858498,"Dubois, C.",108182,TRK800574
NY80 XQA,AFG116MT780FR5469,Citroen,C3,hatch,2024,EU,LIS,Lisbon Humberto Delgado,on_rent,AGR-9344176,CUST-376705,"Bianchi, K.",127871,TRK800575
MLT5E07,CKW47J6JEESXM0432,Fiat,Cronos,sedan,2024,BR,GRU,Sao Paulo Guarulhos,available,,,,115573,TRK800576
ECH7I42,LPC5G2J8T2P1M3893,Fiat,Argo,hatch,2024,BR,CGH,Sao Paulo Congonhas,on_rent,AGR-7635331,CUST-549492,"Costa, B.",64335,TRK800577
BQG5M50,WCAR9W4LD6BDG5579,Fiat,Mobi,hatch,2023,BR,GIG,Rio Galeao,in_service,,,,65584,TRK800578
YRU2T26,TJK27FK0VCMKF7813,Volkswagen,Polo,hatch,2025,BR,CNF,Belo Horizonte Confins,on_rent,AGR-9868569,CUST-243125,"Costa, B.",24471,TRK800579
ATB8L72,VZCJJB1VGASTR4856,Volkswagen,T-Cross,suv,2024,BR,CWB,Curitiba Afonso Pena,available,,,,97220,TRK800580
CQJ2R46,VNXF9M6J1ZKCB3119,Chevrolet,Onix,hatch,2022,BR,BSB,Brasilia Internacional,available,,,,46865,TRK800581
MSR0N79,ZAUX9S7WT1VBD5070,Chevrolet,Tracker,suv,2024,BR,POA,Porto Alegre Salgado Filho,in_service,,,,37092,TRK800582
HQE8Y02,KAMT79UM19SN97113,Hyundai,HB20,hatch,2025,BR,SSA,Salvador Deputado Magalhaes,on_rent,AGR-5463386,CUST-198039,"Almeida, N.",129999,TRK800583
DVV-3387,GTLM7GCHS9FKZ4454,Hyundai,Elantra,sedan,2025,NA,DFW,Dallas Fort Worth,available,,,,29680,TRK800584
QNT-7400,NCB7RZC45CM131084,Jeep,Grand Cherokee,suv,2024,NA,ATL,Atlanta Hartsfield,on_rent,AGR-9855222,CUST-158705,"Wilson, J.",105465,TRK800585
GSO-7736,XEBPEHH1YVVJS2659,Kia,Telluride,suv,2022,NA,ORD,Chicago O'Hare,on_rent,AGR-8533390,CUST-246518,"Taylor, N.",26120,TRK800586
PXU-8768,NBF4G1SG4CCCW3802,Tesla,Model 3,sedan,2022,NA,LAX,Los Angeles International,available,,,,102369,TRK800587
DOR-2296,RAGA65A0R7EUF8409,Toyota,Camry,sedan,2025,NA,MCO,Orlando International,on_rent,AGR-6331060,CUST-238785,"Davis, S.",33131,TRK800588
SBX-3763,VLB9SJZ26UHJ33874,Toyota,RAV4,suv,2024,NA,DEN,Denver International,on_rent,AGR-4437489,CUST-815179,"Jones, D.",127506,TRK800589
CAF-2511,SVUB6CGTAMYVE6979,Chevrolet,Malibu,sedan,2023,NA,PHX,Phoenix Sky Harbor,on_rent,AGR-5077356,CUST-220570,"Martinez, F.",52736,TRK800590
PZW-9922,XPN7WX3SYFS905981,Chevrolet,Equinox,suv,2022,NA,YYZ,Toronto Pearson,available,,,,30564,TRK800591
CM96 VLA,LUR6GS94B48LS7482,Skoda,Octavia,sedan,2024,EU,LHR,London Heathrow,on_rent,AGR-1661606,CUST-684608,"Murphy, W.",88461,TRK800592
BK14 TWX,HYUUGZJ8KMZ454645,Opel,Corsa,hatch,2023,EU,CDG,Paris Charles de Gaulle,on_rent,AGR-8581014,CUST-756477,"Silva, T.",99887,TRK800593
MO59 PGR,YFAVHR44WYYR99414,BMW,1 Series,hatch,2024,EU,FRA,Frankfurt am Main,on_rent,AGR-9486008,CUST-621379,"Bianchi, E.",33931,TRK800594
KV77 AMU,FYXFP3H1PRRMW9325,Mercedes-Benz,A-Class,hatch,2022,EU,MAD,Madrid Barajas,available,,,,79514,TRK800595
IF77 MOS,NGENJBF8HSEC65573,Fiat,500e,hatch,2024,EU,MXP,Milan Malpensa,on_rent,AGR-3758535,CUST-373393,"Dubois, L.",131065,TRK800596
FM85 HWH,LTWP6EZ6SPP1Y8502,Seat,Leon,hatch,2023,EU,AMS,Amsterdam Schiphol,on_rent,AGR-7480687,CUST-991417,"Silva, L.",97860,TRK800597
DV75 SCD,SWSA3CMFH25PD6463,Ford,Puma,suv,2023,EU,MUC,Munich Franz Josef Strauss,on_rent,AGR-2479872,CUST-441045,"Novak, R.",36644,TRK800598
XQ22 HZN,RLB1H96J52NBW6273,Citroen,C3,hatch,2024,EU,LIS,Lisbon Humberto Delgado,on_rent,AGR-9878705,CUST-227940,"Bianchi, T.",25430,TRK800599
QRY5M20,ELUUT3LZTVVHK2745,Fiat,Cronos,sedan,2023,BR,GRU,Sao Paulo Guarulhos,on_rent,AGR-9266333,CUST-840401,"Pereira, T.",79532,TRK800600
ZKZ9J22,TEK75UM1802295027,Fiat,Argo,hatch,2023,BR,CGH,Sao Paulo Congonhas,in_service,,,,17603,TRK800601
DZK5C26,ALLX2DUB6JKJR6321,Fiat,Mobi,hatch,2024,BR,GIG,Rio Galeao,available,,,,135129,TRK800602
NOU7X37,XPE08PZAPJD4D2832,Volkswagen,Polo,hatch,2025,BR,CNF,Belo Horizonte Confins,in_service,,,,33136,TRK800603
UAU4T11,BNA5FTGYADWN18724,Volkswagen,T-Cross,suv,2023,BR,CWB,Curitiba Afonso Pena,on_rent,AGR-8913154,CUST-523651,"Almeida, C.",54225,TRK800604
RUI7E48,EVBL95ZWRF6S39000,Chevrolet,Onix,hatch,2023,BR,BSB,Brasilia Internacional,in_service,,,,31172,TRK800605
WXG9U74,FALBB9DTA6UL44967,Chevrolet,Tracker,suv,2023,BR,POA,Porto Alegre Salgado Filho,on_rent,AGR-3413787,CUST-347940,"Oliveira, L.",84297,TRK800606
NDP7X95,SHFSJF1MGGY7B7320,Hyundai,HB20,hatch,2024,BR,SSA,Salvador Deputado Magalhaes,on_rent,AGR-8361775,CUST-102818,"Oliveira, F.",96048,TRK800607
XDG-9033,ZLEF89168PS3C2838,Hyundai,Elantra,sedan,2022,NA,DFW,Dallas Fort Worth,in_service,,,,88069,TRK800608
QQQ-8182,MYGPZNBFS32C14556,Jeep,Grand Cherokee,suv,2023,NA,ATL,Atlanta Hartsfield,available,,,,83592,TRK800609
LFG-2533,AEXAN15KCXHZC0928,Kia,Telluride,suv,2024,NA,ORD,Chicago O'Hare,on_rent,AGR-4293914,CUST-105151,"Wilson, P.",73987,TRK800610
XED-4395,FDYWTW837577R6597,Tesla,Model 3,sedan,2022,NA,LAX,Los Angeles International,on_rent,AGR-3172691,CUST-289485,"Smith, D.",53365,TRK800611
TXX-4507,BKVCURMD0BWK62451,Toyota,Camry,sedan,2023,NA,MCO,Orlando International,on_rent,AGR-3955091,CUST-205338,"Johnson, K.",77379,TRK800612
EET-5697,NEACPNR40DN8Y0279,Toyota,RAV4,suv,2022,NA,DEN,Denver International,on_rent,AGR-4839687,CUST-575774,"Johnson, E.",51217,TRK800613
GAI-2227,EAEX3U7PAXEYH0988,Chevrolet,Malibu,sedan,2023,NA,PHX,Phoenix Sky Harbor,in_service,,,,135247,TRK800614
ANH-3129,EKT6MLGA0EJ2F0960,Chevrolet,Equinox,suv,2022,NA,YYZ,Toronto Pearson,available,,,,134270,TRK800615
OL64 ZJT,CMRNPJUBFGX684114,Skoda,Octavia,sedan,2024,EU,LHR,London Heathrow,available,,,,109529,TRK800616
AZ62 RHD,RNJ5YAU206PV62426,Opel,Corsa,hatch,2024,EU,CDG,Paris Charles de Gaulle,on_rent,AGR-1511403,CUST-854757,"Dubois, L.",13676,TRK800617
CB46 LQI,SKGSB7C11UBNN7320,BMW,1 Series,hatch,2024,EU,FRA,Frankfurt am Main,on_rent,AGR-8205561,CUST-725119,"Novak, S.",34285,TRK800618
ZO42 NMN,ECM4F8X123HST6972,Mercedes-Benz,A-Class,hatch,2022,EU,MAD,Madrid Barajas,on_rent,AGR-6211024,CUST-446377,"Schmidt, A.",85759,TRK800619
UI84 HRY,UCZH0LF4LB2GZ0620,Fiat,500e,hatch,2024,EU,MXP,Milan Malpensa,on_rent,AGR-5993383,CUST-777992,"Murphy, S.",138686,TRK800620
VD63 MTR,KDPR69DYJ3YXH4067,Seat,Leon,hatch,2023,EU,AMS,Amsterdam Schiphol,on_rent,AGR-3922514,CUST-899219,"Jansen, P.",96511,TRK800621
TO11 CWI,FPY81DW3ZWA656729,Ford,Puma,suv,2022,EU,MUC,Munich Franz Josef Strauss,in_service,,,,91269,TRK800622
RZ20 HLV,ZWVZZV975V1ZJ8326,Citroen,C3,hatch,2022,EU,LIS,Lisbon Humberto Delgado,on_rent,AGR-2184628,CUST-673170,"Andersson, J.",67646,TRK800623
SOQ5O01,UFB1G2TXLX5BC6230,Fiat,Cronos,sedan,2024,BR,GRU,Sao Paulo Guarulhos,on_rent,AGR-2428211,CUST-414106,"Nascimento, N.",28940,TRK800624
TVN8Q19,RNVX3H2NE7G5U1843,Fiat,Argo,hatch,2023,BR,CGH,Sao Paulo Congonhas,on_rent,AGR-8166382,CUST-146159,"Rodrigues, W.",126077,TRK800625
DYO9Z84,YXNBJ2TJRRFGU0419,Fiat,Mobi,hatch,2023,BR,GIG,Rio Galeao,on_rent,AGR-8601081,CUST-636556,"Lima, E.",21494,TRK800626
UNI8R16,ATVEHSZE2U8GS7856,Volkswagen,Polo,hatch,2023,BR,CNF,Belo Horizonte Confins,on_rent,AGR-9845104,CUST-566799,"Nascimento, C.",47587,TRK800627
XHL9U20,GZP6EDXT0MBF24169,Volkswagen,T-Cross,suv,2023,BR,CWB,Curitiba Afonso Pena,on_rent,AGR-9573888,CUST-198980,"Costa, L.",55604,TRK800628
TDN5U04,GZKH1TS4XX48G9741,Chevrolet,Onix,hatch,2024,BR,BSB,Brasilia Internacional,on_rent,AGR-1701806,CUST-673261,"Almeida, A.",20861,TRK800629
ZHK9F50,XNJUFSVKZRK5L5575,Chevrolet,Tracker,suv,2024,BR,POA,Porto Alegre Salgado Filho,on_rent,AGR-5382525,CUST-428786,"Carvalho, B.",97795,TRK800630
WMW0L14,CSCU3ESDTLFT81638,Hyundai,HB20,hatch,2024,BR,SSA,Salvador Deputado Magalhaes,on_rent,AGR-5360488,CUST-443569,"Pereira, B.",94605,TRK800631
IFB-5805,NNYHUUYT3LUGA0235,Hyundai,Elantra,sedan,2023,NA,DFW,Dallas Fort Worth,on_rent,AGR-6280588,CUST-544167,"Garcia, S.",83401,TRK800632
ZQZ-1473,PEHPGSR8BTMJ31776,Jeep,Grand Cherokee,suv,2024,NA,ATL,Atlanta Hartsfield,on_rent,AGR-6603625,CUST-732973,"Wilson, M.",97199,TRK800633
YZO-8015,SZYXKS8L4R1652897,Kia,Telluride,suv,2023,NA,ORD,Chicago O'Hare,on_rent,AGR-2676290,CUST-196783,"Garcia, T.",92479,TRK800634
RAD-8775,VTNXY8C5BNV0H7309,Tesla,Model 3,sedan,2023,NA,LAX,Los Angeles International,available,,,,29663,TRK800635
FBG-9663,JHSMEUNR3WNAP4337,Toyota,Camry,sedan,2024,NA,MCO,Orlando International,on_rent,AGR-3933134,CUST-424809,"Williams, D.",50807,TRK800636
IBB-8032,JKXPJWM9C478C2525,Toyota,RAV4,suv,2025,NA,DEN,Denver International,in_service,,,,109026,TRK800637
XCO-8182,NGHJAYA1CRA4X5793,Chevrolet,Malibu,sedan,2025,NA,PHX,Phoenix Sky Harbor,on_rent,AGR-1211654,CUST-786874,"Martinez, B.",135096,TRK800638
GBM-4760,LUT9HEMEK026Z1132,Chevrolet,Equinox,suv,2025,NA,YYZ,Toronto Pearson,available,,,,75873,TRK800639
II42 VLI,JPBDP4XDV60LF9760,Skoda,Octavia,sedan,2022,EU,LHR,London Heathrow,on_rent,AGR-3467652,CUST-662698,"Kowalski, T.",58985,TRK800640
QQ29 YWT,BKLX8X6HV8GRE0596,Opel,Corsa,hatch,2022,EU,CDG,Paris Charles de Gaulle,in_service,,,,135183,TRK800641
GR93 HSO,FTHF697Y1SADB8471,BMW,1 Series,hatch,2024,EU,FRA,Frankfurt am Main,on_rent,AGR-1828393,CUST-846261,"Murphy, W.",115791,TRK800642
AC98 QMO,PND21ZXR705JC6105,Mercedes-Benz,A-Class,hatch,2024,EU,MAD,Madrid Barajas,available,,,,39051,TRK800643
UH92 CSQ,BSJT8CLKTL6203253,Fiat,500e,hatch,2025,EU,MXP,Milan Malpensa,in_service,,,,61365,TRK800644
KX85 MOC,LAZ2UURUH540S6077,Seat,Leon,hatch,2023,EU,AMS,Amsterdam Schiphol,on_rent,AGR-2451929,CUST-843397,"Dubois, H.",50850,TRK800645
IY89 PBQ,WAMCUTCJ9RSAR9943,Ford,Puma,suv,2024,EU,MUC,Munich Franz Josef Strauss,in_service,,,,81660,TRK800646
QV94 UPZ,WCM1PUBPW4WR19743,Citroen,C3,hatch,2023,EU,LIS,Lisbon Humberto Delgado,on_rent,AGR-3122388,CUST-123359,"Dubois, E.",68102,TRK800647
MAJ1R00,VME4WPMZL7WYW4764,Fiat,Cronos,sedan,2025,BR,GRU,Sao Paulo Guarulhos,on_rent,AGR-2513511,CUST-803556,"Araujo, E.",17867,TRK800648
EIC9W75,NEPHBA9XMZ4V34330,Fiat,Argo,hatch,2025,BR,CGH,Sao Paulo Congonhas,available,,,,116677,TRK800649
BKN8E00,VEEPY0134SEMT4507,Fiat,Mobi,hatch,2022,BR,GIG,Rio Galeao,on_rent,AGR-8706751,CUST-280016,"Souza, E.",74455,TRK800650
ZIA0C62,TXTBAGVF58T4R8884,Volkswagen,Polo,hatch,2023,BR,CNF,Belo Horizonte Confins,available,,,,132472,TRK800651
BCD9L00,WFR65LBU52PEV0872,Volkswagen,T-Cross,suv,2024,BR,CWB,Curitiba Afonso Pena,available,,,,114875,TRK800652
API1Q73,KUZLJE9WTDTN89751,Chevrolet,Onix,hatch,2023,BR,BSB,Brasilia Internacional,available,,,,118396,TRK800653
EPG4Z68,CGC2GM29NSEB47672,Chevrolet,Tracker,suv,2023,BR,POA,Porto Alegre Salgado Filho,on_rent,AGR-4579179,CUST-921739,"Araujo, M.",39965,TRK800654
IRN0X54,RGVEGKZCKBLER4881,Hyundai,HB20,hatch,2024,BR,SSA,Salvador Deputado Magalhaes,on_rent,AGR-3313573,CUST-666432,"Silva, L.",44588,TRK800655
LMF-4374,VFA2ML62YK16E1633,Hyundai,Elantra,sedan,2022,NA,DFW,Dallas Fort Worth,on_rent,AGR-2679685,CUST-585175,"Martinez, N.",51394,TRK800656
BVW-3902,FXASPELH5B0582985,Jeep,Grand Cherokee,suv,2024,NA,ATL,Atlanta Hartsfield,available,,,,55169,TRK800657
YZW-1831,CLDMDBNGVM2VJ0718,Kia,Telluride,suv,2024,NA,ORD,Chicago O'Hare,on_rent,AGR-2675927,CUST-902144,"Davis, G.",130959,TRK800658
HVY-2077,BANJDK0D70HN80514,Tesla,Model 3,sedan,2023,NA,LAX,Los Angeles International,on_rent,AGR-8187497,CUST-147822,"Martinez, K.",128127,TRK800659
FRL-6670,HMYM92PR423TY9328,Toyota,Camry,sedan,2024,NA,MCO,Orlando International,on_rent,AGR-1218912,CUST-775414,"Smith, N.",80300,TRK800660
YWH-8847,TJZ8DCJKPE10S8040,Toyota,RAV4,suv,2024,NA,DEN,Denver International,on_rent,AGR-7324623,CUST-895620,"Williams, L.",117426,TRK800661
MFJ-2732,RUJB3B9EEKM640249,Chevrolet,Malibu,sedan,2025,NA,PHX,Phoenix Sky Harbor,on_rent,AGR-1536003,CUST-699070,"Smith, P.",92207,TRK800662
AED-2448,NNRE80JMWMVLB1437,Chevrolet,Equinox,suv,2023,NA,YYZ,Toronto Pearson,on_rent,AGR-8105112,CUST-426825,"Williams, N.",96591,TRK800663
EO57 LQF,CJRW180V75NAE9023,Skoda,Octavia,sedan,2022,EU,LHR,London Heathrow,available,,,,21065,TRK800664
FC55 QZD,TVS0P6U67ZUDP5444,Opel,Corsa,hatch,2024,EU,CDG,Paris Charles de Gaulle,available,,,,83105,TRK800665
FW98 DMR,TBZ3MFXD4R9ZX2824,BMW,1 Series,hatch,2024,EU,FRA,Frankfurt am Main,in_service,,,,15051,TRK800666
YP30 ABF,UGWJ8E893G5HH7983,Mercedes-Benz,A-Class,hatch,2023,EU,MAD,Madrid Barajas,on_rent,AGR-4547081,CUST-866658,"Rossi, T.",134370,TRK800667
VE90 XAE,BXG3H9E88VYN81691,Fiat,500e,hatch,2023,EU,MXP,Milan Malpensa,available,,,,108228,TRK800668
NI60 GAV,BMZEVWWNS6E840375,Seat,Leon,hatch,2025,EU,AMS,Amsterdam Schiphol,on_rent,AGR-3716216,CUST-727273,"Dubois, P.",17869,TRK800669
SX77 GDZ,AJHH4RSA95C7T7976,Ford,Puma,suv,2022,EU,MUC,Munich Franz Josef Strauss,on_rent,AGR-9406848,CUST-158591,"Jansen, N.",119135,TRK800670
BM39 WME,CVTSPP3KJGK2V7069,Citroen,C3,hatch,2024,EU,LIS,Lisbon Humberto Delgado,available,,,,32891,TRK800671
UTM2O24,EFN8U75J9GDT85628,Fiat,Cronos,sedan,2025,BR,GRU,Sao Paulo Guarulhos,on_rent,AGR-6378128,CUST-379503,"Carvalho, E.",125004,TRK800672
TVT1X79,PEXFK5RGECMF84615,Fiat,Argo,hatch,2024,BR,CGH,Sao Paulo Congonhas,in_service,,,,15604,TRK800673
GBZ3C10,ZMYYS1PHPWRHY5420,Fiat,Mobi,hatch,2024,BR,GIG,Rio Galeao,on_rent,AGR-7733982,CUST-715332,"Araujo, J.",52380,TRK800674
IMM9Y64,NCPDH85BMJP109382,Volkswagen,Polo,hatch,2023,BR,CNF,Belo Horizonte Confins,on_rent,AGR-6139691,CUST-632724,"Santos, L.",111913,TRK800675
DHA7I17,HMZ7HBR7J3GCF2579,Volkswagen,T-Cross,suv,2024,BR,CWB,Curitiba Afonso Pena,on_rent,AGR-2951927,CUST-415618,"Pereira, K.",62574,TRK800676
AAR1P67,MFE75PV5HLADP4577,Chevrolet,Onix,hatch,2025,BR,BSB,Brasilia Internacional,on_rent,AGR-3956450,CUST-553976,"Almeida, R.",97614,TRK800677
FUV0W67,PLEEVWV8USLTC3194,Chevrolet,Tracker,suv,2024,BR,POA,Porto Alegre Salgado Filho,available,,,,117219,TRK800678
EOR1A47,LXT2219XB84KB5239,Hyundai,HB20,hatch,2024,BR,SSA,Salvador Deputado Magalhaes,on_rent,AGR-4269335,CUST-225740,"Costa, A.",112607,TRK800679
WCP-3694,BGDCRNN9SB1BY4032,Hyundai,Elantra,sedan,2023,NA,DFW,Dallas Fort Worth,on_rent,AGR-3144472,CUST-854069,"Garcia, M.",128093,TRK800680
OHW-4114,TWWB0JPXENE8E6934,Jeep,Grand Cherokee,suv,2024,NA,ATL,Atlanta Hartsfield,available,,,,60417,TRK800681
QFM-9156,DTFCR260Y79S65803,Kia,Telluride,suv,2025,NA,ORD,Chicago O'Hare,on_rent,AGR-4728927,CUST-685394,"Anderson, W.",121442,TRK800682
IRI-7595,SGLVG89DD99AZ0276,Tesla,Model 3,sedan,2025,NA,LAX,Los Angeles International,on_rent,AGR-2780575,CUST-891026,"Wilson, K.",96533,TRK800683
VUF-3926,MNBRBMDP3RFXF1092,Toyota,Camry,sedan,2025,NA,MCO,Orlando International,available,,,,112674,TRK800684
APV-6165,HUK7L904ERBS38334,Toyota,RAV4,suv,2023,NA,DEN,Denver International,available,,,,70506,TRK800685
ZPB-6923,LJV4B4P5UH44M5405,Chevrolet,Malibu,sedan,2024,NA,PHX,Phoenix Sky Harbor,on_rent,AGR-5557013,CUST-117728,"Wilson, C.",86067,TRK800686
BPZ-1008,EAJAUA04Y68595037,Chevrolet,Equinox,suv,2022,NA,YYZ,Toronto Pearson,available,,,,64760,TRK800687
UO61 BSQ,SGCAUYXE5B8VR0463,Skoda,Octavia,sedan,2024,EU,LHR,London Heathrow,on_rent,AGR-6689470,CUST-829235,"Murphy, T.",54540,TRK800688
VS99 WJG,DWCRMKC1ZMBE72371,Opel,Corsa,hatch,2022,EU,CDG,Paris Charles de Gaulle,in_service,,,,11105,TRK800689
IJ82 UOZ,KSA308TWSKKUY6568,BMW,1 Series,hatch,2023,EU,FRA,Frankfurt am Main,available,,,,124795,TRK800690
ML64 WBI,LBATFNLEXC2RH9257,Mercedes-Benz,A-Class,hatch,2024,EU,MAD,Madrid Barajas,available,,,,22508,TRK800691
ES99 MHK,GBZPW0BPN7AAW6775,Fiat,500e,hatch,2025,EU,MXP,Milan Malpensa,available,,,,120639,TRK800692
TR82 YKT,NMKTUFKMGJEKG1195,Seat,Leon,hatch,2023,EU,AMS,Amsterdam Schiphol,in_service,,,,85760,TRK800693
II84 OJH,VJPG1A9E3MZT89919,Ford,Puma,suv,2025,EU,MUC,Munich Franz Josef Strauss,on_rent,AGR-9003202,CUST-858693,"Garcia, W.",131360,TRK800694
YS67 EBW,FDS2XLKNCJTPM7743,Citroen,C3,hatch,2024,EU,LIS,Lisbon Humberto Delgado,in_service,,,,9341,TRK800695
MCE9H72,BAEN687DWMSNS3118,Fiat,Cronos,sedan,2023,BR,GRU,Sao Paulo Guarulhos,on_rent,AGR-6660327,CUST-758510,"Carvalho, S.",114436,TRK800696
IWL8J24,JZLSRE54EP3DJ3007,Fiat,Argo,hatch,2023,BR,CGH,Sao Paulo Congonhas,in_service,,,,25917,TRK800697
FIN3U13,AKHVTZS12L9HR9544,Fiat,Mobi,hatch,2022,BR,GIG,Rio Galeao,on_rent,AGR-3566756,CUST-943807,"Carvalho, C.",45810,TRK800698
KBE3R46,BFFHUSMBVMACC2186,Volkswagen,Polo,hatch,2024,BR,CNF,Belo Horizonte Confins,on_rent,AGR-3572249,CUST-753900,"Souza, A.",138884,TRK800699
INO7C93,ZDYUWP0VU9XNL4081,Volkswagen,T-Cross,suv,2025,BR,CWB,Curitiba Afonso Pena,on_rent,AGR-1950689,CUST-281991,"Lima, M.",128160,TRK800700
HAG4W16,BEUJW415WAA8J0853,Chevrolet,Onix,hatch,2023,BR,BSB,Brasilia Internacional,on_rent,AGR-1981294,CUST-560688,"Araujo, P.",69073,TRK800701
UUW7K33,PDWBG3RPEV9X95562,Chevrolet,Tracker,suv,2024,BR,POA,Porto Alegre Salgado Filho,in_service,,,,87041,TRK800702
MMY8J91,JTEFYFCV4B6851408,Hyundai,HB20,hatch,2022,BR,SSA,Salvador Deputado Magalhaes,on_rent,AGR-3000277,CUST-656705,"Rodrigues, T.",81074,TRK800703
COB-8941,KZBE9N6GNBL7Y1671,Hyundai,Elantra,sedan,2023,NA,DFW,Dallas Fort Worth,on_rent,AGR-3944449,CUST-249007,"Davis, N.",32048,TRK800704
FMV-6251,YJVRCC0CCJJKV0303,Jeep,Grand Cherokee,suv,2023,NA,ATL,Atlanta Hartsfield,on_rent,AGR-9425574,CUST-981451,"Martinez, S.",43795,TRK800705
TVM-9314,YMCLCVYGBSUDA9793,Kia,Telluride,suv,2025,NA,ORD,Chicago O'Hare,available,,,,129609,TRK800706
FLS-3516,APCSN5981PA9J1917,Tesla,Model 3,sedan,2022,NA,LAX,Los Angeles International,available,,,,62188,TRK800707
VWS-7590,HPHW9TBJB2UR45492,Toyota,Camry,sedan,2025,NA,MCO,Orlando International,on_rent,AGR-5348804,CUST-753789,"Martinez, A.",35119,TRK800708
BBI-9756,HZF45B96B4PJZ1845,Toyota,RAV4,suv,2025,NA,DEN,Denver International,available,,,,63065,TRK800709
DYS-2797,TLJ3RKK802RBZ8156,Chevrolet,Malibu,sedan,2024,NA,PHX,Phoenix Sky Harbor,on_rent,AGR-9798264,CUST-603779,"Brown, L.",92227,TRK800710
YXD-8132,EGKB79U9B4CB15007,Chevrolet,Equinox,suv,2025,NA,YYZ,Toronto Pearson,available,,,,78210,TRK800711
QS99 DCP,WRETH6AZC713E7077,Skoda,Octavia,sedan,2024,EU,LHR,London Heathrow,on_rent,AGR-7875661,CUST-121953,"Bianchi, F.",33976,TRK800712
DA51 UBK,FJHF0NATA33VS8748,Opel,Corsa,hatch,2025,EU,CDG,Paris Charles de Gaulle,on_rent,AGR-8251038,CUST-271981,"Kowalski, P.",81429,TRK800713
VZ36 GPN,CTL7SBSW6FUK60013,BMW,1 Series,hatch,2022,EU,FRA,Frankfurt am Main,on_rent,AGR-4185522,CUST-262584,"Schmidt, T.",88459,TRK800714
LF69 XTX,CTSL1SXYR62UP9535,Mercedes-Benz,A-Class,hatch,2023,EU,MAD,Madrid Barajas,on_rent,AGR-1105259,CUST-765640,"Silva, T.",109779,TRK800715
OQ98 DLS,PVUFKNYB19SRP6541,Fiat,500e,hatch,2024,EU,MXP,Milan Malpensa,on_rent,AGR-7450373,CUST-900817,"Rossi, M.",35049,TRK800716
FK51 HTI,YPX0VK81VHX9T6931,Seat,Leon,hatch,2024,EU,AMS,Amsterdam Schiphol,available,,,,83780,TRK800717
ZT68 JVV,SJUNJSH4ZCZK76733,Ford,Puma,suv,2024,EU,MUC,Munich Franz Josef Strauss,on_rent,AGR-5069009,CUST-403012,"Kowalski, T.",84850,TRK800718
RA43 JKA,WFYZS0LA72AS87515,Citroen,C3,hatch,2022,EU,LIS,Lisbon Humberto Delgado,on_rent,AGR-7655649,CUST-519655,"Novak, W.",31713,TRK800719
ARR9R24,YBLXKFXG6NTF02447,Fiat,Cronos,sedan,2024,BR,GRU,Sao Paulo Guarulhos,on_rent,AGR-7216931,CUST-113343,"Silva, A.",108347,TRK800720
TLU3A45,NKDGCVJUV3ZX11938,Fiat,Argo,hatch,2024,BR,CGH,Sao Paulo Congonhas,available,,,,12609,TRK800721
NLW1B29,JKKG82SXHMUSP2700,Fiat,Mobi,hatch,2023,BR,GIG,Rio Galeao,available,,,,24638,TRK800722
PEK6Y22,FFD0MFDJV1GYK7870,Volkswagen,Polo,hatch,2024,BR,CNF,Belo Horizonte Confins,on_rent,AGR-6093126,CUST-667472,"Lima, L.",30554,TRK800723
PCE4K93,MGDA30FS8B54X3880,Volkswagen,T-Cross,suv,2025,BR,CWB,Curitiba Afonso Pena,on_rent,AGR-3402268,CUST-764070,"Rodrigues, S.",80105,TRK800724
RKF2S85,KFYN8L6S7ZLYP1376,Chevrolet,Onix,hatch,2024,BR,BSB,Brasilia Internacional,on_rent,AGR-2116693,CUST-157398,"Pereira, B.",87180,TRK800725
LUG5Y18,KRTJ7W7NKWCGJ9880,Chevrolet,Tracker,suv,2023,BR,POA,Porto Alegre Salgado Filho,on_rent,AGR-1614835,CUST-449563,"Souza, S.",77961,TRK800726
UQT2N04,TSTB4NBXXC0JU3013,Hyundai,HB20,hatch,2023,BR,SSA,Salvador Deputado Magalhaes,on_rent,AGR-2050167,CUST-428687,"Oliveira, D.",95254,TRK800727
QBD-9386,VDMUXCJHRY5XV6207,Hyundai,Elantra,sedan,2023,NA,DFW,Dallas Fort Worth,on_rent,AGR-7668783,CUST-717454,"Johnson, K.",87876,TRK800728
IKB-1475,ZBD3MXE1EMA658852,Jeep,Grand Cherokee,suv,2024,NA,ATL,Atlanta Hartsfield,available,,,,30467,TRK800729
YQJ-8500,VMRAPYMN873B91170,Kia,Telluride,suv,2024,NA,ORD,Chicago O'Hare,on_rent,AGR-8763837,CUST-866643,"Martinez, C.",92464,TRK800730
KYS-9669,KJL6HDUYAS65B3565,Tesla,Model 3,sedan,2025,NA,LAX,Los Angeles International,on_rent,AGR-1498030,CUST-320117,"Martinez, T.",110446,TRK800731
RCI-6514,VAAA6VW3PL9UU9587,Toyota,Camry,sedan,2023,NA,MCO,Orlando International,in_service,,,,117436,TRK800732
YXO-1194,YLG8S177F50F89396,Toyota,RAV4,suv,2024,NA,DEN,Denver International,on_rent,AGR-6156876,CUST-240929,"Anderson, L.",83867,TRK800733
QWD-1699,KLB8KDWDS4MYD6211,Chevrolet,Malibu,sedan,2024,NA,PHX,Phoenix Sky Harbor,on_rent,AGR-3346476,CUST-561237,"Johnson, G.",83104,TRK800734
UKR-6271,PCMJVF5MRRFYB5850,Chevrolet,Equinox,suv,2023,NA,YYZ,Toronto Pearson,on_rent,AGR-2940958,CUST-206180,"Miller, K.",95146,TRK800735
AF79 TNY,XNP0MFJB5RGG46753,Skoda,Octavia,sedan,2022,EU,LHR,London Heathrow,on_rent,AGR-1586563,CUST-209935,"Murphy, R.",52292,TRK800736
BL25 BGV,UUA8YD0G9YTDU2200,Opel,Corsa,hatch,2024,EU,CDG,Paris Charles de Gaulle,on_rent,AGR-2718802,CUST-376087,"Schmidt, J.",84455,TRK800737
SN83 ZBN,SNJ0BBZHZWHLN1833,BMW,1 Series,hatch,2025,EU,FRA,Frankfurt am Main,in_service,,,,106817,TRK800738
DO44 GAU,PUU76RH2CKDZ48310,Mercedes-Benz,A-Class,hatch,2024,EU,MAD,Madrid Barajas,available,,,,55407,TRK800739
GM46 YPO,AJDE007NCZT1B8928,Fiat,500e,hatch,2023,EU,MXP,Milan Malpensa,available,,,,136025,TRK800740
HC88 BXU,MRR80HH413YH69257,Seat,Leon,hatch,2023,EU,AMS,Amsterdam Schiphol,on_rent,AGR-3676989,CUST-383873,"Jansen, H.",71797,TRK800741
YI79 OAS,USERGTDBBP5YK2361,Ford,Puma,suv,2023,EU,MUC,Munich Franz Josef Strauss,on_rent,AGR-5858893,CUST-114668,"Novak, G.",90181,TRK800742
MG16 PAE,UNRA3922MFST81148,Citroen,C3,hatch,2024,EU,LIS,Lisbon Humberto Delgado,on_rent,AGR-7046357,CUST-306143,"Andersson, W.",87947,TRK800743
ZSA0Z59,GWR5C2VAA56DR9279,Fiat,Cronos,sedan,2022,BR,GRU,Sao Paulo Guarulhos,on_rent,AGR-9544906,CUST-595571,"Santos, N.",116786,TRK800744
XNZ1P14,VFU4X0WGKFT393695,Fiat,Argo,hatch,2023,BR,CGH,Sao Paulo Congonhas,available,,,,32244,TRK800745
AEK2G75,JCE1HKVXBR1DB6892,Fiat,Mobi,hatch,2025,BR,GIG,Rio Galeao,available,,,,25233,TRK800746
TJX8A86,EJMNN7R28667L8798,Volkswagen,Polo,hatch,2024,BR,CNF,Belo Horizonte Confins,available,,,,79345,TRK800747
JXT8N32,SUPZT8DWR30ZH5111,Volkswagen,T-Cross,suv,2024,BR,CWB,Curitiba Afonso Pena,available,,,,116354,TRK800748
SBP4T72,ECPK23SCS8CLE4564,Chevrolet,Onix,hatch,2024,BR,BSB,Brasilia Internacional,on_rent,AGR-5513331,CUST-634628,"Costa, J.",23586,TRK800749
EWA2C21,GSY90NM0DD0310297,Chevrolet,Tracker,suv,2024,BR,POA,Porto Alegre Salgado Filho,on_rent,AGR-9707327,CUST-495211,"Souza, K.",86478,TRK800750
SCD4D51,AAV5R9F8YCWW26360,Hyundai,HB20,hatch,2022,BR,SSA,Salvador Deputado Magalhaes,on_rent,AGR-6651210,CUST-414784,"Almeida, C.",71395,TRK800751
SQI-4590,HPD6FV565L5PG5402,Hyundai,Elantra,sedan,2024,NA,DFW,Dallas Fort Worth,on_rent,AGR-3374338,CUST-896109,"Wilson, K.",114344,TRK800752
INN-1491,RLNGJHSUV93639019,Jeep,Grand Cherokee,suv,2023,NA,ATL,Atlanta Hartsfield,on_rent,AGR-5479458,CUST-775243,"Taylor, A.",20091,TRK800753
QOT-5734,AEN92NZ4YGL8W3725,Kia,Telluride,suv,2023,NA,ORD,Chicago O'Hare,available,,,,133537,TRK800754
AAJ-2428,FWD8M67T4BLN14699,Tesla,Model 3,sedan,2025,NA,LAX,Los Angeles International,in_service,,,,16030,TRK800755
NAB-2396,EUH9W515BC8U45748,Toyota,Camry,sedan,2022,NA,MCO,Orlando International,on_rent,AGR-3098719,CUST-130791,"Anderson, J.",105090,TRK800756
YXY-5236,KNBKB9VTEKR161443,Toyota,RAV4,suv,2023,NA,DEN,Denver International,in_service,,,,113409,TRK800757
JPE-5251,HMUT5YTAAL68W3002,Chevrolet,Malibu,sedan,2024,NA,PHX,Phoenix Sky Harbor,in_service,,,,63216,TRK800758
WZM-3500,EJCVTVZHJXW5A9472,Chevrolet,Equinox,suv,2022,NA,YYZ,Toronto Pearson,in_service,,,,136696,TRK800759
PJ28 EHK,JGK3KTR9795MU4141,Skoda,Octavia,sedan,2024,EU,LHR,London Heathrow,on_rent,AGR-6977392,CUST-271575,"Jansen, J.",95181,TRK800760
YD22 VWT,SGU59WF0UEKEM9613,Opel,Corsa,hatch,2023,EU,CDG,Paris Charles de Gaulle,available,,,,103570,TRK800761
RA61 MIY,AMD62B5APKCH53055,BMW,1 Series,hatch,2023,EU,FRA,Frankfurt am Main,on_rent,AGR-1491699,CUST-224218,"Bianchi, N.",63993,TRK800762
UQ59 BBG,FBZC6V355H20D4879,Mercedes-Benz,A-Class,hatch,2024,EU,MAD,Madrid Barajas,on_rent,AGR-2959183,CUST-352394,"Dubois, S.",94183,TRK800763
ME55 VWT,BTJ6JWMP074DV5582,Fiat,500e,hatch,2023,EU,MXP,Milan Malpensa,on_rent,AGR-6665617,CUST-655859,"Rossi, D.",97279,TRK800764
OT17 WHO,DPDU1Z7X98CRG7882,Seat,Leon,hatch,2024,EU,AMS,Amsterdam Schiphol,on_rent,AGR-3023574,CUST-661485,"Garcia, S.",63338,TRK800765
RA96 XWR,MMRZ20AGJC8DS3051,Ford,Puma,suv,2023,EU,MUC,Munich Franz Josef Strauss,on_rent,AGR-3039130,CUST-509681,"Murphy, B.",58517,TRK800766
MZ66 VVL,CPW7FP95L37TK2378,Citroen,C3,hatch,2024,EU,LIS,Lisbon Humberto Delgado,on_rent,AGR-2219697,CUST-104626,"Kowalski, A.",134062,TRK800767
FJG1T68,HVEJJZ4E10K6U9841,Fiat,Cronos,sedan,2022,BR,GRU,Sao Paulo Guarulhos,available,,,,27452,TRK800768
LYZ8M89,KNZFEMEK550L11941,Fiat,Argo,hatch,2023,BR,CGH,Sao Paulo Congonhas,on_rent,AGR-9366276,CUST-541042,"Lima, E.",64110,TRK800769
XYD2R98,CRSM68EPYZ6MP4253,Fiat,Mobi,hatch,2023,BR,GIG,Rio Galeao,on_rent,AGR-7314617,CUST-995569,"Carvalho, B.",38032,TRK800770
NYX5Y35,PRR92N4V61WD38192,Volkswagen,Polo,hatch,2024,BR,CNF,Belo Horizonte Confins,available,,,,94109,TRK800771
HPV0G12,SLKE1BVJ4KZLW2966,Volkswagen,T-Cross,suv,2024,BR,CWB,Curitiba Afonso Pena,available,,,,109716,TRK800772
OFR8J05,RPPG80VRD9X4D5542,Chevrolet,Onix,hatch,2023,BR,BSB,Brasilia Internacional,on_rent,AGR-7725763,CUST-599004,"Costa, E.",65003,TRK800773
WAZ4Q66,NVYEB3MPFG0N18598,Chevrolet,Tracker,suv,2024,BR,POA,Porto Alegre Salgado Filho,on_rent,AGR-3429177,CUST-597303,"Souza, P.",120697,TRK800774
UXK6O07,STWWYMNGAU41F8633,Hyundai,HB20,hatch,2023,BR,SSA,Salvador Deputado Magalhaes,on_rent,AGR-3468978,CUST-986128,"Oliveira, S.",68194,TRK800775
EPD-2743,CRMYU7Y6UA3JA8899,Hyundai,Elantra,sedan,2023,NA,DFW,Dallas Fort Worth,on_rent,AGR-2912938,CUST-402986,"Jones, W.",31299,TRK800776
ZFF-1484,FPV06HBSHY43U8951,Jeep,Grand Cherokee,suv,2022,NA,ATL,Atlanta Hartsfield,on_rent,AGR-2198780,CUST-572464,"Davis, A.",129992,TRK800777
VAB-5771,VGGBTWBGHRE7V2619,Kia,Telluride,suv,2024,NA,ORD,Chicago O'Hare,available,,,,128896,TRK800778
XMY-6326,JBFNL6EE8WAYB8862,Tesla,Model 3,sedan,2022,NA,LAX,Los Angeles International,on_rent,AGR-3685450,CUST-700406,"Johnson, N.",110002,TRK800779
WNO-7473,XLFWAKNDYGP1V0009,Toyota,Camry,sedan,2024,NA,MCO,Orlando International,available,,,,63268,TRK800780
AFB-9939,AYZ6A2AB4PKF24579,Toyota,RAV4,suv,2023,NA,DEN,Denver International,on_rent,AGR-1580404,CUST-713187,"Brown, F.",35331,TRK800781
ZLU-6429,MBDEMJM2ESZJD3172,Chevrolet,Malibu,sedan,2023,NA,PHX,Phoenix Sky Harbor,on_rent,AGR-4233776,CUST-270080,"Jones, H.",9057,TRK800782
RUH-3006,EJJ5A3VMSL8372337,Chevrolet,Equinox,suv,2023,NA,YYZ,Toronto Pearson,available,,,,68692,TRK800783
AM33 TYI,XCVDVM68BSV4E1636,Skoda,Octavia,sedan,2024,EU,LHR,London Heathrow,on_rent,AGR-7247450,CUST-343394,"Bianchi, N.",70496,TRK800784
MD28 WAT,PDRE10AHL8H3C2723,Opel,Corsa,hatch,2025,EU,CDG,Paris Charles de Gaulle,on_rent,AGR-2776618,CUST-165844,"Jansen, H.",43798,TRK800785
HV16 QOP,VRX8GW8PG895Z8933,BMW,1 Series,hatch,2023,EU,FRA,Frankfurt am Main,on_rent,AGR-5267659,CUST-758802,"Schmidt, L.",31906,TRK800786
PP15 NPU,NVGDFAUN6N3AM7655,Mercedes-Benz,A-Class,hatch,2025,EU,MAD,Madrid Barajas,available,,,,15568,TRK800787
LX77 QGX,UFLUX8SB1ZHSX2053,Fiat,500e,hatch,2025,EU,MXP,Milan Malpensa,on_rent,AGR-3823299,CUST-480017,"Novak, G.",57347,TRK800788
LA23 RFL,YXNAKVBTCGB052777,Seat,Leon,hatch,2023,EU,AMS,Amsterdam Schiphol,on_rent,AGR-5121891,CUST-386813,"Dubois, K.",9874,TRK800789
BE62 MAI,LBVPUCB4XJ21E1226,Ford,Puma,suv,2022,EU,MUC,Munich Franz Josef Strauss,on_rent,AGR-2416033,CUST-702848,"Garcia, H.",25814,TRK800790
MA98 BNA,TERY2LSHS7T3X7142,Citroen,C3,hatch,2023,EU,LIS,Lisbon Humberto Delgado,on_rent,AGR-7558588,CUST-395048,"Garcia, T.",50976,TRK800791
NVE3V14,GGP70GJ5UK8C66374,Fiat,Cronos,sedan,2023,BR,GRU,Sao Paulo Guarulhos,on_rent,AGR-5630877,CUST-956820,"Lima, D.",70075,TRK800792
YBN3Z32,WKF2HU4XLM6ZV0323,Fiat,Argo,hatch,2022,BR,CGH,Sao Paulo Congonhas,on_rent,AGR-9294894,CUST-749826,"Nascimento, G.",30379,TRK800793
YPF3I44,PLGZRGV0ANJPE6201,Fiat,Mobi,hatch,2023,BR,GIG,Rio Galeao,on_rent,AGR-8013238,CUST-686585,"Nascimento, B.",65335,TRK800794
TKH8K80,LSJB5SHFL12EX8743,Volkswagen,Polo,hatch,2022,BR,CNF,Belo Horizonte Confins,on_rent,AGR-5393118,CUST-804602,"Costa, B.",105292,TRK800795
QII3O06,NNCVNTGTW8RES9067,Volkswagen,T-Cross,suv,2022,BR,CWB,Curitiba Afonso Pena,in_service,,,,76570,TRK800796
SBB2O60,ZFV70KM2WR1JF5952,Chevrolet,Onix,hatch,2024,BR,BSB,Brasilia Internacional,available,,,,12819,TRK800797
SQH3A50,SXRD1SX78BBTT7788,Chevrolet,Tracker,suv,2024,BR,POA,Porto Alegre Salgado Filho,on_rent,AGR-5717908,CUST-913801,"Santos, A.",64926,TRK800798
ZBM7Y26,VPGKAZZXS1LL14959,Hyundai,HB20,hatch,2024,BR,SSA,Salvador Deputado Magalhaes,available,,,,15746,TRK800799
YCR-7577,YRATSDB34SA0X3140,Hyundai,Elantra,sedan,2024,NA,DFW,Dallas Fort Worth,on_rent,AGR-3974790,CUST-903982,"Martinez, C.",29190,TRK800800
YGY-4823,RCR0UKGASJA1D9688,Jeep,Grand Cherokee,suv,2024,NA,ATL,Atlanta Hartsfield,available,,,,19497,TRK800801
JVU-1315,DKMTV1RB4MVC06027,Kia,Telluride,suv,2023,NA,ORD,Chicago O'Hare,in_service,,,,43845,TRK800802
VZH-1889,ZEZ4W7TXZ0RRH3633,Tesla,Model 3,sedan,2025,NA,LAX,Los Angeles International,on_rent,AGR-2910887,CUST-460437,"Anderson, T.",14896,TRK800803
SXV-3325,XTCM0CV27X39T4888,Toyota,Camry,sedan,2022,NA,MCO,Orlando International,available,,,,91042,TRK800804
COF-7588,ETFTBJKL11W9Z9493,Toyota,RAV4,suv,2023,NA,DEN,Denver International,available,,,,91338,TRK800805
SVD-7305,DFSSS80281F7W0930,Chevrolet,Malibu,sedan,2025,NA,PHX,Phoenix Sky Harbor,on_rent,AGR-3939875,CUST-541743,"Brown, J.",58398,TRK800806
PAC-3926,AKY9KAPDT159E7512,Chevrolet,Equinox,suv,2023,NA,YYZ,Toronto Pearson,on_rent,AGR-5171554,CUST-109389,"Williams, W.",115852,TRK800807
AE47 HMK,EZK2NNEUGZ5VP4561,Skoda,Octavia,sedan,2025,EU,LHR,London Heathrow,on_rent,AGR-1272937,CUST-354879,"Andersson, J.",23763,TRK800808
HQ57 IWM,PEG8EU2RSWTJ42119,Opel,Corsa,hatch,2023,EU,CDG,Paris Charles de Gaulle,in_service,,,,128301,TRK800809
EX16 IFT,TNFAT80RTS4WT2898,BMW,1 Series,hatch,2023,EU,FRA,Frankfurt am Main,available,,,,127946,TRK800810
ES87 ZXR,HGLXSZWYVBPU04933,Mercedes-Benz,A-Class,hatch,2022,EU,MAD,Madrid Barajas,available,,,,133074,TRK800811
HD51 GTQ,GWC98S0104JK37641,Fiat,500e,hatch,2024,EU,MXP,Milan Malpensa,available,,,,16889,TRK800812
VH14 JXS,CGK71DYL9X82U5361,Seat,Leon,hatch,2025,EU,AMS,Amsterdam Schiphol,available,,,,132056,TRK800813
KT93 EBQ,FHLE1YUU6GS826062,Ford,Puma,suv,2024,EU,MUC,Munich Franz Josef Strauss,available,,,,94972,TRK800814
OT62 NDQ,PVLX9J0KFKYG72676,Citroen,C3,hatch,2023,EU,LIS,Lisbon Humberto Delgado,in_service,,,,95183,TRK800815
PPP3U21,CSM3ET5B29M4C8448,Fiat,Cronos,sedan,2024,BR,GRU,Sao Paulo Guarulhos,on_rent,AGR-4244314,CUST-320166,"Rodrigues, B.",120446,TRK800816
YIP6A56,UPEEL40XTL44X0558,Fiat,Argo,hatch,2025,BR,CGH,Sao Paulo Congonhas,on_rent,AGR-6994162,CUST-194191,"Rodrigues, H.",53859,TRK800817
BTC8Z45,TAMN56LVGHSPF9867,Fiat,Mobi,hatch,2025,BR,GIG,Rio Galeao,in_service,,,,116406,TRK800818
ZAW4K39,DUJ1F9B51DRSA0653,Volkswagen,Polo,hatch,2023,BR,CNF,Belo Horizonte Confins,on_rent,AGR-9619152,CUST-489804,"Almeida, W.",99573,TRK800819
KFT5C48,KZPDDFMT8C3CW4914,Volkswagen,T-Cross,suv,2023,BR,CWB,Curitiba Afonso Pena,on_rent,AGR-1346701,CUST-627577,"Almeida, B.",74840,TRK800820
BTF0V91,DWZ5JE55C9RR61576,Chevrolet,Onix,hatch,2023,BR,BSB,Brasilia Internacional,in_service,,,,53264,TRK800821
DTU6B37,RYYA91LEX0XXH5953,Chevrolet,Tracker,suv,2025,BR,POA,Porto Alegre Salgado Filho,on_rent,AGR-5672721,CUST-410657,"Rodrigues, B.",26201,TRK800822
MXC9S43,HVJTYRT8TBFLR0045,Hyundai,HB20,hatch,2023,BR,SSA,Salvador Deputado Magalhaes,on_rent,AGR-4893809,CUST-114270,"Oliveira, N.",57471,TRK800823
QMB-6417,BNH2SSFU0P2857027,Hyundai,Elantra,sedan,2023,NA,DFW,Dallas Fort Worth,on_rent,AGR-1134457,CUST-754148,"Martinez, D.",23699,TRK800824
LEA-5297,LFZCWPWPE7BS20811,Jeep,Grand Cherokee,suv,2024,NA,ATL,Atlanta Hartsfield,on_rent,AGR-9949741,CUST-551289,"Smith, E.",133172,TRK800825
USE-1718,LKUJJMEZ5717R5699,Kia,Telluride,suv,2025,NA,ORD,Chicago O'Hare,on_rent,AGR-6878585,CUST-655108,"Brown, K.",60652,TRK800826
EDP-9110,BLZTR0FT6T8KU0499,Tesla,Model 3,sedan,2024,NA,LAX,Los Angeles International,on_rent,AGR-1175909,CUST-410727,"Davis, E.",25360,TRK800827
CLG-1071,CRH5UY6LU3NV36118,Toyota,Camry,sedan,2023,NA,MCO,Orlando International,on_rent,AGR-4007194,CUST-368079,"Jones, C.",82957,TRK800828
GDV-6240,ZRV3LW75SUKSD7039,Toyota,RAV4,suv,2023,NA,DEN,Denver International,on_rent,AGR-7515318,CUST-229032,"Martinez, H.",42879,TRK800829
VOB-4043,HZSX5GF06BA1P7085,Chevrolet,Malibu,sedan,2024,NA,PHX,Phoenix Sky Harbor,on_rent,AGR-5058333,CUST-327555,"Brown, E.",111867,TRK800830
JIB-4048,UELFASWRBGAVX3879,Chevrolet,Equinox,suv,2024,NA,YYZ,Toronto Pearson,available,,,,122506,TRK800831
FA83 DIW,ACPCEBHJ8DKY49906,Skoda,Octavia,sedan,2024,EU,LHR,London Heathrow,on_rent,AGR-9812589,CUST-256605,"Murphy, A.",121856,TRK800832
BO51 NSW,WWCCE710SJFD93019,Opel,Corsa,hatch,2024,EU,CDG,Paris Charles de Gaulle,on_rent,AGR-3525773,CUST-234512,"Kowalski, R.",62678,TRK800833
JX71 AZO,AGUP3FR2MLAZK2216,BMW,1 Series,hatch,2025,EU,FRA,Frankfurt am Main,on_rent,AGR-5826200,CUST-188934,"Bianchi, B.",15151,TRK800834
NP56 QFN,RPEP0UA02FSCZ5846,Mercedes-Benz,A-Class,hatch,2025,EU,MAD,Madrid Barajas,available,,,,134086,TRK800835
SO44 KTP,XVG6DYH4GZU2L5137,Fiat,500e,hatch,2022,EU,MXP,Milan Malpensa,on_rent,AGR-5732779,CUST-726225,"Bianchi, G.",47205,TRK800836
IM22 EDF,ZUV46MJMEG1042989,Seat,Leon,hatch,2025,EU,AMS,Amsterdam Schiphol,in_service,,,,123589,TRK800837
QW48 PJF,XFLSWZY4ZZ98D7376,Ford,Puma,suv,2024,EU,MUC,Munich Franz Josef Strauss,on_rent,AGR-9104718,CUST-160616,"Jansen, W.",14576,TRK800838
SU57 MJO,VWUHS1LZUVHRC8873,Citroen,C3,hatch,2023,EU,LIS,Lisbon Humberto Delgado,on_rent,AGR-1062198,CUST-997912,"Murphy, R.",118859,TRK800839
EAD6K45,LRYZTHMYSLLNY5768,Fiat,Cronos,sedan,2022,BR,GRU,Sao Paulo Guarulhos,on_rent,AGR-3888162,CUST-367141,"Rodrigues, P.",66947,TRK800840
EJV0L09,PNMGL69BGKG4Z9645,Fiat,Argo,hatch,2024,BR,CGH,Sao Paulo Congonhas,available,,,,119940,TRK800841
NAQ3K60,BCR1FTC2KH9DZ6737,Fiat,Mobi,hatch,2022,BR,GIG,Rio Galeao,on_rent,AGR-3908472,CUST-147418,"Araujo, L.",37495,TRK800842
IVS0S98,PXCXYY8HM9H7D5940,Volkswagen,Polo,hatch,2024,BR,CNF,Belo Horizonte Confins,on_rent,AGR-5534911,CUST-652208,"Silva, K.",107561,TRK800843
ASK7U81,HVJ1M28U0AGH90725,Volkswagen,T-Cross,suv,2023,BR,CWB,Curitiba Afonso Pena,on_rent,AGR-2510339,CUST-470959,"Almeida, E.",10422,TRK800844
XOV7P36,UPRPP7K4ZUHAC0060,Chevrolet,Onix,hatch,2024,BR,BSB,Brasilia Internacional,on_rent,AGR-9757408,CUST-891270,"Araujo, E.",123364,TRK800845
FHU3F54,AXMRHAWTXJD6V3153,Chevrolet,Tracker,suv,2025,BR,POA,Porto Alegre Salgado Filho,on_rent,AGR-1041739,CUST-502599,"Costa, F.",128784,TRK800846
ZYC7R64,EKERPMKT1T9F87539,Hyundai,HB20,hatch,2025,BR,SSA,Salvador Deputado Magalhaes,available,,,,90457,TRK800847
FHP-1927,BZPLHV3HWVLG47293,Hyundai,Elantra,sedan,2024,NA,DFW,Dallas Fort Worth,on_rent,AGR-9328202,CUST-429211,"Garcia, G.",122267,TRK800848
XGO-9424,CMV4LY3KPZRAS9010,Jeep,Grand Cherokee,suv,2023,NA,ATL,Atlanta Hartsfield,available,,,,35108,TRK800849
PMC-3472,HVN6B71M569R68368,Kia,Telluride,suv,2023,NA,ORD,Chicago O'Hare,on_rent,AGR-1445483,CUST-780374,"Davis, A.",135587,TRK800850
PYE-3358,NUWEEHZUKW2FL0724,Tesla,Model 3,sedan,2024,NA,LAX,Los Angeles International,on_rent,AGR-9234757,CUST-443831,"Davis, T.",122192,TRK800851
ZPO-4868,DFYD6LMM2LV2N2080,Toyota,Camry,sedan,2025,NA,MCO,Orlando International,on_rent,AGR-2570584,CUST-650290,"Davis, H.",13948,TRK800852
JCJ-8919,BXZ69EL3CSV7L6447,Toyota,RAV4,suv,2024,NA,DEN,Denver International,on_rent,AGR-2252381,CUST-879778,"Smith, R.",15143,TRK800853
ZYU-5374,MPTJGTXJ1EUUK0354,Chevrolet,Malibu,sedan,2022,NA,PHX,Phoenix Sky Harbor,in_service,,,,71329,TRK800854
DLS-9162,MRZA9VE6ZSD289255,Chevrolet,Equinox,suv,2022,NA,YYZ,Toronto Pearson,on_rent,AGR-6560417,CUST-686374,"Garcia, K.",31133,TRK800855
CR54 UXI,UHVUR1WDKJRXG6369,Skoda,Octavia,sedan,2023,EU,LHR,London Heathrow,available,,,,55089,TRK800856
IX88 DNC,RAL0AA4Z6S4J63734,Opel,Corsa,hatch,2023,EU,CDG,Paris Charles de Gaulle,on_rent,AGR-5587854,CUST-800077,"Kowalski, N.",115887,TRK800857
ES26 RMJ,YXHC19UN1RB7C6809,BMW,1 Series,hatch,2024,EU,FRA,Frankfurt am Main,on_rent,AGR-8590346,CUST-582009,"Dubois, N.",8301,TRK800858
IF14 EZE,EYZEH24DVUETY5866,Mercedes-Benz,A-Class,hatch,2024,EU,MAD,Madrid Barajas,in_service,,,,89083,TRK800859
MD45 JAT,FGHN4WKSPUK8R0860,Fiat,500e,hatch,2022,EU,MXP,Milan Malpensa,on_rent,AGR-7437922,CUST-358298,"Kowalski, E.",107161,TRK800860
UK55 SYF,XFSVRG5K21DL02931,Seat,Leon,hatch,2025,EU,AMS,Amsterdam Schiphol,available,,,,137198,TRK800861
IY46 VIR,NSEBE0KXFE4GP4521,Ford,Puma,suv,2024,EU,MUC,Munich Franz Josef Strauss,available,,,,71651,TRK800862
DI99 ZSO,TTRLD480J0LJF7222,Citroen,C3,hatch,2024,EU,LIS,Lisbon Humberto Delgado,on_rent,AGR-8305583,CUST-545567,"Dubois, T.",74296,TRK800863
CJG9C41,CCJEUXTA60Y4W1594,Fiat,Cronos,sedan,2022,BR,GRU,Sao Paulo Guarulhos,on_rent,AGR-7801301,CUST-761506,"Almeida, L.",118761,TRK800864
ENS3H92,CMJBC0S23BC3B8228,Fiat,Argo,hatch,2024,BR,CGH,Sao Paulo Congonhas,available,,,,52238,TRK800865
EFJ1D37,EANTX26L4GL911563,Fiat,Mobi,hatch,2024,BR,GIG,Rio Galeao,available,,,,76548,TRK800866
IBB5H75,EFYB3PR8162473403,Volkswagen,Polo,hatch,2023,BR,CNF,Belo Horizonte Confins,available,,,,33402,TRK800867
DZG2H93,WJLTJM8DKBZSK4881,Volkswagen,T-Cross,suv,2024,BR,CWB,Curitiba Afonso Pena,on_rent,AGR-8427582,CUST-548996,"Silva, F.",43382,TRK800868
NYO7U31,JYVPBXENS5MBR6623,Chevrolet,Onix,hatch,2023,BR,BSB,Brasilia Internacional,on_rent,AGR-6578686,CUST-690055,"Santos, J.",56825,TRK800869
NJD4P47,HHNPAJVHSULEM3414,Chevrolet,Tracker,suv,2024,BR,POA,Porto Alegre Salgado Filho,on_rent,AGR-7840442,CUST-233464,"Carvalho, W.",34794,TRK800870
EJD5P10,FXRTCELHDJTMZ7031,Hyundai,HB20,hatch,2023,BR,SSA,Salvador Deputado Magalhaes,on_rent,AGR-1438459,CUST-533018,"Santos, N.",85987,TRK800871
RZV-2264,PDMEZ56SZCW514011,Hyundai,Elantra,sedan,2022,NA,DFW,Dallas Fort Worth,available,,,,15779,TRK800872
YAD-5487,UWPX18RHD787J6524,Jeep,Grand Cherokee,suv,2023,NA,ATL,Atlanta Hartsfield,available,,,,60386,TRK800873
SUF-7366,ZKMSDC6W8K0DS9382,Kia,Telluride,suv,2023,NA,ORD,Chicago O'Hare,on_rent,AGR-9483015,CUST-987599,"Anderson, C.",100772,TRK800874
OVA-7745,YUHDME726R6AN9358,Tesla,Model 3,sedan,2022,NA,LAX,Los Angeles International,on_rent,AGR-2905700,CUST-520848,"Taylor, H.",108539,TRK800875
PVN-8897,YGYH6J2G534UY9838,Toyota,Camry,sedan,2023,NA,MCO,Orlando International,on_rent,AGR-1632454,CUST-177503,"Jones, W.",84382,TRK800876
JUF-1633,ETUTT7S242FJ91998,Toyota,RAV4,suv,2023,NA,DEN,Denver International,on_rent,AGR-5325450,CUST-626326,"Taylor, L.",15918,TRK800877
VDP-2633,GUN35LX65Y7D81601,Chevrolet,Malibu,sedan,2024,NA,PHX,Phoenix Sky Harbor,on_rent,AGR-6191492,CUST-988768,"Smith, E.",29410,TRK800878
JCD-3171,URXKL8Y4DUXZP8042,Chevrolet,Equinox,suv,2024,NA,YYZ,Toronto Pearson,available,,,,39527,TRK800879
PJ88 DVM,DVKAF97NJ34F55497,Skoda,Octavia,sedan,2023,EU,LHR,London Heathrow,on_rent,AGR-6561584,CUST-153895,"Andersson, P.",80367,TRK800880
FY93 PXJ,CAEPJY4WHNURJ8301,Opel,Corsa,hatch,2024,EU,CDG,Paris Charles de Gaulle,in_service,,,,12043,TRK800881
WX53 NOL,YNGPPZJ9BV5W96385,BMW,1 Series,hatch,2024,EU,FRA,Frankfurt am Main,in_service,,,,11418,TRK800882
BC47 UID,HANZTBG2ZV6006747,Mercedes-Benz,A-Class,hatch,2024,EU,MAD,Madrid Barajas,on_rent,AGR-1989763,CUST-804974,"Novak, D.",61829,TRK800883
VF27 HER,EFF9J0HXL9CNK0523,Fiat,500e,hatch,2022,EU,MXP,Milan Malpensa,on_rent,AGR-5578830,CUST-196751,"Muller, W.",57336,TRK800884
LV13 YKG,LREA80UJ7PY2W8588,Seat,Leon,hatch,2023,EU,AMS,Amsterdam Schiphol,in_service,,,,17608,TRK800885
WK41 JCT,LET6GJXTWJ82B1392,Ford,Puma,suv,2025,EU,MUC,Munich Franz Josef Strauss,on_rent,AGR-9555363,CUST-806881,"Silva, H.",137590,TRK800886
OR84 YDV,EDHVGFS0LMLNY6096,Citroen,C3,hatch,2024,EU,LIS,Lisbon Humberto Delgado,on_rent,AGR-6134852,CUST-831772,"Muller, W.",8099,TRK800887
JLE8T69,PAN43RMTWFEVH6082,Fiat,Cronos,sedan,2024,BR,GRU,Sao Paulo Guarulhos,on_rent,AGR-1725300,CUST-187025,"Costa, L.",63285,TRK800888
BEL3U02,TJGXSASJHKWYB5293,Fiat,Argo,hatch,2022,BR,CGH,Sao Paulo Congonhas,available,,,,26591,TRK800889
YBI1O90,EKDMMFS6LMLWJ9583,Fiat,Mobi,hatch,2022,BR,GIG,Rio Galeao,on_rent,AGR-7445348,CUST-282575,"Rodrigues, N.",16180,TRK800890
TZK9J45,FHCL8RE2H18US3011,Volkswagen,Polo,hatch,2025,BR,CNF,Belo Horizonte Confins,available,,,,72069,TRK800891
AJC6O69,FDMFBSRDX0SE85815,Volkswagen,T-Cross,suv,2022,BR,CWB,Curitiba Afonso Pena,on_rent,AGR-4614631,CUST-226993,"Souza, F.",116495,TRK800892
BDS3U31,GMWEYY53031BM7049,Chevrolet,Onix,hatch,2022,BR,BSB,Brasilia Internacional,on_rent,AGR-7321367,CUST-253327,"Oliveira, L.",73051,TRK800893
JAX7S79,EHAJND8E5RWW44667,Chevrolet,Tracker,suv,2023,BR,POA,Porto Alegre Salgado Filho,in_service,,,,40348,TRK800894
TJY5G86,WZD5VYUTUM3NB7715,Hyundai,HB20,hatch,2025,BR,SSA,Salvador Deputado Magalhaes,available,,,,111455,TRK800895
KPR-1900,PYC398F47SXV16330,Hyundai,Elantra,sedan,2025,NA,DFW,Dallas Fort Worth,on_rent,AGR-9016545,CUST-763340,"Miller, G.",72221,TRK800896
UQX-5660,XTMTEY55J9KC10656,Jeep,Grand Cherokee,suv,2022,NA,ATL,Atlanta Hartsfield,on_rent,AGR-5107753,CUST-575587,"Garcia, H.",27672,TRK800897
LTV-9228,NNWD8XG6YCYTM9340,Kia,Telluride,suv,2022,NA,ORD,Chicago O'Hare,on_rent,AGR-6718131,CUST-320525,"Martinez, E.",123023,TRK800898
JFN-8292,HMC9YBHLNEFYP6426,Tesla,Model 3,sedan,2023,NA,LAX,Los Angeles International,on_rent,AGR-7474375,CUST-743401,"Davis, P.",64280,TRK800899
DAJ-7664,XEL0T8TLRM7936909,Toyota,Camry,sedan,2023,NA,MCO,Orlando International,on_rent,AGR-8504617,CUST-538190,"Taylor, S.",100789,TRK800900
IEC-3146,VDKUP0B9CJYW04700,Toyota,RAV4,suv,2023,NA,DEN,Denver International,on_rent,AGR-9266916,CUST-858161,"Wilson, R.",76713,TRK800901
TQE-2533,KRU9FCV93HL4S7999,Chevrolet,Malibu,sedan,2024,NA,PHX,Phoenix Sky Harbor,on_rent,AGR-8470341,CUST-112321,"Miller, G.",121928,TRK800902
EZE-1443,BYTJZH8RGDDDU7395,Chevrolet,Equinox,suv,2025,NA,YYZ,Toronto Pearson,on_rent,AGR-7392549,CUST-124055,"Martinez, F.",73901,TRK800903
KU96 ITJ,PWE1PTH37C9GP1533,Skoda,Octavia,sedan,2024,EU,LHR,London Heathrow,on_rent,AGR-4609600,CUST-492377,"Muller, A.",22532,TRK800904
WU17 RBG,TTV2JG43J3HF45710,Opel,Corsa,hatch,2024,EU,CDG,Paris Charles de Gaulle,available,,,,36192,TRK800905
IQ92 GPJ,RLMZ3C206SLRJ7329,BMW,1 Series,hatch,2022,EU,FRA,Frankfurt am Main,on_rent,AGR-9171481,CUST-981637,"Kowalski, W.",12969,TRK800906
MT77 WRU,ZGS6U56PRUU759318,Mercedes-Benz,A-Class,hatch,2024,EU,MAD,Madrid Barajas,available,,,,84447,TRK800907
NC70 BXK,ALUDPCGN4NULV2456,Fiat,500e,hatch,2024,EU,MXP,Milan Malpensa,on_rent,AGR-7201152,CUST-358907,"Jansen, H.",108569,TRK800908
OY99 PKR,BCYMHUUYD0C098444,Seat,Leon,hatch,2023,EU,AMS,Amsterdam Schiphol,on_rent,AGR-4431084,CUST-265245,"Kowalski, F.",115173,TRK800909
WB31 KEQ,MKP6F0WC0X80W3666,Ford,Puma,suv,2024,EU,MUC,Munich Franz Josef Strauss,on_rent,AGR-3800406,CUST-607280,"Kowalski, S.",24037,TRK800910
PU74 MGA,WBAV59439H9CJ4755,Citroen,C3,hatch,2024,EU,LIS,Lisbon Humberto Delgado,on_rent,AGR-4634051,CUST-810735,"Muller, M.",95479,TRK800911
WND9S80,SDNPUNSSWTJ2R8585,Fiat,Cronos,sedan,2023,BR,GRU,Sao Paulo Guarulhos,on_rent,AGR-4267721,CUST-401541,"Lima, A.",131637,TRK800912
MVW5G99,RWGB854GF0W1P4661,Fiat,Argo,hatch,2024,BR,CGH,Sao Paulo Congonhas,in_service,,,,52164,TRK800913
KBX1B08,NZET01Z28SNDG7679,Fiat,Mobi,hatch,2023,BR,GIG,Rio Galeao,on_rent,AGR-8645617,CUST-683328,"Souza, H.",55292,TRK800914
PSC4M31,ZTPRJF91D5Y8T6935,Volkswagen,Polo,hatch,2023,BR,CNF,Belo Horizonte Confins,on_rent,AGR-3453713,CUST-916505,"Almeida, E.",125390,TRK800915
ABZ0W94,YYE1S35KR1L519166,Volkswagen,T-Cross,suv,2023,BR,CWB,Curitiba Afonso Pena,on_rent,AGR-5694321,CUST-318598,"Oliveira, S.",104342,TRK800916
NUG6T91,GAC3323F4V70K8711,Chevrolet,Onix,hatch,2022,BR,BSB,Brasilia Internacional,on_rent,AGR-3910682,CUST-652313,"Carvalho, H.",79776,TRK800917
XHB4W28,XRPU5FTSA1Z582246,Chevrolet,Tracker,suv,2025,BR,POA,Porto Alegre Salgado Filho,on_rent,AGR-8198924,CUST-645168,"Santos, M.",110952,TRK800918
ALW3C11,BMYDF0UYCVZJ81550,Hyundai,HB20,hatch,2024,BR,SSA,Salvador Deputado Magalhaes,available,,,,96079,TRK800919
LUA-2701,NSPX6ZYXS8DTF7085,Hyundai,Elantra,sedan,2024,NA,DFW,Dallas Fort Worth,on_rent,AGR-9824221,CUST-797094,"Anderson, M.",110482,TRK800920
FNN-8126,RTZZ0CVS5SLAB9016,Jeep,Grand Cherokee,suv,2025,NA,ATL,Atlanta Hartsfield,on_rent,AGR-1011337,CUST-586329,"Jones, H.",50728,TRK800921
TPM-5855,AUGP1L14J7V6R5401,Kia,Telluride,suv,2024,NA,ORD,Chicago O'Hare,on_rent,AGR-4162018,CUST-699425,"Johnson, E.",60397,TRK800922
JQN-1645,BXM20BGHBVYNW0815,Tesla,Model 3,sedan,2025,NA,LAX,Los Angeles International,on_rent,AGR-4907657,CUST-773773,"Smith, E.",123815,TRK800923
MUB-9083,JFV1SN9BAECTD1950,Toyota,Camry,sedan,2025,NA,MCO,Orlando International,available,,,,9800,TRK800924
EZI-3830,NXZU8GVPFXJ1L8107,Toyota,RAV4,suv,2025,NA,DEN,Denver International,on_rent,AGR-2543867,CUST-945948,"Anderson, J.",56507,TRK800925
MRP-4412,MXKGPEGM4HRUT5798,Chevrolet,Malibu,sedan,2024,NA,PHX,Phoenix Sky Harbor,on_rent,AGR-4332402,CUST-798621,"Taylor, J.",121091,TRK800926
NUF-7823,SGPSKLF91WXPX0074,Chevrolet,Equinox,suv,2024,NA,YYZ,Toronto Pearson,available,,,,124664,TRK800927
RG94 UIJ,HPWM2N1KL3P2B8716,Skoda,Octavia,sedan,2023,EU,LHR,London Heathrow,available,,,,14750,TRK800928
TY35 SBW,RRHY9LHN0F14T2256,Opel,Corsa,hatch,2023,EU,CDG,Paris Charles de Gaulle,on_rent,AGR-6891556,CUST-215279,"Jansen, B.",47609,TRK800929
DJ36 KHC,ERWGEEYMC56793915,BMW,1 Series,hatch,2025,EU,FRA,Frankfurt am Main,in_service,,,,30027,TRK800930
IE80 NVM,FYM73PYECNNJM1314,Mercedes-Benz,A-Class,hatch,2023,EU,MAD,Madrid Barajas,available,,,,87679,TRK800931
DC71 VJL,MLYEW2T8XB6TW3273,Fiat,500e,hatch,2023,EU,MXP,Milan Malpensa,on_rent,AGR-8419922,CUST-362332,"Andersson, D.",49905,TRK800932
YX31 YNI,DFP1ZG7ZVSA036945,Seat,Leon,hatch,2024,EU,AMS,Amsterdam Schiphol,available,,,,10663,TRK800933
TK19 NXP,BKL2M98TVE6BD4594,Ford,Puma,suv,2023,EU,MUC,Munich Franz Josef Strauss,in_service,,,,134360,TRK800934
VJ93 EBE,MWHSKP29BF6FG2171,Citroen,C3,hatch,2024,EU,LIS,Lisbon Humberto Delgado,on_rent,AGR-7070196,CUST-904371,"Jansen, R.",22602,TRK800935
UIG1Q90,GXKFUPE52AXX71756,Fiat,Cronos,sedan,2023,BR,GRU,Sao Paulo Guarulhos,available,,,,133232,TRK800936
ZKZ1O27,FTDU953ZYE9A69727,Fiat,Argo,hatch,2024,BR,CGH,Sao Paulo Congonhas,on_rent,AGR-5130309,CUST-516358,"Nascimento, C.",65488,TRK800937
VOP0O82,KMW5PC3GHL30B0096,Fiat,Mobi,hatch,2023,BR,GIG,Rio Galeao,on_rent,AGR-7329770,CUST-878464,"Almeida, H.",36231,TRK800938
FTK8M57,NBH3H0DHTWNK48789,Volkswagen,Polo,hatch,2025,BR,CNF,Belo Horizonte Confins,available,,,,74658,TRK800939
RVE7F09,BLDFFHR36KA901614,Volkswagen,T-Cross,suv,2023,BR,CWB,Curitiba Afonso Pena,available,,,,39158,TRK800940
XCY6Q15,XPHT0F5XFR0WZ9707,Chevrolet,Onix,hatch,2025,BR,BSB,Brasilia Internacional,on_rent,AGR-6138132,CUST-779494,"Rodrigues, P.",25183,TRK800941
PAO1N30,JUM1L6BDW0P579570,Chevrolet,Tracker,suv,2022,BR,POA,Porto Alegre Salgado Filho,available,,,,42260,TRK800942
MLK6D76,FRPY5FVV7ZZT96973,Hyundai,HB20,hatch,2023,BR,SSA,Salvador Deputado Magalhaes,on_rent,AGR-6945432,CUST-520260,"Santos, E.",110506,TRK800943
ODG-9920,TSK2A8DJR4KKS6246,Hyundai,Elantra,sedan,2023,NA,DFW,Dallas Fort Worth,on_rent,AGR-9291955,CUST-544871,"Brown, G.",114432,TRK800944
DLF-5841,THDSTDTGX1GRL6178,Jeep,Grand Cherokee,suv,2024,NA,ATL,Atlanta Hartsfield,on_rent,AGR-7501157,CUST-721968,"Martinez, S.",110937,TRK800945
TUH-7579,HZCNB97AX3RME4590,Kia,Telluride,suv,2022,NA,ORD,Chicago O'Hare,on_rent,AGR-1732845,CUST-377057,"Smith, N.",18837,TRK800946
QGA-2433,UDRS3XMVGXJV35172,Tesla,Model 3,sedan,2023,NA,LAX,Los Angeles International,on_rent,AGR-3261935,CUST-211626,"Davis, D.",52375,TRK800947
VDA-8088,CSGLTF6TC6AWP5773,Toyota,Camry,sedan,2024,NA,MCO,Orlando International,on_rent,AGR-3986486,CUST-881028,"Miller, D.",72483,TRK800948
QWW-1877,NTF37D0Y4UYNC2813,Toyota,RAV4,suv,2022,NA,DEN,Denver International,on_rent,AGR-7526630,CUST-332577,"Taylor, G.",18253,TRK800949
BJW-1922,HSYANJPMZEMTF9792,Chevrolet,Malibu,sedan,2024,NA,PHX,Phoenix Sky Harbor,on_rent,AGR-3074710,CUST-260587,"Davis, J.",27240,TRK800950
ICT-4018,LUCGYTB6BCS278880,Chevrolet,Equinox,suv,2024,NA,YYZ,Toronto Pearson,on_rent,AGR-4913637,CUST-699206,"Wilson, J.",110046,TRK800951
BT41 AYZ,SWNM2UKPW8H2B1763,Skoda,Octavia,sedan,2024,EU,LHR,London Heathrow,on_rent,AGR-9111031,CUST-766947,"Garcia, L.",60880,TRK800952
GN67 APW,EDSEJ0BK8AAH68605,Opel,Corsa,hatch,2025,EU,CDG,Paris Charles de Gaulle,on_rent,AGR-4850943,CUST-950141,"Muller, P.",65313,TRK800953
DU49 JIF,KUJ91AHFP0KVT5751,BMW,1 Series,hatch,2025,EU,FRA,Frankfurt am Main,available,,,,75948,TRK800954
NI11 TZS,KDKYNC4CW2LK84916,Mercedes-Benz,A-Class,hatch,2023,EU,MAD,Madrid Barajas,in_service,,,,75131,TRK800955
YC13 UGK,NLWHBB2BFXRRU9553,Fiat,500e,hatch,2025,EU,MXP,Milan Malpensa,on_rent,AGR-8103918,CUST-729091,"Rossi, F.",20319,TRK800956
YG87 VAT,HKEH9J0RUBZCH6719,Seat,Leon,hatch,2023,EU,AMS,Amsterdam Schiphol,on_rent,AGR-4381812,CUST-945103,"Novak, T.",35547,TRK800957
MN88 IXB,TPMJBJFBR8MM17368,Ford,Puma,suv,2023,EU,MUC,Munich Franz Josef Strauss,available,,,,121780,TRK800958
RU76 ZTL,WJS0FUUJLDL6X6633,Citroen,C3,hatch,2023,EU,LIS,Lisbon Humberto Delgado,available,,,,77040,TRK800959
ZSK4E70,TRGHJSRUUVGW16694,Fiat,Cronos,sedan,2025,BR,GRU,Sao Paulo Guarulhos,available,,,,10937,TRK800960
SBC4T56,CCADGV6MSXNTU5337,Fiat,Argo,hatch,2022,BR,CGH,Sao Paulo Congonhas,available,,,,63754,TRK800961
JIS2G36,ZGMUL1HL1MTTE7937,Fiat,Mobi,hatch,2023,BR,GIG,Rio Galeao,on_rent,AGR-6215477,CUST-147774,"Oliveira, J.",70265,TRK800962
ZOD4B16,LBYFLYUBRKZ4T4085,Volkswagen,Polo,hatch,2024,BR,CNF,Belo Horizonte Confins,available,,,,61751,TRK800963
KQL3A92,CAC9VRM5D0JZP2415,Volkswagen,T-Cross,suv,2025,BR,CWB,Curitiba Afonso Pena,on_rent,AGR-9216231,CUST-581995,"Pereira, T.",59231,TRK800964
IJV4G80,WJNZRFE649CEP7204,Chevrolet,Onix,hatch,2025,BR,BSB,Brasilia Internacional,on_rent,AGR-8074598,CUST-193089,"Rodrigues, B.",67032,TRK800965
VNE6H50,RUL2ZYYGYPHJF4673,Chevrolet,Tracker,suv,2024,BR,POA,Porto Alegre Salgado Filho,on_rent,AGR-6608326,CUST-245057,"Nascimento, M.",41607,TRK800966
HPM7N71,SKAG91XTWN5KV5746,Hyundai,HB20,hatch,2023,BR,SSA,Salvador Deputado Magalhaes,available,,,,109182,TRK800967
BZB-1762,VJBTPSNZ9FJGM4000,Hyundai,Elantra,sedan,2024,NA,DFW,Dallas Fort Worth,on_rent,AGR-6595741,CUST-786496,"Anderson, P.",34449,TRK800968
VVY-1220,BJR1543FKPT459830,Jeep,Grand Cherokee,suv,2025,NA,ATL,Atlanta Hartsfield,on_rent,AGR-9419884,CUST-695273,"Wilson, N.",21536,TRK800969
OZI-7582,PCKKXVU5ZTZY04598,Kia,Telluride,suv,2025,NA,ORD,Chicago O'Hare,available,,,,93919,TRK800970
WTA-7109,ZEMSMP14HAEE02956,Tesla,Model 3,sedan,2024,NA,LAX,Los Angeles International,on_rent,AGR-4119485,CUST-620491,"Miller, K.",97829,TRK800971
CIB-6809,CGCRR2KYKVFD54150,Toyota,Camry,sedan,2024,NA,MCO,Orlando International,in_service,,,,68087,TRK800972
AGK-5300,KDAAEZXEN5TTK8141,Toyota,RAV4,suv,2024,NA,DEN,Denver International,available,,,,129265,TRK800973
AEL-9423,MGJTL5NDPA7YL5631,Chevrolet,Malibu,sedan,2024,NA,PHX,Phoenix Sky Harbor,available,,,,48074,TRK800974
CFR-7145,LMT7RWNBDD6EK8724,Chevrolet,Equinox,suv,2024,NA,YYZ,Toronto Pearson,available,,,,104669,TRK800975
CI59 GIE,ZWFKA6PWF36B48437,Skoda,Octavia,sedan,2023,EU,LHR,London Heathrow,in_service,,,,138699,TRK800976
CK92 LLG,BCLE2C3KJ0VV51635,Opel,Corsa,hatch,2022,EU,CDG,Paris Charles de Gaulle,on_rent,AGR-7832808,CUST-478077,"Murphy, W.",61742,TRK800977
JK48 DZR,FWV69THM93TK51687,BMW,1 Series,hatch,2022,EU,FRA,Frankfurt am Main,available,,,,58483,TRK800978
CA17 YWX,TXEAG87S9TZ891371,Mercedes-Benz,A-Class,hatch,2025,EU,MAD,Madrid Barajas,available,,,,30506,TRK800979
SY58 EAQ,GXJY500NE8NY82173,Fiat,500e,hatch,2024,EU,MXP,Milan Malpensa,available,,,,27241,TRK800980
OI81 KTP,EJGW79N5JMB2M8384,Seat,Leon,hatch,2025,EU,AMS,Amsterdam Schiphol,available,,,,133100,TRK800981
BJ80 AFZ,FJATNKXGVSM214213,Ford,Puma,suv,2022,EU,MUC,Munich Franz Josef Strauss,available,,,,51624,TRK800982
GB22 MKU,MPEEZYZZVRNUF1213,Citroen,C3,hatch,2023,EU,LIS,Lisbon Humberto Delgado,available,,,,24893,TRK800983
ACD3R48,AJSHV50DZ1DM74200,Fiat,Cronos,sedan,2024,BR,GRU,Sao Paulo Guarulhos,available,,,,40458,TRK800984
JJC9W96,DJR3PEKV8FN5T7769,Fiat,Argo,hatch,2023,BR,CGH,Sao Paulo Congonhas,available,,,,37180,TRK800985
RIQ8M80,TPLR9APBAA07D2527,Fiat,Mobi,hatch,2023,BR,GIG,Rio Galeao,on_rent,AGR-7266568,CUST-319853,"Silva, P.",104029,TRK800986
PQA9M35,LUHXHHLXM95EN3287,Volkswagen,Polo,hatch,2022,BR,CNF,Belo Horizonte Confins,on_rent,AGR-9012394,CUST-438037,"Pereira, L.",90297,TRK800987
CVC4Q49,YFPVL77YUGMEH6656,Volkswagen,T-Cross,suv,2023,BR,CWB,Curitiba Afonso Pena,in_service,,,,92655,TRK800988
QTN3X01,BVGNZB37SC25L9430,Chevrolet,Onix,hatch,2024,BR,BSB,Brasilia Internacional,on_rent,AGR-3604390,CUST-280933,"Lima, E.",106418,TRK800989
RBS8Y32,PXZ35Z2H0DCK01179,Chevrolet,Tracker,suv,2023,BR,POA,Porto Alegre Salgado Filho,on_rent,AGR-4677122,CUST-559940,"Araujo, H.",138298,TRK800990
ALH9E50,BWPYHS8Y83MDS4897,Hyundai,HB20,hatch,2024,BR,SSA,Salvador Deputado Magalhaes,on_rent,AGR-2056402,CUST-212287,"Nascimento, E.",66716,TRK800991
LXB-3796,CMLDF1YWML85A6328,Hyundai,Elantra,sedan,2023,NA,DFW,Dallas Fort Worth,available,,,,60492,TRK800992
AOR-1366,SLC6Z4WXPP49H4897,Jeep,Grand Cherokee,suv,2022,NA,ATL,Atlanta Hartsfield,on_rent,AGR-6147567,CUST-733355,"Williams, L.",89869,TRK800993
QYU-6510,YVSHVVUNRL2X15925,Kia,Telluride,suv,2023,NA,ORD,Chicago O'Hare,available,,,,101504,TRK800994
NRP-9071,DLPB90H3YSFK75665,Tesla,Model 3,sedan,2023,NA,LAX,Los Angeles International,on_rent,AGR-7038824,CUST-722583,"Davis, R.",24289,TRK800995
JTI-4938,YCYGX8BNPWZMS4170,Toyota,Camry,sedan,2022,NA,MCO,Orlando International,on_rent,AGR-4745526,CUST-459251,"Jones, S.",93735,TRK800996
ERL-7109,MUANYKYPZ6TS22545,Toyota,RAV4,suv,2024,NA,DEN,Denver International,on_rent,AGR-5403875,CUST-758578,"Anderson, D.",105991,TRK800997
AOD-5122,NVR6GYYFJ7NLM0683,Chevrolet,Malibu,sedan,2024,NA,PHX,Phoenix Sky Harbor,on_rent,AGR-4636496,CUST-623568,"Jones, M.",11384,TRK800998
TVA-1644,DRBRWH2YUBLL66518,Chevrolet,Equinox,suv,2025,NA,YYZ,Toronto Pearson,on_rent,AGR-3618852,CUST-215177,"Taylor, M.",109767,TRK800999
GZ64 PHL,YMZT2Y3W88DH53500,Skoda,Octavia,sedan,2023,EU,LHR,London Heathrow,on_rent,AGR-6794950,CUST-960118,"Dubois, G.",87781,TRK801000
TH65 MVH,LSZTV4H1C03WE5967,Opel,Corsa,hatch,2025,EU,CDG,Paris Charles de Gaulle,on_rent,AGR-8330853,CUST-984453,"Jansen, W.",31088,TRK801001
NH70 ZSI,ZCEZRU6588CA44322,BMW,1 Series,hatch,2025,EU,FRA,Frankfurt am Main,in_service,,,,57845,TRK801002
RS28 KZT,KNLVGHRPDBPLH4692,Mercedes-Benz,A-Class,hatch,2022,EU,MAD,Madrid Barajas,on_rent,AGR-2835015,CUST-646068,"Dubois, W.",19370,TRK801003
KE17 GRU,XUDDVUZK6HY5G6258,Fiat,500e,hatch,2025,EU,MXP,Milan Malpensa,on_rent,AGR-3257862,CUST-273867,"Muller, C.",50774,TRK801004
RG59 AGA,TSNJWX20TXU6F7619,Seat,Leon,hatch,2024,EU,AMS,Amsterdam Schiphol,on_rent,AGR-3422314,CUST-876431,"Murphy, M.",118764,TRK801005
JR77 QMR,BYK6ZRE2EARKM6563,Ford,Puma,suv,2023,EU,MUC,Munich Franz Josef Strauss,on_rent,AGR-8204131,CUST-589966,"Novak, D.",102870,TRK801006
MZ42 ZZS,BVZY0EK8M7V379049,Citroen,C3,hatch,2022,EU,LIS,Lisbon Humberto Delgado,available,,,,32793,TRK801007
AOI2D42,HCWFS8MAS08B76937,Fiat,Cronos,sedan,2024,BR,GRU,Sao Paulo Guarulhos,on_rent,AGR-1420838,CUST-677139,"Araujo, T.",26767,TRK801008
RHY8J24,YWX50TPVFL5XK5538,Fiat,Argo,hatch,2023,BR,CGH,Sao Paulo Congonhas,on_rent,AGR-7331415,CUST-701788,"Souza, M.",48186,TRK801009
GCS5L65,XVZX0EMW6YY5Y0439,Fiat,Mobi,hatch,2023,BR,GIG,Rio Galeao,on_rent,AGR-1547915,CUST-462177,"Costa, T.",17778,TRK801010
MIR3Y81,XUVLDFVRG7WSW7615,Volkswagen,Polo,hatch,2025,BR,CNF,Belo Horizonte Confins,on_rent,AGR-8307873,CUST-999372,"Silva, A.",133950,TRK801011
OVU3C81,SHBEEBGTVMYGM1905,Volkswagen,T-Cross,suv,2022,BR,CWB,Curitiba Afonso Pena,available,,,,13701,TRK801012
OXZ3D69,CMN1MJAX3WPKX6775,Chevrolet,Onix,hatch,2022,BR,BSB,Brasilia Internacional,available,,,,84049,TRK801013
LJV5N43,RETW9ARDJZMH13329,Chevrolet,Tracker,suv,2024,BR,POA,Porto Alegre Salgado Filho,available,,,,58190,TRK801014
ANM9X76,FXZT4D8TX2VVW7193,Hyundai,HB20,hatch,2024,BR,SSA,Salvador Deputado Magalhaes,available,,,,83174,TRK801015
POS-4010,RCY53VFN78TBB0532,Hyundai,Elantra,sedan,2024,NA,DFW,Dallas Fort Worth,on_rent,AGR-3817316,CUST-401381,"Brown, F.",14953,TRK801016
IIM-1369,NZARGE0SN8CMV8809,Jeep,Grand Cherokee,suv,2024,NA,ATL,Atlanta Hartsfield,in_service,,,,26023,TRK801017
BZM-5340,JTUMJXMF670GA5932,Kia,Telluride,suv,2023,NA,ORD,Chicago O'Hare,on_rent,AGR-6218019,CUST-250127,"Martinez, A.",139230,TRK801018
PRN-9684,XRUS1B2E8A7F47873,Tesla,Model 3,sedan,2022,NA,LAX,Los Angeles International,available,,,,127271,TRK801019
GSY-3158,USVXAYC4GAKPT2845,Toyota,Camry,sedan,2024,NA,MCO,Orlando International,in_service,,,,59784,TRK801020
YFR-9299,ASA1L52BYKM590347,Toyota,RAV4,suv,2023,NA,DEN,Denver International,on_rent,AGR-3671115,CUST-866113,"Taylor, A.",56478,TRK801021
VWC-1910,JNP8WL16NASVG4518,Chevrolet,Malibu,sedan,2023,NA,PHX,Phoenix Sky Harbor,on_rent,AGR-1852295,CUST-340975,"Taylor, N.",46635,TRK801022
LQP-3322,HZUDS0U35GMV93753,Chevrolet,Equinox,suv,2023,NA,YYZ,Toronto Pearson,on_rent,AGR-7733299,CUST-609006,"Johnson, J.",21234,TRK801023
SN73 TPV,EAW8N48279N8F3716,Skoda,Octavia,sedan,2025,EU,LHR,London Heathrow,on_rent,AGR-3506425,CUST-692552,"Kowalski, A.",107552,TRK801024
RU57 KZD,CPGV5JA1WMWK75075,Opel,Corsa,hatch,2023,EU,CDG,Paris Charles de Gaulle,on_rent,AGR-6016835,CUST-688553,"Kowalski, H.",87396,TRK801025
FJ93 SZP,RHXUWXAGKCKCM4985,BMW,1 Series,hatch,2024,EU,FRA,Frankfurt am Main,available,,,,136632,TRK801026
MY49 HQV,XBF3EH1J8JXT30500,Mercedes-Benz,A-Class,hatch,2025,EU,MAD,Madrid Barajas,on_rent,AGR-1836164,CUST-695197,"Novak, A.",38123,TRK801027
YW27 ELI,WEBETE35H36M97647,Fiat,500e,hatch,2023,EU,MXP,Milan Malpensa,on_rent,AGR-2824240,CUST-845269,"Dubois, R.",16690,TRK801028
AA91 CQI,EWHDMHVKAAFLT6806,Seat,Leon,hatch,2025,EU,AMS,Amsterdam Schiphol,on_rent,AGR-9074865,CUST-925771,"Kowalski, C.",112246,TRK801029
XY40 MKA,BGE123UKWT4KK2386,Ford,Puma,suv,2024,EU,MUC,Munich Franz Josef Strauss,on_rent,AGR-9442934,CUST-612638,"Garcia, L.",129653,TRK801030
EX17 XNO,MJVECKES1HLDB5681,Citroen,C3,hatch,2023,EU,LIS,Lisbon Humberto Delgado,on_rent,AGR-9613156,CUST-591582,"Silva, H.",117133,TRK801031
IKH3B23,HPK6B9JXG1PCW2576,Fiat,Cronos,sedan,2022,BR,GRU,Sao Paulo Guarulhos,on_rent,AGR-5055514,CUST-341331,"Pereira, B.",40856,TRK801032
LLK8P06,VJX3H99KMSK459727,Fiat,Argo,hatch,2024,BR,CGH,Sao Paulo Congonhas,on_rent,AGR-3621766,CUST-489373,"Pereira, C.",12742,TRK801033
XLA5W95,HZKG4X7MYLNY76427,Fiat,Mobi,hatch,2024,BR,GIG,Rio Galeao,on_rent,AGR-4869062,CUST-282114,"Almeida, E.",111570,TRK801034
CVV8V46,ZPHL800WU4L2J2520,Volkswagen,Polo,hatch,2022,BR,CNF,Belo Horizonte Confins,available,,,,114745,TRK801035
CJG3W54,ATB2625JT63D97955,Volkswagen,T-Cross,suv,2024,BR,CWB,Curitiba Afonso Pena,on_rent,AGR-9798727,CUST-625165,"Almeida, D.",136567,TRK801036
RQD6Q60,ZUM5NT2N2RMSA6229,Chevrolet,Onix,hatch,2024,BR,BSB,Brasilia Internacional,in_service,,,,28603,TRK801037
XUR1V85,KRECWDNTJ1WE18740,Chevrolet,Tracker,suv,2023,BR,POA,Porto Alegre Salgado Filho,available,,,,124729,TRK801038
LDU4L36,WUGTW5GRXG2UR8631,Hyundai,HB20,hatch,2024,BR,SSA,Salvador Deputado Magalhaes,on_rent,AGR-8010465,CUST-571272,"Pereira, C.",21332,TRK801039
ZLM-4395,KHCZ3VD9128NN7020,Hyundai,Elantra,sedan,2023,NA,DFW,Dallas Fort Worth,on_rent,AGR-4589117,CUST-351895,"Davis, S.",21229,TRK801040
NDL-5639,USY9069G38PJM5263,Jeep,Grand Cherokee,suv,2022,NA,ATL,Atlanta Hartsfield,on_rent,AGR-1969781,CUST-458719,"Jones, B.",82493,TRK801041
UOH-9526,TSEKR6SD0CJFE0973,Kia,Telluride,suv,2022,NA,ORD,Chicago O'Hare,on_rent,AGR-1501784,CUST-708449,"Johnson, K.",131761,TRK801042
IDO-7762,LJPR9ZYCN6RA95518,Tesla,Model 3,sedan,2023,NA,LAX,Los Angeles International,in_service,,,,8551,TRK801043
JBL-7262,RRDBP5P2G6AZ05518,Toyota,Camry,sedan,2022,NA,MCO,Orlando International,on_rent,AGR-7925932,CUST-522101,"Miller, B.",36817,TRK801044
UTB-7252,GPCL8XSLJKK902371,Toyota,RAV4,suv,2023,NA,DEN,Denver International,on_rent,AGR-5354050,CUST-827795,"Martinez, E.",103593,TRK801045
BHC-2800,UBZ9RR7G7FT0R1397,Chevrolet,Malibu,sedan,2022,NA,PHX,Phoenix Sky Harbor,on_rent,AGR-5424055,CUST-576263,"Johnson, T.",115614,TRK801046
MVV-3343,KSPDJ42EG5H5C1142,Chevrolet,Equinox,suv,2024,NA,YYZ,Toronto Pearson,available,,,,82232,TRK801047
CW39 FKU,DRV0KKV2ZPT0H0782,Skoda,Octavia,sedan,2024,EU,LHR,London Heathrow,on_rent,AGR-8604027,CUST-204949,"Novak, T.",21897,TRK801048
IK70 EYE,RLYXH3WH1EDVG4231,Opel,Corsa,hatch,2024,EU,CDG,Paris Charles de Gaulle,in_service,,,,67371,TRK801049
WH60 XTJ,CFXSK40R1EAUV5744,BMW,1 Series,hatch,2023,EU,FRA,Frankfurt am Main,on_rent,AGR-2096686,CUST-836963,"Schmidt, W.",39917,TRK801050
MU52 JNZ,DFLES2RJ13HVJ8536,Mercedes-Benz,A-Class,hatch,2024,EU,MAD,Madrid Barajas,on_rent,AGR-8782600,CUST-728565,"Novak, W.",76563,TRK801051
UH61 ZDA,BRR04VYEXLKCC0605,Fiat,500e,hatch,2024,EU,MXP,Milan Malpensa,on_rent,AGR-9855100,CUST-208279,"Dubois, C.",117930,TRK801052
IJ47 CZL,LVPVHEEEKTMPA3748,Seat,Leon,hatch,2024,EU,AMS,Amsterdam Schiphol,on_rent,AGR-2827004,CUST-603363,"Schmidt, A.",127788,TRK801053
SS33 MUM,MGN7XWF6WDKU94473,Ford,Puma,suv,2024,EU,MUC,Munich Franz Josef Strauss,on_rent,AGR-9309921,CUST-852517,"Bianchi, E.",81952,TRK801054
VH89 EPV,NUR5G5FHC7XRV0546,Citroen,C3,hatch,2024,EU,LIS,Lisbon Humberto Delgado,available,,,,71055,TRK801055
DWD6E43,ANZCPGSKSDV064849,Fiat,Cronos,sedan,2025,BR,GRU,Sao Paulo Guarulhos,on_rent,AGR-6497182,CUST-478136,"Rodrigues, A.",41179,TRK801056
XRM6X74,EML83M1BR30351820,Fiat,Argo,hatch,2025,BR,CGH,Sao Paulo Congonhas,in_service,,,,63985,TRK801057
OGR4Z32,WXT585E03Z8CK6151,Fiat,Mobi,hatch,2024,BR,GIG,Rio Galeao,available,,,,125435,TRK801058
EGV3C07,JYJ7YWFTPLT482071,Volkswagen,Polo,hatch,2022,BR,CNF,Belo Horizonte Confins,on_rent,AGR-9897063,CUST-673519,"Oliveira, E.",104085,TRK801059
UUW3A19,GPJ7UFUZCL4TW7119,Volkswagen,T-Cross,suv,2023,BR,CWB,Curitiba Afonso Pena,on_rent,AGR-1250828,CUST-977239,"Souza, E.",83487,TRK801060
REU6Z58,DFNFWGLABLBTG4229,Chevrolet,Onix,hatch,2023,BR,BSB,Brasilia Internacional,on_rent,AGR-9728114,CUST-391945,"Souza, P.",22959,TRK801061
HBN4A77,ZTALYX5MLN3RA7888,Chevrolet,Tracker,suv,2024,BR,POA,Porto Alegre Salgado Filho,on_rent,AGR-9034763,CUST-739369,"Silva, F.",10111,TRK801062
OFD6F92,NNAD9CLZK40BL5647,Hyundai,HB20,hatch,2025,BR,SSA,Salvador Deputado Magalhaes,in_service,,,,109582,TRK801063
ZSG-6881,SVLN49GVH544X3548,Hyundai,Elantra,sedan,2024,NA,DFW,Dallas Fort Worth,in_service,,,,77657,TRK801064
OND-2694,FMUJADD102PSF0525,Jeep,Grand Cherokee,suv,2025,NA,ATL,Atlanta Hartsfield,on_rent,AGR-9525568,CUST-833400,"Williams, F.",75532,TRK801065
ZDB-8728,YZTC5AVEUNJN93012,Kia,Telluride,suv,2022,NA,ORD,Chicago O'Hare,available,,,,119534,TRK801066
VCN-3624,SWZUDSL4ALNM50319,Tesla,Model 3,sedan,2022,NA,LAX,Los Angeles International,on_rent,AGR-7097380,CUST-184687,"Smith, T.",41876,TRK801067
AGN-1175,REEFL29E0CH9H3235,Toyota,Camry,sedan,2024,NA,MCO,Orlando International,on_rent,AGR-6551480,CUST-946073,"Brown, D.",134357,TRK801068
WMH-3031,PPWRXK0FD0GPH4140,Toyota,RAV4,suv,2022,NA,DEN,Denver International,available,,,,42835,TRK801069
JZX-6427,UADM6YTK9TA084845,Chevrolet,Malibu,sedan,2022,NA,PHX,Phoenix Sky Harbor,on_rent,AGR-2996745,CUST-476087,"Smith, L.",61951,TRK801070
GDK-3661,ZLMAFA83LZCWV4983,Chevrolet,Equinox,suv,2023,NA,YYZ,Toronto Pearson,on_rent,AGR-6869365,CUST-384178,"Taylor, B.",139446,TRK801071
GT56 BYD,CDLALLZUBWVBS0661,Skoda,Octavia,sedan,2023,EU,LHR,London Heathrow,available,,,,10466,TRK801072
ZR74 AWY,VSDU4K8BEPMJP9769,Opel,Corsa,hatch,2023,EU,CDG,Paris Charles de Gaulle,on_rent,AGR-1758255,CUST-441820,"Bianchi, M.",87252,TRK801073
ZO85 ZRH,AZKMWT9VGL65R0009,BMW,1 Series,hatch,2024,EU,FRA,Frankfurt am Main,available,,,,78040,TRK801074
ZY23 LVF,FDGCRR30ZCHWU1152,Mercedes-Benz,A-Class,hatch,2023,EU,MAD,Madrid Barajas,in_service,,,,85446,TRK801075
PI59 DXD,HVWX8W6MS3EDY8863,Fiat,500e,hatch,2024,EU,MXP,Milan Malpensa,on_rent,AGR-6918428,CUST-968985,"Rossi, T.",121725,TRK801076
IY40 SOM,ZHB00XFYJKHLW4139,Seat,Leon,hatch,2023,EU,AMS,Amsterdam Schiphol,on_rent,AGR-5649030,CUST-215678,"Muller, R.",64304,TRK801077
JY67 LSD,ZNAGFMZDM3WUP8294,Ford,Puma,suv,2023,EU,MUC,Munich Franz Josef Strauss,on_rent,AGR-8557120,CUST-632029,"Garcia, S.",17554,TRK801078
JV14 PWG,BRX6WWR6CL10Y8320,Citroen,C3,hatch,2024,EU,LIS,Lisbon Humberto Delgado,available,,,,34053,TRK801079
GNS9T43,EUL2BE58SLCAW3897,Fiat,Cronos,sedan,2023,BR,GRU,Sao Paulo Guarulhos,on_rent,AGR-6553502,CUST-948153,"Santos, K.",15184,TRK801080
JNZ9K04,VHZNLPNV2922T1860,Fiat,Argo,hatch,2024,BR,CGH,Sao Paulo Congonhas,on_rent,AGR-5219074,CUST-177220,"Souza, P.",55683,TRK801081
DRS3V76,CXEX0TL1VS69A2448,Fiat,Mobi,hatch,2024,BR,GIG,Rio Galeao,on_rent,AGR-4973772,CUST-788091,"Araujo, A.",99839,TRK801082
ZKS5B16,PGZMU0YYYKDE87997,Volkswagen,Polo,hatch,2024,BR,CNF,Belo Horizonte Confins,on_rent,AGR-4215960,CUST-704565,"Araujo, B.",76630,TRK801083
VEN9A23,YFE3VPM1S6W2U7573,Volkswagen,T-Cross,suv,2022,BR,CWB,Curitiba Afonso Pena,on_rent,AGR-2126339,CUST-457313,"Carvalho, D.",35638,TRK801084
FDM2X09,UXGFE4AR970ME0407,Chevrolet,Onix,hatch,2024,BR,BSB,Brasilia Internacional,on_rent,AGR-2426729,CUST-267368,"Oliveira, P.",124854,TRK801085
OYB5J79,ULSVA93SC9A152742,Chevrolet,Tracker,suv,2024,BR,POA,Porto Alegre Salgado Filho,on_rent,AGR-1889459,CUST-405278,"Lima, P.",26170,TRK801086
WAU6I56,EZXGMBPWDVWGX8107,Hyundai,HB20,hatch,2024,BR,SSA,Salvador Deputado Magalhaes,on_rent,AGR-9998338,CUST-373543,"Silva, R.",63061,TRK801087
NCE-9420,TWR9K9S38Z9S46187,Hyundai,Elantra,sedan,2023,NA,DFW,Dallas Fort Worth,available,,,,122271,TRK801088
KMX-7517,UTAC4SRKXP49W9545,Jeep,Grand Cherokee,suv,2024,NA,ATL,Atlanta Hartsfield,on_rent,AGR-4202907,CUST-229195,"Williams, J.",57332,TRK801089
STC-5287,UATV07X0ZSY6P2794,Kia,Telluride,suv,2022,NA,ORD,Chicago O'Hare,on_rent,AGR-9045319,CUST-590040,"Anderson, D.",15774,TRK801090
OTM-8422,ZEXJT53L452037683,Tesla,Model 3,sedan,2022,NA,LAX,Los Angeles International,on_rent,AGR-2780654,CUST-620473,"Martinez, M.",27699,TRK801091
UHW-3877,BCABXPXHWMEUL9748,Toyota,Camry,sedan,2025,NA,MCO,Orlando International,on_rent,AGR-8571641,CUST-884509,"Jones, J.",95573,TRK801092
BJC-7626,KDMDVJ2P5CFWE7276,Toyota,RAV4,suv,2024,NA,DEN,Denver International,on_rent,AGR-7634880,CUST-877580,"Wilson, R.",57731,TRK801093
CZZ-8500,KWY2PKSZ5HH2Z0955,Chevrolet,Malibu,sedan,2023,NA,PHX,Phoenix Sky Harbor,on_rent,AGR-6660786,CUST-627764,"Miller, F.",41826,TRK801094
FIL-4989,LER66753P4GTU8383,Chevrolet,Equinox,suv,2024,NA,YYZ,Toronto Pearson,on_rent,AGR-6393992,CUST-725427,"Brown, F.",23557,TRK801095
XW35 UIW,UAB99TG9NY80M5437,Skoda,Octavia,sedan,2023,EU,LHR,London Heathrow,available,,,,122806,TRK801096
RD88 ECY,KSYGHVKR0JBFW1698,Opel,Corsa,hatch,2024,EU,CDG,Paris Charles de Gaulle,in_service,,,,138240,TRK801097
OF73 KRB,JMEBUVUZWWXMJ4567,BMW,1 Series,hatch,2023,EU,FRA,Frankfurt am Main,on_rent,AGR-9602031,CUST-370514,"Kowalski, K.",129287,TRK801098
WG63 AWK,WPFWM4DGRF1794567,Mercedes-Benz,A-Class,hatch,2024,EU,MAD,Madrid Barajas,in_service,,,,63695,TRK801099
CL62 RZM,EZEF3W1TMG1LE1673,Fiat,500e,hatch,2024,EU,MXP,Milan Malpensa,on_rent,AGR-1589269,CUST-237698,"Bianchi, E.",14977,TRK801100
UW72 CRN,XXFJKWNTC46843435,Seat,Leon,hatch,2024,EU,AMS,Amsterdam Schiphol,on_rent,AGR-1240522,CUST-615419,"Silva, F.",14373,TRK801101
JL89 QKQ,NNHNULJ51ABM81245,Ford,Puma,suv,2023,EU,MUC,Munich Franz Josef Strauss,available,,,,65128,TRK801102
TI59 SWT,TKFZAJV2M92F53608,Citroen,C3,hatch,2025,EU,LIS,Lisbon Humberto Delgado,in_service,,,,127413,TRK801103
FGX2A26,PNTUJ8VXR8UMB7720,Fiat,Cronos,sedan,2023,BR,GRU,Sao Paulo Guarulhos,available,,,,103354,TRK801104
ORH4O10,APFEEHNPXFMUB3160,Fiat,Argo,hatch,2025,BR,CGH,Sao Paulo Congonhas,on_rent,AGR-3165356,CUST-943285,"Rodrigues, S.",51716,TRK801105
EYO3X81,YEFNV1KAG29MM5533,Fiat,Mobi,hatch,2023,BR,GIG,Rio Galeao,on_rent,AGR-7887795,CUST-646525,"Nascimento, H.",137767,TRK801106
RRC5Z74,PXKSWESMR0KHZ4334,Volkswagen,Polo,hatch,2025,BR,CNF,Belo Horizonte Confins,on_rent,AGR-8234911,CUST-623722,"Araujo, H.",17414,TRK801107
OWO0A84,PFHGLHATH2YT19095,Volkswagen,T-Cross,suv,2024,BR,CWB,Curitiba Afonso Pena,on_rent,AGR-6419560,CUST-316351,"Silva, C.",134153,TRK801108
QPC6E69,HHMU3L4217PDD7488,Chevrolet,Onix,hatch,2023,BR,BSB,Brasilia Internacional,on_rent,AGR-4317311,CUST-441916,"Costa, R.",29934,TRK801109
TNV9L59,ZVYJNYMMPP1ML3932,Chevrolet,Tracker,suv,2025,BR,POA,Porto Alegre Salgado Filho,on_rent,AGR-7488130,CUST-240513,"Nascimento, C.",125492,TRK801110
FWK2X84,MEBWZA4SL64B54904,Hyundai,HB20,hatch,2023,BR,SSA,Salvador Deputado Magalhaes,on_rent,AGR-9244760,CUST-409745,"Araujo, K.",112234,TRK801111
IOG-1421,TUEK3CPFB5AJJ0157,Hyundai,Elantra,sedan,2025,NA,DFW,Dallas Fort Worth,on_rent,AGR-3900319,CUST-711057,"Brown, P.",11019,TRK801112
RBL-3699,MSVL31JXG58F95323,Jeep,Grand Cherokee,suv,2023,NA,ATL,Atlanta Hartsfield,available,,,,19479,TRK801113
XXH-5292,TZMX4CDUBWUT53041,Kia,Telluride,suv,2024,NA,ORD,Chicago O'Hare,on_rent,AGR-5013389,CUST-404458,"Williams, D.",89784,TRK801114
BCJ-6002,UBF34RTKPAC769432,Tesla,Model 3,sedan,2024,NA,LAX,Los Angeles International,on_rent,AGR-1605663,CUST-638063,"Williams, C.",82220,TRK801115
YNU-7532,SBK4X50D57ZXJ0585,Toyota,Camry,sedan,2023,NA,MCO,Orlando International,on_rent,AGR-1506210,CUST-217455,"Brown, G.",40980,TRK801116
PCI-9507,SNM3YWN9NW9E46182,Toyota,RAV4,suv,2025,NA,DEN,Denver International,on_rent,AGR-4505894,CUST-223387,"Miller, A.",74591,TRK801117
XYB-6168,ZRACRD3USW10N9728,Chevrolet,Malibu,sedan,2024,NA,PHX,Phoenix Sky Harbor,available,,,,135756,TRK801118
EYH-4574,ZRB1Y6L01Y4H39165,Chevrolet,Equinox,suv,2024,NA,YYZ,Toronto Pearson,on_rent,AGR-4320223,CUST-361774,"Williams, G.",61714,TRK801119
RW77 RGT,XFHWM0YB9L9PM4494,Skoda,Octavia,sedan,2023,EU,LHR,London Heathrow,on_rent,AGR-6307723,CUST-218037,"Garcia, D.",135321,TRK801120
NP79 RGR,ZSGSC9F12GFTG7192,Opel,Corsa,hatch,2023,EU,CDG,Paris Charles de Gaulle,on_rent,AGR-9705392,CUST-426317,"Andersson, P.",71374,TRK801121
EB61 HDO,LMFVXS27GNZK08402,BMW,1 Series,hatch,2022,EU,FRA,Frankfurt am Main,on_rent,AGR-2860729,CUST-885694,"Novak, J.",22942,TRK801122
NR58 DDJ,NAGR45AS1MMMH6210,Mercedes-Benz,A-Class,hatch,2023,EU,MAD,Madrid Barajas,on_rent,AGR-5331950,CUST-283972,"Bianchi, N.",41770,TRK801123
HP67 CIZ,AGKHLHMNTU10E0113,Fiat,500e,hatch,2022,EU,MXP,Milan Malpensa,available,,,,26172,TRK801124
QM85 PIV,EZDVDREP3LV1C4237,Seat,Leon,hatch,2022,EU,AMS,Amsterdam Schiphol,on_rent,AGR-2426628,CUST-526128,"Schmidt, M.",114074,TRK801125
AH45 QUI,UJGXW20TBYMM74995,Ford,Puma,suv,2023,EU,MUC,Munich Franz Josef Strauss,available,,,,106848,TRK801126
CX99 PWW,MPEXMAZ007T4V3353,Citroen,C3,hatch,2023,EU,LIS,Lisbon Humberto Delgado,on_rent,AGR-6134381,CUST-583348,"Murphy, K.",49408,TRK801127
FNI8T62,ZCY235V0W68JM7347,Fiat,Cronos,sedan,2024,BR,GRU,Sao Paulo Guarulhos,on_rent,AGR-2256482,CUST-873499,"Araujo, H.",132972,TRK801128
JFU3K91,MEUCDXAXNSY7D0790,Fiat,Argo,hatch,2023,BR,CGH,Sao Paulo Congonhas,on_rent,AGR-7955095,CUST-441533,"Costa, J.",117369,TRK801129
XCQ7B86,TWJ40Y77T74KS4223,Fiat,Mobi,hatch,2023,BR,GIG,Rio Galeao,available,,,,139915,TRK801130
OLZ4F93,KSGMBFYXJYW037680,Volkswagen,Polo,hatch,2024,BR,CNF,Belo Horizonte Confins,on_rent,AGR-3030037,CUST-763248,"Oliveira, L.",19424,TRK801131
RFY2M61,VVBTST19UPDDP7526,Volkswagen,T-Cross,suv,2022,BR,CWB,Curitiba Afonso Pena,available,,,,77908,TRK801132
AAG7A96,VAR2FY3ZTUEA28170,Chevrolet,Onix,hatch,2025,BR,BSB,Brasilia Internacional,available,,,,38964,TRK801133
WNP4R56,PYFTN3XJHMSLV2182,Chevrolet,Tracker,suv,2024,BR,POA,Porto Alegre Salgado Filho,on_rent,AGR-8900241,CUST-514362,"Pereira, J.",21636,TRK801134
ZBG4K97,EEBBUBSE3D8RG5657,Hyundai,HB20,hatch,2023,BR,SSA,Salvador Deputado Magalhaes,on_rent,AGR-7227987,CUST-564835,"Souza, H.",139890,TRK801135
XMH-6488,CPTM99HWSXP785613,Hyundai,Elantra,sedan,2025,NA,DFW,Dallas Fort Worth,on_rent,AGR-4357216,CUST-605610,"Anderson, A.",124141,TRK801136
GEP-8118,HGJ89NSAEW8EY2895,Jeep,Grand Cherokee,suv,2023,NA,ATL,Atlanta Hartsfield,on_rent,AGR-6654233,CUST-887391,"Wilson, G.",70318,TRK801137
ARW-6114,EXGG2DV0HCCEC2028,Kia,Telluride,suv,2025,NA,ORD,Chicago O'Hare,available,,,,78406,TRK801138
ELU-8976,UXAHWEV6P7XTR8853,Tesla,Model 3,sedan,2022,NA,LAX,Los Angeles International,on_rent,AGR-7478733,CUST-410160,"Garcia, M.",20691,TRK801139
OTV-3577,PKALD9VCUPDG88620,Toyota,Camry,sedan,2024,NA,MCO,Orlando International,available,,,,87626,TRK801140
VVQ-4566,YGCP1FA6ZPTNP1322,Toyota,RAV4,suv,2025,NA,DEN,Denver International,on_rent,AGR-1500857,CUST-233973,"Garcia, A.",93735,TRK801141
HJP-7841,SCKUF9N50EMBK2402,Chevrolet,Malibu,sedan,2024,NA,PHX,Phoenix Sky Harbor,on_rent,AGR-7394361,CUST-277100,"Williams, D.",127881,TRK801142
NHT-5213,WLWJ0CNLJTPUP3250,Chevrolet,Equinox,suv,2022,NA,YYZ,Toronto Pearson,available,,,,15072,TRK801143
XZ69 GMV,NHYANRWDBADJZ7405,Skoda,Octavia,sedan,2023,EU,LHR,London Heathrow,on_rent,AGR-4587423,CUST-727456,"Dubois, P.",24427,TRK801144
XA66 GXE,PKKVCXZNPH5XU0954,Opel,Corsa,hatch,2024,EU,CDG,Paris Charles de Gaulle,on_rent,AGR-1389380,CUST-728589,"Garcia, S.",109827,TRK801145
DA46 LYP,HZJTUKGYDEV3L2142,BMW,1 Series,hatch,2024,EU,FRA,Frankfurt am Main,in_service,,,,65650,TRK801146
RZ48 XOO,CVTZFVHFGN2SZ5225,Mercedes-Benz,A-Class,hatch,2024,EU,MAD,Madrid Barajas,on_rent,AGR-4595723,CUST-627815,"Muller, N.",14012,TRK801147
MI60 ZTU,FJHKENGSMB7B65827,Fiat,500e,hatch,2024,EU,MXP,Milan Malpensa,available,,,,8674,TRK801148
NT47 MNA,KVBDXSGVHWU756980,Seat,Leon,hatch,2022,EU,AMS,Amsterdam Schiphol,on_rent,AGR-4124969,CUST-286037,"Dubois, L.",115816,TRK801149
WQ99 CUS,XBBK7LEDDP8TS0020,Ford,Puma,suv,2022,EU,MUC,Munich Franz Josef Strauss,on_rent,AGR-4748441,CUST-640671,"Jansen, L.",85471,TRK801150
AD13 CFJ,MRD5P3R5J7CSP0592,Citroen,C3,hatch,2023,EU,LIS,Lisbon Humberto Delgado,available,,,,105640,TRK801151
SNR7C64,PYS4X00K9DAP18034,Fiat,Cronos,sedan,2025,BR,GRU,Sao Paulo Guarulhos,available,,,,86011,TRK801152
ISL2E05,VJB3DX4XYPNR97355,Fiat,Argo,hatch,2023,BR,CGH,Sao Paulo Congonhas,on_rent,AGR-1115847,CUST-507539,"Costa, D.",31995,TRK801153
HBM9L09,PLS5A77U345783768,Fiat,Mobi,hatch,2025,BR,GIG,Rio Galeao,on_rent,AGR-4718703,CUST-305171,"Silva, F.",109534,TRK801154
HDZ4V43,WPUZ61R6S3JN15632,Volkswagen,Polo,hatch,2023,BR,CNF,Belo Horizonte Confins,on_rent,AGR-2494073,CUST-168264,"Oliveira, B.",24163,TRK801155
RYA4I95,PBU4Y6G2FHULG4595,Volkswagen,T-Cross,suv,2024,BR,CWB,Curitiba Afonso Pena,in_service,,,,85962,TRK801156
QBN2W58,JLNUEN2YG9H5K2344,Chevrolet,Onix,hatch,2025,BR,BSB,Brasilia Internacional,available,,,,67968,TRK801157
NFK3V97,XUKWSR5NC26SJ8116,Chevrolet,Tracker,suv,2023,BR,POA,Porto Alegre Salgado Filho,available,,,,138578,TRK801158
SAE6E77,RNC7RR8SU0CK84424,Hyundai,HB20,hatch,2024,BR,SSA,Salvador Deputado Magalhaes,on_rent,AGR-7930068,CUST-606584,"Carvalho, B.",73713,TRK801159
LPE-4379,CZEL9HBCM9MR20011,Hyundai,Elantra,sedan,2024,NA,DFW,Dallas Fort Worth,on_rent,AGR-6385974,CUST-881320,"Martinez, K.",22340,TRK801160
AUL-4730,LGCC7ZHPT1MEJ2447,Jeep,Grand Cherokee,suv,2023,NA,ATL,Atlanta Hartsfield,available,,,,8875,TRK801161
IIX-4706,DJZ4H1YZEGCWX9695,Kia,Telluride,suv,2024,NA,ORD,Chicago O'Hare,on_rent,AGR-3535547,CUST-822652,"Jones, B.",130882,TRK801162
VXQ-2323,TDX02R9KATNWU3556,Tesla,Model 3,sedan,2025,NA,LAX,Los Angeles International,on_rent,AGR-6578358,CUST-479188,"Martinez, S.",53859,TRK801163
QQR-3354,GSX9LKJB8LCL71107,Toyota,Camry,sedan,2024,NA,MCO,Orlando International,available,,,,81067,TRK801164
IKL-4774,UTFZXA0GVSXUR6207,Toyota,RAV4,suv,2025,NA,DEN,Denver International,in_service,,,,73359,TRK801165
QOC-3119,BXSLD4DRPC6P86490,Chevrolet,Malibu,sedan,2023,NA,PHX,Phoenix Sky Harbor,available,,,,47011,TRK801166
IHA-2995,ANCHJN9RKNWKH3354,Chevrolet,Equinox,suv,2023,NA,YYZ,Toronto Pearson,on_rent,AGR-2159767,CUST-724069,"Wilson, S.",38011,TRK801167
OF89 NTO,ACA2DKEJKYPNT1127,Skoda,Octavia,sedan,2025,EU,LHR,London Heathrow,available,,,,70853,TRK801168
ZE24 LSS,ESWGDWUEZ8YJ23451,Opel,Corsa,hatch,2023,EU,CDG,Paris Charles de Gaulle,in_service,,,,87475,TRK801169
AJ67 GVD,KTGSWKWXYG0W13623,BMW,1 Series,hatch,2024,EU,FRA,Frankfurt am Main,on_rent,AGR-7459159,CUST-531101,"Jansen, N.",135056,TRK801170
FZ97 URE,DVGZTAXGV8UGD9809,Mercedes-Benz,A-Class,hatch,2023,EU,MAD,Madrid Barajas,on_rent,AGR-4314529,CUST-991800,"Muller, K.",118786,TRK801171
VM14 IRL,HDFCGGDMH57KU5758,Fiat,500e,hatch,2022,EU,MXP,Milan Malpensa,on_rent,AGR-3584030,CUST-374085,"Rossi, D.",81624,TRK801172
XH58 IUQ,DCZTMNPPGA4FY9401,Seat,Leon,hatch,2023,EU,AMS,Amsterdam Schiphol,on_rent,AGR-2751562,CUST-318705,"Andersson, G.",31499,TRK801173
SG56 ZRN,CGK5YG4NE1KBU8050,Ford,Puma,suv,2023,EU,MUC,Munich Franz Josef Strauss,on_rent,AGR-4221034,CUST-310222,"Murphy, A.",56038,TRK801174
KJ77 AJJ,FGPGYA4G050S66299,Citroen,C3,hatch,2023,EU,LIS,Lisbon Humberto Delgado,on_rent,AGR-8722037,CUST-838234,"Murphy, A.",87583,TRK801175
HQV0M58,WVNWERVB2S72B3173,Fiat,Cronos,sedan,2024,BR,GRU,Sao Paulo Guarulhos,available,,,,15542,TRK801176
FIL9P13,YXMPVCAYW077M5050,Fiat,Argo,hatch,2025,BR,CGH,Sao Paulo Congonhas,on_rent,AGR-2608514,CUST-974026,"Rodrigues, S.",120258,TRK801177
QRW8U87,UPC2MXCNZRXJD3187,Fiat,Mobi,hatch,2024,BR,GIG,Rio Galeao,on_rent,AGR-5593713,CUST-384732,"Rodrigues, B.",118858,TRK801178
LTM4X42,TRXRRGGV5NNFH7263,Volkswagen,Polo,hatch,2023,BR,CNF,Belo Horizonte Confins,available,,,,25122,TRK801179
FTU0R92,JYTSLEGM1FVNH9076,Volkswagen,T-Cross,suv,2022,BR,CWB,Curitiba Afonso Pena,on_rent,AGR-9087279,CUST-650478,"Silva, M.",57171,TRK801180
DHN9M38,TBZH1XEWD3H5N0021,Chevrolet,Onix,hatch,2025,BR,BSB,Brasilia Internacional,available,,,,101261,TRK801181
XEN5Q29,URXUDCJSWHUHS7075,Chevrolet,Tracker,suv,2025,BR,POA,Porto Alegre Salgado Filho,on_rent,AGR-1626506,CUST-359669,"Souza, E.",89803,TRK801182
YSJ1B11,AFXYU2X7L7SKG9697,Hyundai,HB20,hatch,2024,BR,SSA,Salvador Deputado Magalhaes,on_rent,AGR-8982206,CUST-693264,"Carvalho, S.",118259,TRK801183
ULI-8750,TVGM1NBT2BW1S8648,Hyundai,Elantra,sedan,2024,NA,DFW,Dallas Fort Worth,on_rent,AGR-6605605,CUST-553732,"Davis, B.",79511,TRK801184
XMD-4578,VDECYWGPK6DFY6737,Jeep,Grand Cherokee,suv,2024,NA,ATL,Atlanta Hartsfield,on_rent,AGR-8480864,CUST-109417,"Garcia, T.",108141,TRK801185
LDA-8001,JBS2WDKVHZC0E4166,Kia,Telluride,suv,2024,NA,ORD,Chicago O'Hare,available,,,,130720,TRK801186
JIT-3118,SFT30C7VZFRGF1355,Tesla,Model 3,sedan,2024,NA,LAX,Los Angeles International,on_rent,AGR-9261904,CUST-880356,"Martinez, L.",42562,TRK801187
KXS-4532,AGF2WPU0M9U375924,Toyota,Camry,sedan,2023,NA,MCO,Orlando International,on_rent,AGR-4468230,CUST-973888,"Anderson, B.",90255,TRK801188
FHL-7546,MJAF1V7NH3BWD2676,Toyota,RAV4,suv,2022,NA,DEN,Denver International,in_service,,,,55161,TRK801189
KAA-5787,EGC82R83K72F35678,Chevrolet,Malibu,sedan,2023,NA,PHX,Phoenix Sky Harbor,in_service,,,,76139,TRK801190
TOG-9608,EJZMLF6P5AY9C8441,Chevrolet,Equinox,suv,2023,NA,YYZ,Toronto Pearson,available,,,,54865,TRK801191
LL92 OVN,TTY5MM2F3Z7UM4969,Skoda,Octavia,sedan,2023,EU,LHR,London Heathrow,on_rent,AGR-9418940,CUST-575511,"Andersson, D.",108645,TRK801192
WK13 QSE,XJKTJ2FM1VTPN5772,Opel,Corsa,hatch,2024,EU,CDG,Paris Charles de Gaulle,available,,,,121644,TRK801193
YW27 VEO,RLKVVYYHPBPJ72067,BMW,1 Series,hatch,2023,EU,FRA,Frankfurt am Main,on_rent,AGR-9628763,CUST-569109,"Rossi, K.",86770,TRK801194
KL86 JRJ,VZPWG6UU8CMTY1923,Mercedes-Benz,A-Class,hatch,2023,EU,MAD,Madrid Barajas,on_rent,AGR-6534671,CUST-481696,"Murphy, H.",67557,TRK801195
MJ25 ZEY,ESEXSPC4JP7CH1691,Fiat,500e,hatch,2024,EU,MXP,Milan Malpensa,available,,,,52746,TRK801196
JL55 TKL,PFDUDDPXTTZ3N0127,Seat,Leon,hatch,2023,EU,AMS,Amsterdam Schiphol,on_rent,AGR-2537762,CUST-131425,"Silva, P.",70600,TRK801197
FC90 WSO,VHHSR2F4T2ZN11441,Ford,Puma,suv,2022,EU,MUC,Munich Franz Josef Strauss,on_rent,AGR-7183307,CUST-489866,"Silva, G.",35031,TRK801198
GV96 XHW,GVPFY2B0FVA4D8654,Citroen,C3,hatch,2023,EU,LIS,Lisbon Humberto Delgado,on_rent,AGR-5753431,CUST-571643,"Silva, D.",61448,TRK801199
EXA8H38,TZCBJBSUJXH9T5029,Fiat,Cronos,sedan,2023,BR,GRU,Sao Paulo Guarulhos,available,,,,33624,TRK801200
NNH7T83,LTCXVKHAKRV5K4214,Fiat,Argo,hatch,2024,BR,CGH,Sao Paulo Congonhas,on_rent,AGR-4644458,CUST-931698,"Nascimento, L.",65805,TRK801201
EUM9Y01,UVNHRRT47B89F2234,Fiat,Mobi,hatch,2023,BR,GIG,Rio Galeao,on_rent,AGR-7437563,CUST-687396,"Rodrigues, E.",38485,TRK801202
WCG8N62,KZTLYZF3GMLRL7362,Volkswagen,Polo,hatch,2025,BR,CNF,Belo Horizonte Confins,on_rent,AGR-7700727,CUST-783384,"Carvalho, M.",97428,TRK801203
MUX7U54,JXJGDTEAW2PT64183,Volkswagen,T-Cross,suv,2024,BR,CWB,Curitiba Afonso Pena,on_rent,AGR-6958120,CUST-302252,"Lima, J.",137451,TRK801204
LEB3K10,XVCN1MTP6FELL0813,Chevrolet,Onix,hatch,2024,BR,BSB,Brasilia Internacional,on_rent,AGR-2469527,CUST-756312,"Lima, G.",74151,TRK801205
FPV9W91,BJEDD60S2Z4Y20625,Chevrolet,Tracker,suv,2023,BR,POA,Porto Alegre Salgado Filho,on_rent,AGR-3535059,CUST-233074,"Nascimento, C.",94446,TRK801206
NLT9A42,ESABNU67JDLZC0733,Hyundai,HB20,hatch,2023,BR,SSA,Salvador Deputado Magalhaes,available,,,,104568,TRK801207
NCA-3509,EDNWJMCW7JVF90716,Hyundai,Elantra,sedan,2023,NA,DFW,Dallas Fort Worth,on_rent,AGR-5124328,CUST-186701,"Wilson, E.",62712,TRK801208
MCN-6829,LTAT9GWLMM9TW2274,Jeep,Grand Cherokee,suv,2022,NA,ATL,Atlanta Hartsfield,on_rent,AGR-5059319,CUST-524864,"Anderson, S.",22964,TRK801209
VNR-8986,BPV0LW44B55RW9811,Kia,Telluride,suv,2023,NA,ORD,Chicago O'Hare,available,,,,113038,TRK801210
HAU-7071,JTKL5TMX3VJC91773,Tesla,Model 3,sedan,2025,NA,LAX,Los Angeles International,on_rent,AGR-9858588,CUST-338238,"Smith, E.",107000,TRK801211
XDS-1402,EBK44LKZ2L63E3118,Toyota,Camry,sedan,2023,NA,MCO,Orlando International,available,,,,137429,TRK801212
WYL-5958,GRZ30J7SGEVV22403,Toyota,RAV4,suv,2022,NA,DEN,Denver International,on_rent,AGR-8758155,CUST-111244,"Taylor, J.",100983,TRK801213
ZHG-8711,CRXPR6WRVP2N68086,Chevrolet,Malibu,sedan,2025,NA,PHX,Phoenix Sky Harbor,available,,,,12030,TRK801214
VLX-6948,VCNCF4YDRJY1G4914,Chevrolet,Equinox,suv,2022,NA,YYZ,Toronto Pearson,in_service,,,,47074,TRK801215
XK83 GLO,AYSRP0GSB0XLU2411,Skoda,Octavia,sedan,2025,EU,LHR,London Heathrow,on_rent,AGR-4058281,CUST-572034,"Dubois, F.",117653,TRK801216
CD81 NQA,DAWEU04H04W333216,Opel,Corsa,hatch,2023,EU,CDG,Paris Charles de Gaulle,available,,,,11184,TRK801217
VW77 OOP,SBCHW8RZ866MU9828,BMW,1 Series,hatch,2024,EU,FRA,Frankfurt am Main,available,,,,34701,TRK801218
ZS97 DSF,EBM7DPSFWJBN20798,Mercedes-Benz,A-Class,hatch,2024,EU,MAD,Madrid Barajas,on_rent,AGR-6988198,CUST-210981,"Andersson, R.",63022,TRK801219
DP73 IQO,KSRFPMKDFPRX72907,Fiat,500e,hatch,2023,EU,MXP,Milan Malpensa,on_rent,AGR-3425906,CUST-910571,"Muller, C.",41654,TRK801220
SC82 NSS,GGMF2D4FXD2LS8689,Seat,Leon,hatch,2023,EU,AMS,Amsterdam Schiphol,on_rent,AGR-9650325,CUST-936598,"Bianchi, S.",31585,TRK801221
RP42 PQD,DFUASCJP7VEA82251,Ford,Puma,suv,2024,EU,MUC,Munich Franz Josef Strauss,on_rent,AGR-4708239,CUST-186721,"Kowalski, R.",112781,TRK801222
OL92 UBK,LSZYX5WKD48KD4944,Citroen,C3,hatch,2025,EU,LIS,Lisbon Humberto Delgado,available,,,,99828,TRK801223
SEO2B79,JTBCRPVNTBGCC9447,Fiat,Cronos,sedan,2022,BR,GRU,Sao Paulo Guarulhos,on_rent,AGR-7827264,CUST-661869,"Costa, R.",50882,TRK801224
UII1B91,CAK9YXGCNH9701749,Fiat,Argo,hatch,2024,BR,CGH,Sao Paulo Congonhas,on_rent,AGR-2191242,CUST-629457,"Almeida, P.",36342,TRK801225
OKG8J64,XCD5LY2CKWPS31515,Fiat,Mobi,hatch,2024,BR,GIG,Rio Galeao,on_rent,AGR-5803188,CUST-982442,"Carvalho, F.",127953,TRK801226
DHK4Z49,WZZA9FJ0Y5VFJ3753,Volkswagen,Polo,hatch,2023,BR,CNF,Belo Horizonte Confins,on_rent,AGR-7457905,CUST-501630,"Silva, L.",103235,TRK801227
SQC0O73,MDNCM84G5B0AA4768,Volkswagen,T-Cross,suv,2025,BR,CWB,Curitiba Afonso Pena,available,,,,75927,TRK801228
CQX5I15,GGYCUSP08M4MU5234,Chevrolet,Onix,hatch,2024,BR,BSB,Brasilia Internacional,on_rent,AGR-2955767,CUST-560581,"Carvalho, D.",82790,TRK801229
SFF1S14,XYDJAHZ7J7J053545,Chevrolet,Tracker,suv,2024,BR,POA,Porto Alegre Salgado Filho,available,,,,84197,TRK801230
NKE0D20,ZADVK293ZKKUZ8413,Hyundai,HB20,hatch,2024,BR,SSA,Salvador Deputado Magalhaes,on_rent,AGR-7559954,CUST-522833,"Pereira, K.",32699,TRK801231
OVK-2667,PKJ7LC97166C38476,Hyundai,Elantra,sedan,2023,NA,DFW,Dallas Fort Worth,available,,,,117404,TRK801232
JFR-5107,ZAE9GSBSX5FA02284,Jeep,Grand Cherokee,suv,2023,NA,ATL,Atlanta Hartsfield,on_rent,AGR-5142244,CUST-975595,"Jones, F.",115443,TRK801233
TXG-9769,SXZUSXK3YY8427353,Kia,Telluride,suv,2025,NA,ORD,Chicago O'Hare,available,,,,14832,TRK801234
ZLC-1305,ZYWY9JW8NHBUN4740,Tesla,Model 3,sedan,2022,NA,LAX,Los Angeles International,on_rent,AGR-8329428,CUST-881127,"Anderson, W.",139794,TRK801235
WHS-6227,ZFH6AZCRCAWU17833,Toyota,Camry,sedan,2025,NA,MCO,Orlando International,available,,,,38657,TRK801236
CQT-7016,VHC5UB5CLFKW35671,Toyota,RAV4,suv,2022,NA,DEN,Denver International,on_rent,AGR-8873261,CUST-996190,"Anderson, A.",80911,TRK801237
TZM-4241,MRNZTT84F0LN44214,Chevrolet,Malibu,sedan,2024,NA,PHX,Phoenix Sky Harbor,on_rent,AGR-5688789,CUST-875786,"Garcia, J.",51990,TRK801238
WBX-6364,WCMJ6TDN761TY5056,Chevrolet,Equinox,suv,2023,NA,YYZ,Toronto Pearson,available,,,,130984,TRK801239
XT11 KXA,JCSFY99FG8TYZ7636,Skoda,Octavia,sedan,2022,EU,LHR,London Heathrow,available,,,,97553,TRK801240
DE76 COC,TWXENKVL874AV5196,Opel,Corsa,hatch,2024,EU,CDG,Paris Charles de Gaulle,available,,,,115810,TRK801241
GH23 ARQ,NFH3UMG11F6Z13988,BMW,1 Series,hatch,2025,EU,FRA,Frankfurt am Main,on_rent,AGR-8004181,CUST-412308,"Silva, M.",25118,TRK801242
AR21 OBE,TJP4UXVCB4JX03434,Mercedes-Benz,A-Class,hatch,2025,EU,MAD,Madrid Barajas,available,,,,49103,TRK801243
JE23 BNL,CBAJS040J7C7F5508,Fiat,500e,hatch,2023,EU,MXP,Milan Malpensa,on_rent,AGR-6602886,CUST-881397,"Kowalski, K.",139891,TRK801244
NY98 OEV,CSN4YWYUXVP4D8193,Seat,Leon,hatch,2024,EU,AMS,Amsterdam Schiphol,on_rent,AGR-8796695,CUST-788161,"Dubois, E.",136202,TRK801245
IQ70 HBI,MDVGLMZTZ5WEH1859,Ford,Puma,suv,2024,EU,MUC,Munich Franz Josef Strauss,on_rent,AGR-1513736,CUST-622852,"Murphy, N.",90736,TRK801246
KT34 SDY,UXLFS82PHKCFB7340,Citroen,C3,hatch,2022,EU,LIS,Lisbon Humberto Delgado,on_rent,AGR-6304957,CUST-363887,"Muller, P.",68267,TRK801247
YLG7R84,JFBNNNMELHJ2V8456,Fiat,Cronos,sedan,2025,BR,GRU,Sao Paulo Guarulhos,on_rent,AGR-7932005,CUST-578184,"Rodrigues, T.",130425,TRK801248
ZDY0X04,REY0H1KY47BJS1730,Fiat,Argo,hatch,2025,BR,CGH,Sao Paulo Congonhas,available,,,,10062,TRK801249
WJR6N61,CTPGH9U8JKY3G9223,Fiat,Mobi,hatch,2024,BR,GIG,Rio Galeao,on_rent,AGR-7952949,CUST-592850,"Santos, D.",69594,TRK801250
WJV4H96,ARH8KRUXG3D3G3728,Volkswagen,Polo,hatch,2024,BR,CNF,Belo Horizonte Confins,on_rent,AGR-2696190,CUST-941795,"Rodrigues, R.",85973,TRK801251
AJQ1D87,GBCZUJF8F5GNR6088,Volkswagen,T-Cross,suv,2022,BR,CWB,Curitiba Afonso Pena,on_rent,AGR-9558134,CUST-925377,"Santos, F.",70748,TRK801252
OIG2L48,YSK1MDR8L59D71196,Chevrolet,Onix,hatch,2023,BR,BSB,Brasilia Internacional,available,,,,118348,TRK801253
AMA7D31,NXVD32P8B4KGA6944,Chevrolet,Tracker,suv,2024,BR,POA,Porto Alegre Salgado Filho,available,,,,56251,TRK801254
YND1N13,YLYKH9T5HMLDV5189,Hyundai,HB20,hatch,2024,BR,SSA,Salvador Deputado Magalhaes,on_rent,AGR-3587445,CUST-520978,"Almeida, E.",22141,TRK801255
JBF-4137,EGMPENZ3DMAZ15506,Hyundai,Elantra,sedan,2022,NA,DFW,Dallas Fort Worth,available,,,,73614,TRK801256
UOZ-4470,MJK8NBHXYYXGJ4480,Jeep,Grand Cherokee,suv,2024,NA,ATL,Atlanta Hartsfield,on_rent,AGR-7551810,CUST-377393,"Wilson, H.",14491,TRK801257
EMJ-9951,PEYWPPDYWENJR0339,Kia,Telluride,suv,2024,NA,ORD,Chicago O'Hare,available,,,,41550,TRK801258
IZL-4245,WPB5U3E9GW1V96506,Tesla,Model 3,sedan,2023,NA,LAX,Los Angeles International,available,,,,101279,TRK801259
BGE-7090,BXHKFZGH9WN9F7002,Toyota,Camry,sedan,2022,NA,MCO,Orlando International,on_rent,AGR-9378130,CUST-720264,"Jones, P.",87858,TRK801260
XQD-3839,RGDYJ9V6E89H12644,Toyota,RAV4,suv,2023,NA,DEN,Denver International,on_rent,AGR-4500877,CUST-513283,"Anderson, E.",115686,TRK801261
XMK-7006,DCFREZ571N0888714,Chevrolet,Malibu,sedan,2025,NA,PHX,Phoenix Sky Harbor,on_rent,AGR-3716822,CUST-139700,"Davis, K.",112713,TRK801262
OYN-9034,SJFDDLGDEWC8V8520,Chevrolet,Equinox,suv,2023,NA,YYZ,Toronto Pearson,in_service,,,,18535,TRK801263
MA72 OYF,CJGGRRMDY4PNX4073,Skoda,Octavia,sedan,2022,EU,LHR,London Heathrow,on_rent,AGR-1442005,CUST-473394,"Rossi, A.",67902,TRK801264
BP89 GHO,RHD8XCH5KM3AW6113,Opel,Corsa,hatch,2024,EU,CDG,Paris Charles de Gaulle,in_service,,,,27718,TRK801265
PE32 ARU,XSCA7HNBFLT283843,BMW,1 Series,hatch,2023,EU,FRA,Frankfurt am Main,on_rent,AGR-2264771,CUST-952345,"Jansen, T.",55703,TRK801266
RQ78 BZN,AWK4WM0AH7E137269,Mercedes-Benz,A-Class,hatch,2024,EU,MAD,Madrid Barajas,on_rent,AGR-8100065,CUST-617603,"Schmidt, M.",98141,TRK801267
DJ52 BJT,RFHSTJS8VBZUM1710,Fiat,500e,hatch,2024,EU,MXP,Milan Malpensa,on_rent,AGR-3094467,CUST-402024,"Bianchi, E.",93974,TRK801268
VW43 MED,SNJCJCJ6URVG27235,Seat,Leon,hatch,2024,EU,AMS,Amsterdam Schiphol,in_service,,,,63369,TRK801269
WL78 KOI,WCC3SUW9UJ5ZV3869,Ford,Puma,suv,2025,EU,MUC,Munich Franz Josef Strauss,available,,,,36595,TRK801270
SG24 NXI,MYY9GFV0HV0J27904,Citroen,C3,hatch,2025,EU,LIS,Lisbon Humberto Delgado,on_rent,AGR-4370644,CUST-507873,"Jansen, C.",111811,TRK801271
SEY0Y99,HYFXDMY79PRXB1185,Fiat,Cronos,sedan,2023,BR,GRU,Sao Paulo Guarulhos,available,,,,53067,TRK801272
LZS1L29,EZKBMRR100MYD6672,Fiat,Argo,hatch,2025,BR,CGH,Sao Paulo Congonhas,available,,,,34688,TRK801273
HUM5U24,EVTLUHVV1Y2U20407,Fiat,Mobi,hatch,2024,BR,GIG,Rio Galeao,on_rent,AGR-5569371,CUST-495656,"Santos, J.",139160,TRK801274
PJJ3M71,RCYRFZWUB5NXY4932,Volkswagen,Polo,hatch,2022,BR,CNF,Belo Horizonte Confins,on_rent,AGR-6453173,CUST-367351,"Pereira, T.",108461,TRK801275
LHU1I13,WTTXBTDGB5A8D3584,Volkswagen,T-Cross,suv,2024,BR,CWB,Curitiba Afonso Pena,on_rent,AGR-9793825,CUST-981641,"Oliveira, D.",100243,TRK801276
JWI8I99,MPRX4PH7WRR0J5171,Chevrolet,Onix,hatch,2024,BR,BSB,Brasilia Internacional,on_rent,AGR-4870054,CUST-704745,"Santos, D.",66103,TRK801277
OYM5P92,PNNGXS2N80ZM89602,Chevrolet,Tracker,suv,2024,BR,POA,Porto Alegre Salgado Filho,available,,,,17320,TRK801278
QPQ2S71,TSEWPKH9A0U4P0665,Hyundai,HB20,hatch,2024,BR,SSA,Salvador Deputado Magalhaes,on_rent,AGR-3854940,CUST-723810,"Almeida, R.",111687,TRK801279
EJN-8074,GVBFA5GF3C5CF3961,Hyundai,Elantra,sedan,2022,NA,DFW,Dallas Fort Worth,available,,,,122689,TRK801280
QRK-6621,TSLP8JN9S6M4H3159,Jeep,Grand Cherokee,suv,2024,NA,ATL,Atlanta Hartsfield,on_rent,AGR-8674889,CUST-365238,"Garcia, R.",131745,TRK801281
WCV-4957,LMNUUFDNUG4W95357,Kia,Telluride,suv,2025,NA,ORD,Chicago O'Hare,on_rent,AGR-7494032,CUST-148140,"Taylor, D.",110360,TRK801282
TJU-8709,PZFCSJ8UP7YWC7112,Tesla,Model 3,sedan,2024,NA,LAX,Los Angeles International,on_rent,AGR-1815567,CUST-194849,"Smith, E.",115411,TRK801283
TKX-3084,AGUWA687P42HN6270,Toyota,Camry,sedan,2023,NA,MCO,Orlando International,available,,,,63054,TRK801284
NNG-4863,WGYN29JC8R8LF8822,Toyota,RAV4,suv,2022,NA,DEN,Denver International,on_rent,AGR-5639156,CUST-115197,"Brown, B.",86670,TRK801285
FBE-5638,TKGN3YHP0DFBZ0886,Chevrolet,Malibu,sedan,2024,NA,PHX,Phoenix Sky Harbor,available,,,,69463,TRK801286
ZGC-1394,WARX6BFMF8YXE8020,Chevrolet,Equinox,suv,2024,NA,YYZ,Toronto Pearson,on_rent,AGR-6949183,CUST-459816,"Jones, R.",70865,TRK801287
OD33 MNN,DLYFD8HBW384N0964,Skoda,Octavia,sedan,2025,EU,LHR,London Heathrow,on_rent,AGR-2647890,CUST-317783,"Novak, H.",70453,TRK801288
QF46 ZOP,GGZ482EV779VN9821,Opel,Corsa,hatch,2023,EU,CDG,Paris Charles de Gaulle,on_rent,AGR-7083948,CUST-430362,"Kowalski, C.",105698,TRK801289
BW60 UXV,LWC20HGCSGDSH4753,BMW,1 Series,hatch,2023,EU,FRA,Frankfurt am Main,in_service,,,,114704,TRK801290
WY10 UBO,XEFVSZFLAWZ3Z7307,Mercedes-Benz,A-Class,hatch,2024,EU,MAD,Madrid Barajas,on_rent,AGR-6362126,CUST-801134,"Kowalski, D.",107187,TRK801291
VN37 UEK,TPXXVMJSPT7XA9056,Fiat,500e,hatch,2025,EU,MXP,Milan Malpensa,on_rent,AGR-6185270,CUST-584988,"Schmidt, A.",36690,TRK801292
YV62 QJY,CLKTCM7WLYDL48432,Seat,Leon,hatch,2023,EU,AMS,Amsterdam Schiphol,on_rent,AGR-2815718,CUST-925866,"Bianchi, S.",115949,TRK801293
BZ91 YHW,HRL9BSHG850AB2095,Ford,Puma,suv,2023,EU,MUC,Munich Franz Josef Strauss,on_rent,AGR-2553254,CUST-867927,"Novak, L.",118823,TRK801294
BI18 JEN,KGBBX24EY9B970264,Citroen,C3,hatch,2024,EU,LIS,Lisbon Humberto Delgado,on_rent,AGR-4360746,CUST-479273,"Schmidt, E.",28263,TRK801295
VJS6E71,JARUMC3WDJYSW0393,Fiat,Cronos,sedan,2022,BR,GRU,Sao Paulo Guarulhos,on_rent,AGR-8353482,CUST-630348,"Oliveira, K.",88256,TRK801296
AVS4G66,PTFN1LMBMUAXB6176,Fiat,Argo,hatch,2024,BR,CGH,Sao Paulo Congonhas,in_service,,,,128530,TRK801297
PHU4W52,UZWAX3HWBCFGG7052,Fiat,Mobi,hatch,2024,BR,GIG,Rio Galeao,on_rent,AGR-7673264,CUST-210472,"Silva, M.",106237,TRK801298
FQR6Y94,TZTXAHGG1FP5U5308,Volkswagen,Polo,hatch,2024,BR,CNF,Belo Horizonte Confins,on_rent,AGR-2454208,CUST-340698,"Carvalho, K.",38077,TRK801299
DMS3I60,PVC8DYYF05AA11257,Volkswagen,T-Cross,suv,2024,BR,CWB,Curitiba Afonso Pena,on_rent,AGR-4608129,CUST-200453,"Almeida, M.",84585,TRK801300
HMU3V08,KAVB5AY2BF7UX3068,Chevrolet,Onix,hatch,2022,BR,BSB,Brasilia Internacional,in_service,,,,10398,TRK801301
OPU5M73,ZZA0065WRMDBJ5061,Chevrolet,Tracker,suv,2024,BR,POA,Porto Alegre Salgado Filho,on_rent,AGR-5000661,CUST-369671,"Souza, T.",17704,TRK801302
OUB8O01,ESEB2G32F0CJ72928,Hyundai,HB20,hatch,2023,BR,SSA,Salvador Deputado Magalhaes,on_rent,AGR-3814063,CUST-218757,"Costa, A.",36354,TRK801303
YLF-8387,NFM92A5E76UWN4753,Hyundai,Elantra,sedan,2023,NA,DFW,Dallas Fort Worth,on_rent,AGR-9877364,CUST-881307,"Brown, F.",106965,TRK801304
OZX-9798,PEW0BL6MCZSGA7082,Jeep,Grand Cherokee,suv,2024,NA,ATL,Atlanta Hartsfield,on_rent,AGR-4923551,CUST-917589,"Smith, F.",71882,TRK801305
JVA-6914,GCWH43M1VLL0G8221,Kia,Telluride,suv,2023,NA,ORD,Chicago O'Hare,on_rent,AGR-3748387,CUST-674355,"Jones, P.",73588,TRK801306
RUX-4722,AXRSHJ2MZELL01379,Tesla,Model 3,sedan,2024,NA,LAX,Los Angeles International,on_rent,AGR-3741742,CUST-563330,"Williams, R.",103815,TRK801307
HEA-6914,DCF4CG1UCR1425961,Toyota,Camry,sedan,2022,NA,MCO,Orlando International,on_rent,AGR-3999265,CUST-417560,"Smith, N.",102199,TRK801308
XCO-1803,YNJNVUZSC5AG37337,Toyota,RAV4,suv,2025,NA,DEN,Denver International,available,,,,79679,TRK801309
QDS-2023,DDJMTYSWVT4M84390,Chevrolet,Malibu,sedan,2024,NA,PHX,Phoenix Sky Harbor,on_rent,AGR-7695885,CUST-873632,"Smith, D.",67480,TRK801310
OYZ-1657,EEYD0GNEKVZAV7543,Chevrolet,Equinox,suv,2025,NA,YYZ,Toronto Pearson,available,,,,15830,TRK801311
FR44 QSR,SHMZYBWACDMX12677,Skoda,Octavia,sedan,2025,EU,LHR,London Heathrow,on_rent,AGR-5277117,CUST-131470,"Murphy, H.",102328,TRK801312
IE96 OHS,UHLSN8F4TWSA97754,Opel,Corsa,hatch,2023,EU,CDG,Paris Charles de Gaulle,on_rent,AGR-6595038,CUST-336713,"Garcia, K.",15563,TRK801313
DI98 ECL,NZGGMBTDSATBD3194,BMW,1 Series,hatch,2023,EU,FRA,Frankfurt am Main,on_rent,AGR-8706951,CUST-133716,"Novak, J.",105706,TRK801314
EC19 DOK,JVJJMXJA5KBKR3893,Mercedes-Benz,A-Class,hatch,2024,EU,MAD,Madrid Barajas,on_rent,AGR-2839800,CUST-484919,"Dubois, F.",44153,TRK801315
VM46 FST,TRFGVDLDYP7PF0034,Fiat,500e,hatch,2022,EU,MXP,Milan Malpensa,available,,,,137568,TRK801316
HI71 SFV,HBLWAGLC41Z584112,Seat,Leon,hatch,2024,EU,AMS,Amsterdam Schiphol,available,,,,71149,TRK801317
MF49 GXB,XCJT0UTR71RTF7305,Ford,Puma,suv,2023,EU,MUC,Munich Franz Josef Strauss,available,,,,121296,TRK801318
TW90 BMK,APCHV5N066AL02273,Citroen,C3,hatch,2025,EU,LIS,Lisbon Humberto Delgado,in_service,,,,128090,TRK801319
FRZ9R53,THX87B3S5GJ9P0601,Fiat,Cronos,sedan,2024,BR,GRU,Sao Paulo Guarulhos,on_rent,AGR-7627495,CUST-899916,"Costa, R.",16156,TRK801320
EIM0U60,HSFFU4NPALHWL7709,Fiat,Argo,hatch,2025,BR,CGH,Sao Paulo Congonhas,available,,,,100707,TRK801321
KKP7S60,YWXDRVU1XK62P9611,Fiat,Mobi,hatch,2023,BR,GIG,Rio Galeao,on_rent,AGR-5573373,CUST-865212,"Carvalho, W.",119849,TRK801322
XAE8L98,UXPRU0TDNKWS17965,Volkswagen,Polo,hatch,2023,BR,CNF,Belo Horizonte Confins,on_rent,AGR-2373845,CUST-935923,"Oliveira, C.",29839,TRK801323
DQA2I44,VKBZNELSPFMAH4000,Volkswagen,T-Cross,suv,2024,BR,CWB,Curitiba Afonso Pena,available,,,,51672,TRK801324
NVL5O28,SJUN9M4AAMJTW9708,Chevrolet,Onix,hatch,2025,BR,BSB,Brasilia Internacional,available,,,,110017,TRK801325
SYU2T35,VYPLADSYG393E8470,Chevrolet,Tracker,suv,2023,BR,POA,Porto Alegre Salgado Filho,available,,,,42614,TRK801326
EJE6S94,LSLEM4CXRFMAJ6835,Hyundai,HB20,hatch,2022,BR,SSA,Salvador Deputado Magalhaes,on_rent,AGR-6239405,CUST-237196,"Araujo, P.",54798,TRK801327
CCQ-9162,TSGV9BRNCDZ2J1677,Hyundai,Elantra,sedan,2025,NA,DFW,Dallas Fort Worth,on_rent,AGR-2106570,CUST-604326,"Johnson, N.",105452,TRK801328
JJC-9669,XKHTU3B1C5EX32594,Jeep,Grand Cherokee,suv,2025,NA,ATL,Atlanta Hartsfield,available,,,,62847,TRK801329
NPO-8598,RHPMWRKNNKM3D4099,Kia,Telluride,suv,2024,NA,ORD,Chicago O'Hare,available,,,,41016,TRK801330
DDB-3289,NWGLPDF38CFC53371,Tesla,Model 3,sedan,2023,NA,LAX,Los Angeles International,available,,,,94437,TRK801331
AOA-3347,NJAU8U0RVJ6L74865,Toyota,Camry,sedan,2023,NA,MCO,Orlando International,available,,,,131096,TRK801332
HXI-3225,RZVWF3BJ3ULXA5650,Toyota,RAV4,suv,2023,NA,DEN,Denver International,on_rent,AGR-1563332,CUST-265342,"Brown, M.",22742,TRK801333
RTC-5917,WMCRM4HLSJKUG5266,Chevrolet,Malibu,sedan,2023,NA,PHX,Phoenix Sky Harbor,on_rent,AGR-4997281,CUST-964725,"Wilson, A.",48082,TRK801334
QMP-9820,MLJY04ZXYN27K6156,Chevrolet,Equinox,suv,2024,NA,YYZ,Toronto Pearson,available,,,,107452,TRK801335
KB26 QWA,BZK4WX2YFHU2F1734,Skoda,Octavia,sedan,2024,EU,LHR,London Heathrow,on_rent,AGR-2639874,CUST-332322,"Schmidt, K.",113897,TRK801336
FP54 JUF,ZTZC8SYZM5N3U6410,Opel,Corsa,hatch,2024,EU,CDG,Paris Charles de Gaulle,on_rent,AGR-9524340,CUST-173648,"Jansen, M.",118420,TRK801337
SJ15 SHN,HNJT0MPL7T74E3392,BMW,1 Series,hatch,2024,EU,FRA,Frankfurt am Main,on_rent,AGR-6607301,CUST-535500,"Garcia, F.",75526,TRK801338
EU64 SOX,KUZRYKXZTC5UE0957,Mercedes-Benz,A-Class,hatch,2023,EU,MAD,Madrid Barajas,on_rent,AGR-3718518,CUST-618689,"Schmidt, B.",117663,TRK801339
XC64 IEH,ADEXJS07YRD659349,Fiat,500e,hatch,2024,EU,MXP,Milan Malpensa,available,,,,94009,TRK801340
ZM10 NZE,FGATCNTXDNYWP6415,Seat,Leon,hatch,2024,EU,AMS,Amsterdam Schiphol,on_rent,AGR-5854173,CUST-274274,"Murphy, T.",124248,TRK801341
PG12 GYE,KTFVKRDL8EMT51899,Ford,Puma,suv,2024,EU,MUC,Munich Franz Josef Strauss,on_rent,AGR-9637783,CUST-824043,"Rossi, A.",98649,TRK801342
SK74 VNE,YCUMC466AZ5WY9877,Citroen,C3,hatch,2022,EU,LIS,Lisbon Humberto Delgado,available,,,,58812,TRK801343
TJP2Q09,XHFTLZHM0CCY32834,Fiat,Cronos,sedan,2025,BR,GRU,Sao Paulo Guarulhos,available,,,,117904,TRK801344
GVX1V25,EZJM8VMTV6M3F0893,Fiat,Argo,hatch,2023,BR,CGH,Sao Paulo Congonhas,on_rent,AGR-7758002,CUST-625677,"Rodrigues, W.",121363,TRK801345
TJZ8T09,TMFZFZZA04L7H9619,Fiat,Mobi,hatch,2024,BR,GIG,Rio Galeao,available,,,,40484,TRK801346
NLE8F17,ZNDLH18KGJCGL7504,Volkswagen,Polo,hatch,2024,BR,CNF,Belo Horizonte Confins,on_rent,AGR-7866565,CUST-514279,"Santos, H.",90597,TRK801347
BWS1W47,WMNVZC9DPCR079489,Volkswagen,T-Cross,suv,2023,BR,CWB,Curitiba Afonso Pena,available,,,,58538,TRK801348
BWQ7R05,REA81ED64A0US7810,Chevrolet,Onix,hatch,2024,BR,BSB,Brasilia Internacional,on_rent,AGR-4688295,CUST-564388,"Oliveira, A.",41077,TRK801349
OUD9U89,AMNLYJCTYX2LG6407,Chevrolet,Tracker,suv,2024,BR,POA,Porto Alegre Salgado Filho,on_rent,AGR-4376025,CUST-730232,"Souza, C.",132953,TRK801350
RPX3W84,BMTZU73AMD68B6920,Hyundai,HB20,hatch,2024,BR,SSA,Salvador Deputado Magalhaes,on_rent,AGR-3143790,CUST-431598,"Lima, S.",82423,TRK801351
YJM-3001,LWR021432VDZL4221,Hyundai,Elantra,sedan,2024,NA,DFW,Dallas Fort Worth,available,,,,48792,TRK801352
SHS-1531,UWJ6D6LRY4E963295,Jeep,Grand Cherokee,suv,2022,NA,ATL,Atlanta Hartsfield,on_rent,AGR-6874589,CUST-408064,"Williams, W.",55348,TRK801353
UBG-6789,WKAJAJ4BLV2E84045,Kia,Telluride,suv,2024,NA,ORD,Chicago O'Hare,available,,,,69810,TRK801354
FXQ-6245,CGK1DXDWJJC168364,Tesla,Model 3,sedan,2023,NA,LAX,Los Angeles International,on_rent,AGR-7836162,CUST-350419,"Williams, G.",101241,TRK801355
APD-6705,KUCL7EE64XZT35588,Toyota,Camry,sedan,2024,NA,MCO,Orlando International,on_rent,AGR-8534251,CUST-525713,"Davis, S.",123381,TRK801356
HBE-9694,RLRH2NZBF0DT06194,Toyota,RAV4,suv,2024,NA,DEN,Denver International,on_rent,AGR-9200758,CUST-655603,"Davis, D.",86920,TRK801357
OCG-7633,KVPXGP6KLEVNB5823,Chevrolet,Malibu,sedan,2024,NA,PHX,Phoenix Sky Harbor,on_rent,AGR-6040687,CUST-945951,"Jones, T.",103133,TRK801358
DQL-2707,DDLUXFEN4LWUJ6888,Chevrolet,Equinox,suv,2024,NA,YYZ,Toronto Pearson,on_rent,AGR-1622052,CUST-780535,"Garcia, B.",78284,TRK801359
CS38 INK,ZBFYLZU3FKNRC3949,Skoda,Octavia,sedan,2023,EU,LHR,London Heathrow,on_rent,AGR-3528827,CUST-356072,"Novak, M.",52831,TRK801360
QU27 MGR,UAXCAH9W5R7RA8376,Opel,Corsa,hatch,2025,EU,CDG,Paris Charles de Gaulle,on_rent,AGR-7338996,CUST-708179,"Kowalski, J.",125884,TRK801361
UI70 RYO,ZFP6C79BH5BE88362,BMW,1 Series,hatch,2025,EU,FRA,Frankfurt am Main,on_rent,AGR-1016380,CUST-901417,"Andersson, F.",104733,TRK801362
RT31 KRQ,HCJ03ENSE1CAZ2468,Mercedes-Benz,A-Class,hatch,2024,EU,MAD,Madrid Barajas,on_rent,AGR-8966551,CUST-300051,"Jansen, K.",84513,TRK801363
ZQ84 WNU,ECG9P3TBTLRJD4883,Fiat,500e,hatch,2024,EU,MXP,Milan Malpensa,on_rent,AGR-7486094,CUST-152993,"Schmidt, T.",10690,TRK801364
ZU91 JMO,YGND4SCF1JR267685,Seat,Leon,hatch,2023,EU,AMS,Amsterdam Schiphol,on_rent,AGR-7612429,CUST-259644,"Silva, A.",49131,TRK801365
PJ83 CUC,PHJE2E636RTFR7070,Ford,Puma,suv,2023,EU,MUC,Munich Franz Josef Strauss,on_rent,AGR-3410505,CUST-649623,"Novak, M.",8422,TRK801366
ME30 SLC,DXAZKU52RT23B6381,Citroen,C3,hatch,2022,EU,LIS,Lisbon Humberto Delgado,in_service,,,,66370,TRK801367
UTD6E39,JCATRYJLXE94U5720,Fiat,Cronos,sedan,2022,BR,GRU,Sao Paulo Guarulhos,on_rent,AGR-3981309,CUST-816486,"Lima, E.",53819,TRK801368
CUA7Y21,WTM1AF1N1UUV64138,Fiat,Argo,hatch,2024,BR,CGH,Sao Paulo Congonhas,on_rent,AGR-6701201,CUST-345351,"Souza, G.",68140,TRK801369
CFS8W21,KVFA0BZ4NB3ZN2272,Fiat,Mobi,hatch,2022,BR,GIG,Rio Galeao,available,,,,23866,TRK801370
KBK0P94,HZEH4EJF3FAP22758,Volkswagen,Polo,hatch,2024,BR,CNF,Belo Horizonte Confins,on_rent,AGR-5204411,CUST-729516,"Costa, E.",134775,TRK801371
VHP6L32,GWVH9N1CE1TG64710,Volkswagen,T-Cross,suv,2024,BR,CWB,Curitiba Afonso Pena,in_service,,,,93648,TRK801372
KBY4V65,SYDM1L78DWYA60972,Chevrolet,Onix,hatch,2024,BR,BSB,Brasilia Internacional,available,,,,83555,TRK801373
DPI0A25,ZJMSZHSMYDXJH9811,Chevrolet,Tracker,suv,2024,BR,POA,Porto Alegre Salgado Filho,on_rent,AGR-7792445,CUST-495352,"Silva, R.",109308,TRK801374
RDR0G55,TWGZ9N8J0KDFP1916,Hyundai,HB20,hatch,2024,BR,SSA,Salvador Deputado Magalhaes,on_rent,AGR-1305589,CUST-243374,"Costa, L.",129242,TRK801375
VXD-8001,GNS4WL9G4FMFY6315,Hyundai,Elantra,sedan,2023,NA,DFW,Dallas Fort Worth,on_rent,AGR-3629527,CUST-739436,"Martinez, H.",90457,TRK801376
MBQ-9803,MGFWFJ155GYKW5391,Jeep,Grand Cherokee,suv,2023,NA,ATL,Atlanta Hartsfield,on_rent,AGR-9211510,CUST-311503,"Anderson, R.",133807,TRK801377
JLZ-7379,LVSVER62CG1MX3368,Kia,Telluride,suv,2024,NA,ORD,Chicago O'Hare,on_rent,AGR-2620192,CUST-153664,"Martinez, A.",135666,TRK801378
PWF-2705,YTYZWW4U6RLZW2966,Tesla,Model 3,sedan,2023,NA,LAX,Los Angeles International,on_rent,AGR-7881680,CUST-359257,"Jones, C.",66086,TRK801379
EMK-8816,ZFU497AYZPAG46624,Toyota,Camry,sedan,2022,NA,MCO,Orlando International,on_rent,AGR-9889042,CUST-406397,"Johnson, M.",56579,TRK801380
IGO-7821,GDTLPSY1Y7UGG8969,Toyota,RAV4,suv,2025,NA,DEN,Denver International,available,,,,8299,TRK801381
BZO-7055,PBEF73UK2VYAT8586,Chevrolet,Malibu,sedan,2025,NA,PHX,Phoenix Sky Harbor,available,,,,126586,TRK801382
GXI-5237,VZS9P7XCTTLHV6000,Chevrolet,Equinox,suv,2024,NA,YYZ,Toronto Pearson,on_rent,AGR-8741709,CUST-976940,"Martinez, H.",15959,TRK801383
LU85 BZN,ZSR7LCS06XJE14213,Skoda,Octavia,sedan,2022,EU,LHR,London Heathrow,on_rent,AGR-3647534,CUST-467205,"Andersson, B.",62071,TRK801384
AO24 EOS,ZZR6VUDL0TJBW2576,Opel,Corsa,hatch,2024,EU,CDG,Paris Charles de Gaulle,on_rent,AGR-1394507,CUST-820952,"Novak, G.",103045,TRK801385
OB28 XLJ,HCNE4LZKTHX8M6857,BMW,1 Series,hatch,2022,EU,FRA,Frankfurt am Main,available,,,,125656,TRK801386
VG65 TAM,ZDLN2BS4FG1XE1533,Mercedes-Benz,A-Class,hatch,2023,EU,MAD,Madrid Barajas,available,,,,115440,TRK801387
KJ93 AKH,XFJA7THEMEAZU1200,Fiat,500e,hatch,2024,EU,MXP,Milan Malpensa,on_rent,AGR-1201772,CUST-483456,"Silva, C.",52051,TRK801388
RY93 RMJ,MLM8T7L71V0NP8154,Seat,Leon,hatch,2022,EU,AMS,Amsterdam Schiphol,on_rent,AGR-7109760,CUST-264038,"Murphy, M.",113354,TRK801389
SS99 RSN,XFLS9SFLU12RB5484,Ford,Puma,suv,2025,EU,MUC,Munich Franz Josef Strauss,on_rent,AGR-6802206,CUST-165964,"Jansen, C.",107774,TRK801390
GP76 ISK,GCFWCHGM14YUA1834,Citroen,C3,hatch,2023,EU,LIS,Lisbon Humberto Delgado,available,,,,44595,TRK801391
ZNY5H19,EEYGV2Z606H6A9549,Fiat,Cronos,sedan,2025,BR,GRU,Sao Paulo Guarulhos,on_rent,AGR-8427751,CUST-175813,"Nascimento, W.",87380,TRK801392
JRV1Z17,NTDYF001LZ0MZ0684,Fiat,Argo,hatch,2024,BR,CGH,Sao Paulo Congonhas,on_rent,AGR-3025651,CUST-380777,"Silva, G.",139269,TRK801393
BKM3K82,TYP2B6F46TTKT0361,Fiat,Mobi,hatch,2023,BR,GIG,Rio Galeao,available,,,,124173,TRK801394
NYI2Q14,EZYNCSA3WHZGL9811,Volkswagen,Polo,hatch,2022,BR,CNF,Belo Horizonte Confins,in_service,,,,27620,TRK801395
XNL6V45,SZDTSNYZ6D1JN0939,Volkswagen,T-Cross,suv,2023,BR,CWB,Curitiba Afonso Pena,on_rent,AGR-4944673,CUST-625661,"Nascimento, N.",13209,TRK801396
SKG2Y16,HAS9HYRG6BT6D9314,Chevrolet,Onix,hatch,2023,BR,BSB,Brasilia Internacional,available,,,,41171,TRK801397
WKQ3S31,KBTEPHH9XZNZ79658,Chevrolet,Tracker,suv,2023,BR,POA,Porto Alegre Salgado Filho,on_rent,AGR-1254638,CUST-554422,"Nascimento, N.",95787,TRK801398
NWF2H53,UHCBXMEG7DNMX9191,Hyundai,HB20,hatch,2025,BR,SSA,Salvador Deputado Magalhaes,in_service,,,,111412,TRK801399
QAC-8444,SCY1T8JP18RJH7451,Hyundai,Elantra,sedan,2023,NA,DFW,Dallas Fort Worth,available,,,,139205,TRK801400
CAX-4554,FHZ7UUW3UUYGX7898,Jeep,Grand Cherokee,suv,2025,NA,ATL,Atlanta Hartsfield,on_rent,AGR-3277395,CUST-887643,"Smith, D.",80855,TRK801401
MAZ-2391,XURXXNECJ98LD9690,Kia,Telluride,suv,2023,NA,ORD,Chicago O'Hare,on_rent,AGR-3175531,CUST-240438,"Jones, E.",109687,TRK801402
FDV-9538,TMF56JKU2ERCE9542,Tesla,Model 3,sedan,2024,NA,LAX,Los Angeles International,on_rent,AGR-9962896,CUST-612949,"Martinez, T.",108089,TRK801403
WSY-5040,MYTKVX3RFBMF80894,Toyota,Camry,sedan,2023,NA,MCO,Orlando International,on_rent,AGR-6322278,CUST-425568,"Miller, C.",70642,TRK801404
UOQ-2118,TVTUDT5ELJL841880,Toyota,RAV4,suv,2025,NA,DEN,Denver International,in_service,,,,133777,TRK801405
IOG-9099,SVP8SCZRNJYW57842,Chevrolet,Malibu,sedan,2024,NA,PHX,Phoenix Sky Harbor,on_rent,AGR-3578673,CUST-949441,"Williams, A.",112200,TRK801406
NTB-7473,FLCLYLM6G2SV60229,Chevrolet,Equinox,suv,2025,NA,YYZ,Toronto Pearson,on_rent,AGR-9577406,CUST-108307,"Smith, J.",126878,TRK801407
UJ98 SMN,MZY8KC2N7W7W95437,Skoda,Octavia,sedan,2022,EU,LHR,London Heathrow,on_rent,AGR-4020593,CUST-784232,"Garcia, J.",132780,TRK801408
PO37 IXZ,ENLXL3D40KV5G0016,Opel,Corsa,hatch,2024,EU,CDG,Paris Charles de Gaulle,available,,,,90863,TRK801409
CV83 TBP,JNNTYHX95W7AJ3772,BMW,1 Series,hatch,2023,EU,FRA,Frankfurt am Main,on_rent,AGR-7543922,CUST-543752,"Silva, H.",54020,TRK801410
SL28 LKR,RNSDL0X53YBEK7557,Mercedes-Benz,A-Class,hatch,2024,EU,MAD,Madrid Barajas,available,,,,135398,TRK801411
CI88 WUZ,WGYSF6SBVMSKG3653,Fiat,500e,hatch,2024,EU,MXP,Milan Malpensa,available,,,,91100,TRK801412
GA17 UMG,NEZ73N4RG3VZW0908,Seat,Leon,hatch,2023,EU,AMS,Amsterdam Schiphol,on_rent,AGR-9412591,CUST-213344,"Dubois, G.",107581,TRK801413
VU41 TNL,FSXALSVWX3MPK8467,Ford,Puma,suv,2024,EU,MUC,Munich Franz Josef Strauss,on_rent,AGR-1619634,CUST-597238,"Dubois, F.",109156,TRK801414
FP11 BVE,VHG6D8SZCXGT12565,Citroen,C3,hatch,2022,EU,LIS,Lisbon Humberto Delgado,available,,,,45901,TRK801415
XTC8I22,ZXXP4NT5XUPMA2541,Fiat,Cronos,sedan,2023,BR,GRU,Sao Paulo Guarulhos,on_rent,AGR-7184106,CUST-479092,"Oliveira, W.",138495,TRK801416
YER2T28,HMEVY6PCNTKYA6726,Fiat,Argo,hatch,2024,BR,CGH,Sao Paulo Congonhas,available,,,,62432,TRK801417
EQH1Y01,DUM33XLSKN1M70196,Fiat,Mobi,hatch,2023,BR,GIG,Rio Galeao,on_rent,AGR-9888234,CUST-111049,"Santos, A.",116816,TRK801418
IPN1S27,RUUURCRJRMFEE4920,Volkswagen,Polo,hatch,2024,BR,CNF,Belo Horizonte Confins,in_service,,,,38211,TRK801419
EZW6F64,DWCN0BDYJDYFJ5131,Volkswagen,T-Cross,suv,2022,BR,CWB,Curitiba Afonso Pena,on_rent,AGR-6421260,CUST-272584,"Santos, K.",70576,TRK801420
SNF9C34,MVSVFTR1L75VK7941,Chevrolet,Onix,hatch,2025,BR,BSB,Brasilia Internacional,on_rent,AGR-4889728,CUST-507756,"Costa, M.",54298,TRK801421
VVL5O14,HDXGGGR4UFLBM7846,Chevrolet,Tracker,suv,2023,BR,POA,Porto Alegre Salgado Filho,available,,,,92508,TRK801422
OOL6C79,CUVXMPYE8B2135303,Hyundai,HB20,hatch,2024,BR,SSA,Salvador Deputado Magalhaes,on_rent,AGR-1206280,CUST-435218,"Lima, M.",80770,TRK801423
IJF-5758,PEYX68CEF3TMF3312,Hyundai,Elantra,sedan,2023,NA,DFW,Dallas Fort Worth,on_rent,AGR-4267347,CUST-848348,"Garcia, S.",79505,TRK801424
WDT-7608,ATSYLXZ9XCWUF0776,Jeep,Grand Cherokee,suv,2024,NA,ATL,Atlanta Hartsfield,on_rent,AGR-8866212,CUST-577790,"Brown, T.",62481,TRK801425
QZK-6488,ABYJHP2V8SA150282,Kia,Telluride,suv,2024,NA,ORD,Chicago O'Hare,in_service,,,,27479,TRK801426
JMH-1257,LWK5NUY74WVLD9569,Tesla,Model 3,sedan,2024,NA,LAX,Los Angeles International,on_rent,AGR-8420581,CUST-272585,"Jones, L.",119736,TRK801427
VQJ-1117,SLZLC0PCSMX9U8545,Toyota,Camry,sedan,2023,NA,MCO,Orlando International,in_service,,,,67854,TRK801428
GBN-7806,RFC86LRFV1BXM3676,Toyota,RAV4,suv,2024,NA,DEN,Denver International,on_rent,AGR-3610403,CUST-217062,"Jones, F.",39932,TRK801429
QLQ-4534,BPUGZDU7UVACS6972,Chevrolet,Malibu,sedan,2023,NA,PHX,Phoenix Sky Harbor,on_rent,AGR-7941798,CUST-148158,"Miller, S.",55016,TRK801430
KJD-1049,LXYVX8N0J2BMZ8980,Chevrolet,Equinox,suv,2022,NA,YYZ,Toronto Pearson,available,,,,50944,TRK801431
JY56 ZPU,EBT19J71J5P3W4963,Skoda,Octavia,sedan,2024,EU,LHR,London Heathrow,on_rent,AGR-5105303,CUST-222623,"Andersson, N.",97887,TRK801432
NC39 UJA,ZJRN222KMK2887824,Opel,Corsa,hatch,2022,EU,CDG,Paris Charles de Gaulle,on_rent,AGR-7813860,CUST-698400,"Murphy, B.",48731,TRK801433
UQ15 VHZ,XNGDSJY8AKPLZ1593,BMW,1 Series,hatch,2024,EU,FRA,Frankfurt am Main,on_rent,AGR-1643934,CUST-649430,"Bianchi, H.",47271,TRK801434
ZT90 WNM,ZHY222GND1HTY2715,Mercedes-Benz,A-Class,hatch,2023,EU,MAD,Madrid Barajas,on_rent,AGR-2753047,CUST-416241,"Muller, N.",74337,TRK801435
SQ24 MNR,UDH1EJR6B6P366242,Fiat,500e,hatch,2023,EU,MXP,Milan Malpensa,available,,,,28257,TRK801436
HN23 EOM,VTRSBANYKYHP29099,Seat,Leon,hatch,2022,EU,AMS,Amsterdam Schiphol,on_rent,AGR-9482758,CUST-746861,"Kowalski, D.",108188,TRK801437
FM20 IYI,RCPM2GG6PBUGJ5652,Ford,Puma,suv,2025,EU,MUC,Munich Franz Josef Strauss,on_rent,AGR-9392388,CUST-875795,"Schmidt, E.",45788,TRK801438
SZ24 HXO,UBJZYU81CCVFS5329,Citroen,C3,hatch,2025,EU,LIS,Lisbon Humberto Delgado,available,,,,96455,TRK801439
JVV1J55,JJAAU7CNCJ9LN5594,Fiat,Cronos,sedan,2024,BR,GRU,Sao Paulo Guarulhos,available,,,,64792,TRK801440
DWL5C01,VYMH8P9XM0PSZ1011,Fiat,Argo,hatch,2024,BR,CGH,Sao Paulo Congonhas,on_rent,AGR-5594782,CUST-778670,"Almeida, F.",28000,TRK801441
FVT3P67,DHETXAVFF9T8V7326,Fiat,Mobi,hatch,2025,BR,GIG,Rio Galeao,available,,,,52318,TRK801442
UJY6R57,XZRJ9JHC4CTYN8108,Volkswagen,Polo,hatch,2023,BR,CNF,Belo Horizonte Confins,on_rent,AGR-7766020,CUST-528730,"Almeida, J.",128134,TRK801443
QGY2B24,CNDD6XV0MFK2D9086,Volkswagen,T-Cross,suv,2025,BR,CWB,Curitiba Afonso Pena,on_rent,AGR-9959229,CUST-332373,"Souza, G.",132280,TRK801444
RAF3N17,UBDEZPC47NHFX8915,Chevrolet,Onix,hatch,2022,BR,BSB,Brasilia Internacional,on_rent,AGR-7031064,CUST-608231,"Souza, J.",19190,TRK801445
FHW6L07,KNB9TB9KY89M69015,Chevrolet,Tracker,suv,2025,BR,POA,Porto Alegre Salgado Filho,on_rent,AGR-3456466,CUST-546967,"Carvalho, D.",134227,TRK801446
PTS7U02,NEZ42XNBUSTP38739,Hyundai,HB20,hatch,2023,BR,SSA,Salvador Deputado Magalhaes,on_rent,AGR-8025421,CUST-679175,"Santos, N.",23047,TRK801447
QVO-2355,JGV1C0913MSBS0648,Hyundai,Elantra,sedan,2024,NA,DFW,Dallas Fort Worth,on_rent,AGR-1122003,CUST-763215,"Williams, K.",94251,TRK801448
TFC-4785,FRH7MB9DB8WBL4193,Jeep,Grand Cherokee,suv,2022,NA,ATL,Atlanta Hartsfield,available,,,,40844,TRK801449
JPY-7026,KHX5ZSKPHW33X9404,Kia,Telluride,suv,2023,NA,ORD,Chicago O'Hare,available,,,,60771,TRK801450
HPL-6889,XXM1HMFYP20YW0513,Tesla,Model 3,sedan,2024,NA,LAX,Los Angeles International,available,,,,112220,TRK801451
ZHY-6940,VZT0JCDF7PTTG0301,Toyota,Camry,sedan,2022,NA,MCO,Orlando International,available,,,,125039,TRK801452
GKF-1116,PFFR3D4RH8RSE3786,Toyota,RAV4,suv,2022,NA,DEN,Denver International,in_service,,,,133853,TRK801453
WOD-5834,LRJ2M7P1400MT7224,Chevrolet,Malibu,sedan,2023,NA,PHX,Phoenix Sky Harbor,on_rent,AGR-7008105,CUST-264938,"Miller, H.",65137,TRK801454
EWF-9638,NSD3STLU1AJAC6001,Chevrolet,Equinox,suv,2024,NA,YYZ,Toronto Pearson,on_rent,AGR-8387014,CUST-565352,"Jones, C.",19377,TRK801455
VT89 PWZ,YMFS7LW7SF6X65197,Skoda,Octavia,sedan,2022,EU,LHR,London Heathrow,available,,,,23313,TRK801456
JL49 NOG,CYGV4XG50TSLK5201,Opel,Corsa,hatch,2025,EU,CDG,Paris Charles de Gaulle,available,,,,8649,TRK801457
UZ21 PMC,RAN6D2768VDE58558,BMW,1 Series,hatch,2025,EU,FRA,Frankfurt am Main,available,,,,131753,TRK801458
NI11 ACS,CYXLJ8S3V9J476900,Mercedes-Benz,A-Class,hatch,2023,EU,MAD,Madrid Barajas,on_rent,AGR-4452337,CUST-384410,"Bianchi, F.",17220,TRK801459
VM65 EIY,TEEE3UJ845UZG6559,Fiat,500e,hatch,2022,EU,MXP,Milan Malpensa,on_rent,AGR-4763395,CUST-643707,"Murphy, M.",39477,TRK801460
YP46 NIK,GHDUHL0U2LJ663492,Seat,Leon,hatch,2024,EU,AMS,Amsterdam Schiphol,on_rent,AGR-2748618,CUST-334635,"Schmidt, K.",91630,TRK801461
VB91 PRN,VYLVR37E0H6LH4644,Ford,Puma,suv,2024,EU,MUC,Munich Franz Josef Strauss,on_rent,AGR-6141240,CUST-978511,"Kowalski, H.",94445,TRK801462
PB22 VNQ,MEMF4XL3G0DX11353,Citroen,C3,hatch,2025,EU,LIS,Lisbon Humberto Delgado,on_rent,AGR-2939032,CUST-643518,"Jansen, N.",10463,TRK801463
VLB9L61,VET4HV9RSZ3SD9934,Fiat,Cronos,sedan,2024,BR,GRU,Sao Paulo Guarulhos,on_rent,AGR-3884191,CUST-402010,"Santos, P.",121858,TRK801464
UZM2X62,TXW1Z3SZC57977542,Fiat,Argo,hatch,2024,BR,CGH,Sao Paulo Congonhas,available,,,,110763,TRK801465
FKM7P17,MAZDNU7UBW7G53104,Fiat,Mobi,hatch,2023,BR,GIG,Rio Galeao,on_rent,AGR-3927103,CUST-620937,"Carvalho, S.",38791,TRK801466
DVJ2A77,JFBVFXG7PZW4J2350,Volkswagen,Polo,hatch,2023,BR,CNF,Belo Horizonte Confins,available,,,,82788,TRK801467
KHU0Y73,MMZYYESJBYDWN7435,Volkswagen,T-Cross,suv,2023,BR,CWB,Curitiba Afonso Pena,available,,,,134838,TRK801468
CHK1D84,XCHD361XMCP2B4262,Chevrolet,Onix,hatch,2024,BR,BSB,Brasilia Internacional,on_rent,AGR-5679491,CUST-650786,"Lima, D.",32001,TRK801469
QYK7B98,VKG6FX0NVDXA73689,Chevrolet,Tracker,suv,2022,BR,POA,Porto Alegre Salgado Filho,on_rent,AGR-8117748,CUST-955384,"Araujo, W.",8966,TRK801470
THC7R38,JZWF0CVHVE76E3422,Hyundai,HB20,hatch,2024,BR,SSA,Salvador Deputado Magalhaes,on_rent,AGR-2026766,CUST-803744,"Lima, J.",48816,TRK801471
AKH-6833,LXT8DG67Z1BEL0949,Hyundai,Elantra,sedan,2023,NA,DFW,Dallas Fort Worth,in_service,,,,86086,TRK801472
PXL-4591,RCMUJ6LFD2V1R6733,Jeep,Grand Cherokee,suv,2024,NA,ATL,Atlanta Hartsfield,on_rent,AGR-9278180,CUST-163809,"Anderson, N.",83695,TRK801473
DSK-6520,HAWFYD7CG3EYY1264,Kia,Telluride,suv,2024,NA,ORD,Chicago O'Hare,available,,,,91295,TRK801474
SEB-1238,KMT82X96SBHVK2080,Tesla,Model 3,sedan,2023,NA,LAX,Los Angeles International,on_rent,AGR-8241030,CUST-686028,"Jones, S.",50455,TRK801475
SVT-1394,LZHRV781VA2NX8990,Toyota,Camry,sedan,2025,NA,MCO,Orlando International,available,,,,99783,TRK801476
DST-7789,UJJLULV5VGJB25154,Toyota,RAV4,suv,2023,NA,DEN,Denver International,on_rent,AGR-1931669,CUST-766728,"Garcia, C.",95956,TRK801477
FBD-7448,XSLF214EG5K2N8828,Chevrolet,Malibu,sedan,2022,NA,PHX,Phoenix Sky Harbor,on_rent,AGR-7502824,CUST-760685,"Davis, A.",43978,TRK801478
ABJ-1612,AKZTGNGWRDJVN2791,Chevrolet,Equinox,suv,2023,NA,YYZ,Toronto Pearson,on_rent,AGR-7816383,CUST-119846,"Jones, W.",64120,TRK801479
BW70 TKX,CCT7A6RNBP37P9275,Skoda,Octavia,sedan,2023,EU,LHR,London Heathrow,on_rent,AGR-1377414,CUST-423250,"Garcia, D.",130823,TRK801480
IP71 YXV,NGD2EAF7WSX3A5934,Opel,Corsa,hatch,2023,EU,CDG,Paris Charles de Gaulle,on_rent,AGR-7304087,CUST-204480,"Andersson, T.",63363,TRK801481
FI97 JCV,UHFZ45FV8HHYA9474,BMW,1 Series,hatch,2024,EU,FRA,Frankfurt am Main,on_rent,AGR-6446132,CUST-702611,"Dubois, J.",129620,TRK801482
MK79 IMH,VEXJZY1XFXSXT4172,Mercedes-Benz,A-Class,hatch,2024,EU,MAD,Madrid Barajas,on_rent,AGR-8885648,CUST-315773,"Kowalski, T.",54376,TRK801483
RS67 JON,RPPS357CPARG85611,Fiat,500e,hatch,2024,EU,MXP,Milan Malpensa,on_rent,AGR-4533194,CUST-218723,"Kowalski, P.",10109,TRK801484
KS24 AUL,XPGTY2KHVXX7H0557,Seat,Leon,hatch,2023,EU,AMS,Amsterdam Schiphol,available,,,,130132,TRK801485
AW20 LLJ,JWK2LWL8PRDYG4376,Ford,Puma,suv,2025,EU,MUC,Munich Franz Josef Strauss,on_rent,AGR-5514526,CUST-474275,"Jansen, L.",118081,TRK801486
IF10 WKA,VLG0VAXX89XRL8315,Citroen,C3,hatch,2024,EU,LIS,Lisbon Humberto Delgado,on_rent,AGR-9354710,CUST-163115,"Bianchi, W.",28842,TRK801487
AHN6Z78,UAXBWUKGBJCP20927,Fiat,Cronos,sedan,2024,BR,GRU,Sao Paulo Guarulhos,available,,,,54845,TRK801488
OVQ4E35,SDPJ47RCUM1XB5621,Fiat,Argo,hatch,2024,BR,CGH,Sao Paulo Congonhas,available,,,,17762,TRK801489
TQE3B61,YBA4CDK19DXKE2913,Fiat,Mobi,hatch,2024,BR,GIG,Rio Galeao,on_rent,AGR-3945917,CUST-894709,"Lima, K.",96812,TRK801490
WFS4N33,BHC69W6GUNN652377,Volkswagen,Polo,hatch,2022,BR,CNF,Belo Horizonte Confins,on_rent,AGR-4163608,CUST-966542,"Souza, B.",65094,TRK801491
JGR3X61,MYKAZKRFXXFKL0879,Volkswagen,T-Cross,suv,2025,BR,CWB,Curitiba Afonso Pena,on_rent,AGR-5087607,CUST-110201,"Araujo, F.",112700,TRK801492
MFL0K45,GFPV9HKZFW9SW7985,Chevrolet,Onix,hatch,2024,BR,BSB,Brasilia Internacional,available,,,,77498,TRK801493
CZF8N56,FTSXGYR53J1VR2709,Chevrolet,Tracker,suv,2024,BR,POA,Porto Alegre Salgado Filho,available,,,,49381,TRK801494
PHC8B18,AKAG40W648HFF7477,Hyundai,HB20,hatch,2022,BR,SSA,Salvador Deputado Magalhaes,on_rent,AGR-4020442,CUST-542848,"Pereira, R.",37347,TRK801495
CVC-1497,DLTKPSVE5EX321074,Hyundai,Elantra,sedan,2025,NA,DFW,Dallas Fort Worth,on_rent,AGR-8737204,CUST-388601,"Wilson, G.",133608,TRK801496
WWO-4491,RGHX2506JATA49037,Jeep,Grand Cherokee,suv,2024,NA,ATL,Atlanta Hartsfield,on_rent,AGR-3651861,CUST-267029,"Taylor, J.",77197,TRK801497
BFU-6129,CJHM2HX5412KM0861,Kia,Telluride,suv,2022,NA,ORD,Chicago O'Hare,on_rent,AGR-6298762,CUST-882615,"Brown, C.",135672,TRK801498
EPM-4121,ZJSYUT3LGZMR95190,Tesla,Model 3,sedan,2024,NA,LAX,Los Angeles International,on_rent,AGR-6870977,CUST-108629,"Jones, F.",15615,TRK801499
QNY-2796,SLJ6AYY67K6R36047,Toyota,Camry,sedan,2024,NA,MCO,Orlando International,available,,,,111709,TRK801500
BRF-7578,SUNL2GHJ5KH8G2374,Toyota,RAV4,suv,2025,NA,DEN,Denver International,in_service,,,,79124,TRK801501
CKD-4724,RYTTBTZGV2J9G1028,Chevrolet,Malibu,sedan,2024,NA,PHX,Phoenix Sky Harbor,available,,,,27783,TRK801502
VRC-8194,XABU4GEUPX9EW6413,Chevrolet,Equinox,suv,2024,NA,YYZ,Toronto Pearson,on_rent,AGR-2757791,CUST-816356,"Smith, L.",50666,TRK801503
OL24 WXR,AARXGBZJPPWU68674,Skoda,Octavia,sedan,2025,EU,LHR,London Heathrow,on_rent,AGR-8178873,CUST-606664,"Kowalski, B.",87764,TRK801504
SD43 GAU,VEDPAVBPYECUW4593,Opel,Corsa,hatch,2025,EU,CDG,Paris Charles de Gaulle,on_rent,AGR-1912429,CUST-649325,"Schmidt, D.",85111,TRK801505
MS78 RAC,FYFMS83DT60295860,BMW,1 Series,hatch,2024,EU,FRA,Frankfurt am Main,on_rent,AGR-1645668,CUST-930605,"Dubois, N.",94378,TRK801506
KT55 TDK,DNRR4UT9SNSCR0890,Mercedes-Benz,A-Class,hatch,2023,EU,MAD,Madrid Barajas,on_rent,AGR-7035521,CUST-355296,"Andersson, T.",89766,TRK801507
AM88 IAT,RURDY6CJ7330U6381,Fiat,500e,hatch,2023,EU,MXP,Milan Malpensa,on_rent,AGR-5913595,CUST-640304,"Novak, H.",38641,TRK801508
ZK93 WNA,ZUWY2RHFXP0JJ7659,Seat,Leon,hatch,2024,EU,AMS,Amsterdam Schiphol,on_rent,AGR-1854612,CUST-766320,"Jansen, W.",24746,TRK801509
IL24 GAV,BLX37LYMKXDZ08879,Ford,Puma,suv,2023,EU,MUC,Munich Franz Josef Strauss,on_rent,AGR-4019053,CUST-608260,"Novak, A.",111553,TRK801510
WE78 LCK,MBDCMAGW55VZX5661,Citroen,C3,hatch,2022,EU,LIS,Lisbon Humberto Delgado,on_rent,AGR-7064017,CUST-228015,"Garcia, D.",11253,TRK801511
WAP4U05,JMCMUDD9XT9RG7341,Fiat,Cronos,sedan,2023,BR,GRU,Sao Paulo Guarulhos,on_rent,AGR-9571954,CUST-588078,"Nascimento, G.",31532,TRK801512
LNG6Z05,RCEK7DXDK58L49297,Fiat,Argo,hatch,2023,BR,CGH,Sao Paulo Congonhas,in_service,,,,33040,TRK801513
LVW3C84,KLZHPT7P2L6JR3812,Fiat,Mobi,hatch,2025,BR,GIG,Rio Galeao,in_service,,,,80678,TRK801514
VYB2G01,JEGFEF6R09L198120,Volkswagen,Polo,hatch,2022,BR,CNF,Belo Horizonte Confins,on_rent,AGR-5337005,CUST-106047,"Silva, K.",130620,TRK801515
EMB2O40,STWTUCTZ1NDYC8682,Volkswagen,T-Cross,suv,2022,BR,CWB,Curitiba Afonso Pena,on_rent,AGR-9822484,CUST-254385,"Souza, G.",20430,TRK801516
BUV7L12,TZN860ZTCSWBZ1114,Chevrolet,Onix,hatch,2024,BR,BSB,Brasilia Internacional,on_rent,AGR-7496259,CUST-111820,"Silva, N.",74569,TRK801517
PSB4X20,MFUHRLZ1U4V8A4677,Chevrolet,Tracker,suv,2022,BR,POA,Porto Alegre Salgado Filho,available,,,,87795,TRK801518
QGI8X00,WUMGGW2HFCGTL8834,Hyundai,HB20,hatch,2024,BR,SSA,Salvador Deputado Magalhaes,on_rent,AGR-8681775,CUST-871992,"Carvalho, E.",96484,TRK801519
XXN-5876,BLXXKE1Y0DVBM3951,Hyundai,Elantra,sedan,2024,NA,DFW,Dallas Fort Worth,available,,,,77417,TRK801520
KZK-8972,UXDFVC4JA7XMR2253,Jeep,Grand Cherokee,suv,2023,NA,ATL,Atlanta Hartsfield,on_rent,AGR-9061012,CUST-723064,"Wilson, J.",22761,TRK801521
LUT-8824,PPE2K0VHSG07M7245,Kia,Telluride,suv,2024,NA,ORD,Chicago O'Hare,on_rent,AGR-5937576,CUST-526017,"Miller, E.",95512,TRK801522
VJE-5310,LUPSWBB3WA8TX4445,Tesla,Model 3,sedan,2022,NA,LAX,Los Angeles International,on_rent,AGR-8272164,CUST-798568,"Smith, D.",76271,TRK801523
RQG-4876,WEGR89NGUZTBT7057,Toyota,Camry,sedan,2022,NA,MCO,Orlando International,on_rent,AGR-2013269,CUST-337665,"Garcia, N.",81918,TRK801524
WJY-3636,PESEP0S2349UT4675,Toyota,RAV4,suv,2024,NA,DEN,Denver International,in_service,,,,17962,TRK801525
CAB-2742,PNMLKMKF236XH6555,Chevrolet,Malibu,sedan,2023,NA,PHX,Phoenix Sky Harbor,on_rent,AGR-9236189,CUST-862502,"Jones, F.",31956,TRK801526
SQO-4235,BSGA6TSPS62V38719,Chevrolet,Equinox,suv,2025,NA,YYZ,Toronto Pearson,available,,,,23569,TRK801527
AU28 LBA,PJF9WTGFKKTM87062,Skoda,Octavia,sedan,2025,EU,LHR,London Heathrow,on_rent,AGR-6974905,CUST-163829,"Jansen, G.",42864,TRK801528
SL34 WRR,SLMYLB3G4NLAA3742,Opel,Corsa,hatch,2022,EU,CDG,Paris Charles de Gaulle,on_rent,AGR-2660439,CUST-518765,"Novak, H.",139599,TRK801529
JU46 HHY,ZEVKNWUYJ3JXW2121,BMW,1 Series,hatch,2023,EU,FRA,Frankfurt am Main,available,,,,128583,TRK801530
ZX75 GVY,KDV0TV412VJJB8320,Mercedes-Benz,A-Class,hatch,2023,EU,MAD,Madrid Barajas,available,,,,42277,TRK801531
QL87 PYB,FKT40MPX5PGEG5746,Fiat,500e,hatch,2024,EU,MXP,Milan Malpensa,on_rent,AGR-6876690,CUST-222658,"Schmidt, E.",43011,TRK801532
QY12 NUG,CHVMJFLVHL1XD2023,Seat,Leon,hatch,2023,EU,AMS,Amsterdam Schiphol,available,,,,17421,TRK801533
VQ20 KII,SUTDWW3Y3P1V16078,Ford,Puma,suv,2025,EU,MUC,Munich Franz Josef Strauss,on_rent,AGR-1334878,CUST-769474,"Andersson, E.",31725,TRK801534
GE64 KOE,ASW3GY2XZFVYY5387,Citroen,C3,hatch,2023,EU,LIS,Lisbon Humberto Delgado,available,,,,90066,TRK801535
DZQ4L35,JDYEZPV9AS9166871,Fiat,Cronos,sedan,2023,BR,GRU,Sao Paulo Guarulhos,on_rent,AGR-2755900,CUST-431013,"Nascimento, L.",113789,TRK801536
LUK3G26,CXRE4DKYMR4U67615,Fiat,Argo,hatch,2024,BR,CGH,Sao Paulo Congonhas,in_service,,,,10692,TRK801537
NJV9Y72,MTYW30N78LEZ36910,Fiat,Mobi,hatch,2023,BR,GIG,Rio Galeao,on_rent,AGR-2603126,CUST-743895,"Araujo, A.",126557,TRK801538
OUS2W63,KYNBBSZXLC54N2679,Volkswagen,Polo,hatch,2025,BR,CNF,Belo Horizonte Confins,available,,,,25688,TRK801539
GXD4U38,JXWH7RHLRBGCH0103,Volkswagen,T-Cross,suv,2024,BR,CWB,Curitiba Afonso Pena,on_rent,AGR-3367380,CUST-904169,"Rodrigues, R.",120759,TRK801540
OBK1R19,MCX71C5UV81XN9487,Chevrolet,Onix,hatch,2022,BR,BSB,Brasilia Internacional,on_rent,AGR-5595091,CUST-391318,"Araujo, M.",61943,TRK801541
CXK0W34,HJA50BSPMWRKW6064,Chevrolet,Tracker,suv,2024,BR,POA,Porto Alegre Salgado Filho,on_rent,AGR-7623806,CUST-480374,"Araujo, R.",71015,TRK801542
QKT0Z96,EHH3KUB7KY1T66147,Hyundai,HB20,hatch,2023,BR,SSA,Salvador Deputado Magalhaes,on_rent,AGR-4696043,CUST-991042,"Rodrigues, H.",110458,TRK801543
WQC-7846,EVG3R7N3X73US1994,Hyundai,Elantra,sedan,2024,NA,DFW,Dallas Fort Worth,on_rent,AGR-1915734,CUST-330952,"Miller, R.",23838,TRK801544
POT-8057,YGDJTV2R3WHT42436,Jeep,Grand Cherokee,suv,2023,NA,ATL,Atlanta Hartsfield,available,,,,75731,TRK801545
POS-9833,TTEGDWNSSUBVG8228,Kia,Telluride,suv,2023,NA,ORD,Chicago O'Hare,on_rent,AGR-4931440,CUST-112803,"Smith, R.",51977,TRK801546
GYZ-4540,NRE54LRV4H1AB4813,Tesla,Model 3,sedan,2024,NA,LAX,Los Angeles International,available,,,,113048,TRK801547
OCN-6342,BVJAD6PTFX5E71027,Toyota,Camry,sedan,2023,NA,MCO,Orlando International,available,,,,58319,TRK801548
OTB-5978,PKKG3N4M6EG9Y9170,Toyota,RAV4,suv,2024,NA,DEN,Denver International,on_rent,AGR-2562351,CUST-837487,"Anderson, C.",119225,TRK801549
VBU-7926,TCKK5UUR66XW99983,Chevrolet,Malibu,sedan,2023,NA,PHX,Phoenix Sky Harbor,on_rent,AGR-3737911,CUST-102053,"Miller, S.",76592,TRK801550
ITU-8858,SZYLXBJ02E3C55988,Chevrolet,Equinox,suv,2022,NA,YYZ,Toronto Pearson,on_rent,AGR-9722896,CUST-533718,"Johnson, R.",110069,TRK801551
IU22 TIS,MTGBP42508SED4298,Skoda,Octavia,sedan,2024,EU,LHR,London Heathrow,on_rent,AGR-3246352,CUST-251962,"Kowalski, S.",84261,TRK801552
VX56 XLI,GZJGB5F077LMX6642,Opel,Corsa,hatch,2024,EU,CDG,Paris Charles de Gaulle,on_rent,AGR-5638299,CUST-916501,"Dubois, M.",108703,TRK801553
FG70 LAQ,GWSF7WLAL9E9H3845,BMW,1 Series,hatch,2023,EU,FRA,Frankfurt am Main,in_service,,,,54125,TRK801554
NK65 FRA,SGHP10TGLL2KA4794,Mercedes-Benz,A-Class,hatch,2022,EU,MAD,Madrid Barajas,available,,,,58034,TRK801555
FS34 XXO,APFPZWDR13PN82226,Fiat,500e,hatch,2024,EU,MXP,Milan Malpensa,on_rent,AGR-3409299,CUST-892442,"Garcia, C.",10754,TRK801556
XA37 JYD,KRSMRZTDY5FVX0129,Seat,Leon,hatch,2024,EU,AMS,Amsterdam Schiphol,on_rent,AGR-1520506,CUST-948076,"Bianchi, L.",80779,TRK801557
UZ38 VTM,LRZPCYRHJM7AL6282,Ford,Puma,suv,2023,EU,MUC,Munich Franz Josef Strauss,available,,,,123734,TRK801558
IV44 ZES,VYN7D3V4R2UCG5568,Citroen,C3,hatch,2022,EU,LIS,Lisbon Humberto Delgado,on_rent,AGR-1619725,CUST-503004,"Schmidt, T.",17333,TRK801559
MAJ2P64,MZS63FTC0PRMT2886,Fiat,Cronos,sedan,2023,BR,GRU,Sao Paulo Guarulhos,in_service,,,,47611,TRK801560
RTS0V70,TTN1450W6JBDS0420,Fiat,Argo,hatch,2023,BR,CGH,Sao Paulo Congonhas,on_rent,AGR-7945699,CUST-636177,"Silva, T.",45847,TRK801561
PEY1G22,PZZYYTDE44Z3K3816,Fiat,Mobi,hatch,2024,BR,GIG,Rio Galeao,available,,,,86048,TRK801562
KYM8W33,FDU724XHWA5E62015,Volkswagen,Polo,hatch,2023,BR,CNF,Belo Horizonte Confins,in_service,,,,48810,TRK801563
DEC7Q14,RAKBF8YL55LA16791,Volkswagen,T-Cross,suv,2023,BR,CWB,Curitiba Afonso Pena,on_rent,AGR-1407787,CUST-998666,"Lima, D.",123817,TRK801564
HDB0C58,WYFL4ESA9C14D7352,Chevrolet,Onix,hatch,2022,BR,BSB,Brasilia Internacional,on_rent,AGR-3963309,CUST-131351,"Nascimento, W.",8645,TRK801565
WHM0O63,ESF2JP30UDNEF3388,Chevrolet,Tracker,suv,2023,BR,POA,Porto Alegre Salgado Filho,on_rent,AGR-1456716,CUST-217477,"Costa, F.",49294,TRK801566
PHB5V09,LDGE81SVC39J07827,Hyundai,HB20,hatch,2023,BR,SSA,Salvador Deputado Magalhaes,in_service,,,,91393,TRK801567
BHZ-7289,HYTPXHCE6LZ100453,Hyundai,Elantra,sedan,2024,NA,DFW,Dallas Fort Worth,on_rent,AGR-6007066,CUST-206925,"Miller, E.",102196,TRK801568
AZA-4688,VJXPPZJRJA36Z1729,Jeep,Grand Cherokee,suv,2025,NA,ATL,Atlanta Hartsfield,on_rent,AGR-1356625,CUST-247266,"Brown, F.",87209,TRK801569
TDP-6718,BRL7ARWXN1HS66413,Kia,Telluride,suv,2025,NA,ORD,Chicago O'Hare,on_rent,AGR-3675796,CUST-794027,"Williams, T.",87786,TRK801570
URY-9176,FAE0GY51ERMEJ7993,Tesla,Model 3,sedan,2024,NA,LAX,Los Angeles International,available,,,,26831,TRK801571
PDV-8173,KLG4JPPN033916988,Toyota,Camry,sedan,2025,NA,MCO,Orlando International,available,,,,49598,TRK801572
WES-5164,GPX521AGL37GU4868,Toyota,RAV4,suv,2024,NA,DEN,Denver International,on_rent,AGR-1691303,CUST-258197,"Brown, P.",111639,TRK801573
GVV-2315,GJCVTBB1NK4YP4356,Chevrolet,Malibu,sedan,2025,NA,PHX,Phoenix Sky Harbor,on_rent,AGR-1529828,CUST-200888,"Miller, H.",109875,TRK801574
GGY-7653,WXD1AUNU683RJ6331,Chevrolet,Equinox,suv,2023,NA,YYZ,Toronto Pearson,on_rent,AGR-7858412,CUST-977362,"Davis, N.",30470,TRK801575
BX97 CUJ,HVV9NW0AZU7098535,Skoda,Octavia,sedan,2023,EU,LHR,London Heathrow,in_service,,,,39471,TRK801576
EA41 FVX,UPL772NBD2MC07095,Opel,Corsa,hatch,2024,EU,CDG,Paris Charles de Gaulle,on_rent,AGR-4679474,CUST-115697,"Bianchi, W.",77708,TRK801577
MS28 WWC,VXD1M0Y6W2NYJ5022,BMW,1 Series,hatch,2023,EU,FRA,Frankfurt am Main,on_rent,AGR-5653102,CUST-125688,"Andersson, D.",65390,TRK801578
UK57 NPN,WLWWARBTEAXDA4333,Mercedes-Benz,A-Class,hatch,2023,EU,MAD,Madrid Barajas,on_rent,AGR-9204517,CUST-892771,"Muller, G.",96114,TRK801579
VZ23 ICV,HKG1VSE9ZVR5U0547,Fiat,500e,hatch,2023,EU,MXP,Milan Malpensa,available,,,,70144,TRK801580
FH64 XHO,JYGWF24D4GCJ43087,Seat,Leon,hatch,2023,EU,AMS,Amsterdam Schiphol,available,,,,65742,TRK801581
XJ69 MFA,RGJWXENK7HLNT5002,Ford,Puma,suv,2024,EU,MUC,Munich Franz Josef Strauss,on_rent,AGR-4254686,CUST-167330,"Schmidt, D.",31355,TRK801582
AR92 QTI,HUG27KPXZ6SPU0160,Citroen,C3,hatch,2024,EU,LIS,Lisbon Humberto Delgado,available,,,,132608,TRK801583
YVE4J51,ZFUAU4WDGR2WD7109,Fiat,Cronos,sedan,2023,BR,GRU,Sao Paulo Guarulhos,on_rent,AGR-2311851,CUST-374630,"Nascimento, G.",128304,TRK801584
AJK0U29,AXTEH75SJYTGB7819,Fiat,Argo,hatch,2023,BR,CGH,Sao Paulo Congonhas,on_rent,AGR-7830376,CUST-681941,"Santos, G.",25450,TRK801585
YRD8C46,MGYBPZF2B5CSY1039,Fiat,Mobi,hatch,2024,BR,GIG,Rio Galeao,available,,,,17592,TRK801586
OMA2Q63,KWAXATGZ40M1F9628,Volkswagen,Polo,hatch,2022,BR,CNF,Belo Horizonte Confins,available,,,,75416,TRK801587
URK9H96,BUEBV6HUNFLFT9667,Volkswagen,T-Cross,suv,2024,BR,CWB,Curitiba Afonso Pena,on_rent,AGR-3493844,CUST-354774,"Oliveira, B.",62790,TRK801588
ZYY2H06,ZNS14HRY25H499197,Chevrolet,Onix,hatch,2022,BR,BSB,Brasilia Internacional,on_rent,AGR-5283613,CUST-409176,"Rodrigues, D.",138346,TRK801589
QKM2G57,UXUU4XE8VWT1T3084,Chevrolet,Tracker,suv,2024,BR,POA,Porto Alegre Salgado Filho,on_rent,AGR-6567096,CUST-771740,"Santos, H.",64390,TRK801590
SRI3N51,ZHYFXPT5ZHNEM7894,Hyundai,HB20,hatch,2024,BR,SSA,Salvador Deputado Magalhaes,available,,,,82297,TRK801591
HNC-9777,YTZCVJKACR2J84401,Hyundai,Elantra,sedan,2023,NA,DFW,Dallas Fort Worth,on_rent,AGR-6442433,CUST-104557,"Williams, M.",28551,TRK801592
SRR-2173,NDAEVTDAJ0EZ14981,Jeep,Grand Cherokee,suv,2023,NA,ATL,Atlanta Hartsfield,on_rent,AGR-9235041,CUST-367870,"Johnson, F.",9336,TRK801593
AQN-2665,WVR0YZDD5F8K22727,Kia,Telluride,suv,2025,NA,ORD,Chicago O'Hare,available,,,,55383,TRK801594
MLO-6971,MLSKRD940Y0MS0971,Tesla,Model 3,sedan,2023,NA,LAX,Los Angeles International,available,,,,90573,TRK801595
MAY-1469,PNDT4MC5VRS1A4805,Toyota,Camry,sedan,2023,NA,MCO,Orlando International,on_rent,AGR-7283491,CUST-494898,"Wilson, R.",36175,TRK801596
TOK-8506,LMJS1RCHBT1PC3857,Toyota,RAV4,suv,2024,NA,DEN,Denver International,available,,,,100985,TRK801597
BRW-2889,TRL2J6J1CTEKV4261,Chevrolet,Malibu,sedan,2023,NA,PHX,Phoenix Sky Harbor,on_rent,AGR-2766608,CUST-244822,"Taylor, N.",67444,TRK801598
TGA-5771,KGCA5CHLMV12X3039,Chevrolet,Equinox,suv,2023,NA,YYZ,Toronto Pearson,available,,,,81526,TRK801599
GN54 OQG,RZCP63J6FSYWX6220,Skoda,Octavia,sedan,2024,EU,LHR,London Heathrow,on_rent,AGR-7061123,CUST-943623,"Murphy, G.",122941,TRK801600
KK67 SDZ,EAWKMG1AHKD8R9633,Opel,Corsa,hatch,2024,EU,CDG,Paris Charles de Gaulle,on_rent,AGR-7772664,CUST-699181,"Novak, D.",109233,TRK801601
TA76 YPQ,PHV5K7FL2J3JJ4266,BMW,1 Series,hatch,2024,EU,FRA,Frankfurt am Main,on_rent,AGR-5678115,CUST-295305,"Kowalski, B.",103931,TRK801602
OU30 RPI,BRL5F7GR0FVA13741,Mercedes-Benz,A-Class,hatch,2023,EU,MAD,Madrid Barajas,on_rent,AGR-7944175,CUST-648609,"Murphy, D.",57158,TRK801603
PL13 DGS,XYWDBLSVXKSF57851,Fiat,500e,hatch,2024,EU,MXP,Milan Malpensa,available,,,,104508,TRK801604
NC61 HZH,UNG7F0C9T8KTK0446,Seat,Leon,hatch,2024,EU,AMS,Amsterdam Schiphol,available,,,,44538,TRK801605
MJ44 ZHI,VXLJ686WRA3242893,Ford,Puma,suv,2024,EU,MUC,Munich Franz Josef Strauss,on_rent,AGR-5186464,CUST-367032,"Silva, F.",85847,TRK801606
KA46 ULM,TPWT225ADC5L84922,Citroen,C3,hatch,2022,EU,LIS,Lisbon Humberto Delgado,available,,,,49350,TRK801607
ZEO6Q53,CXFXVCFEFMUK90326,Fiat,Cronos,sedan,2022,BR,GRU,Sao Paulo Guarulhos,on_rent,AGR-5492115,CUST-368957,"Pereira, R.",117150,TRK801608
WYL0X53,KCAD4K4YFBTP83472,Fiat,Argo,hatch,2023,BR,CGH,Sao Paulo Congonhas,on_rent,AGR-8181094,CUST-487401,"Araujo, M.",95071,TRK801609
NOV2N33,KYB4ZBZ7KDMDM4295,Fiat,Mobi,hatch,2023,BR,GIG,Rio Galeao,on_rent,AGR-6752094,CUST-760173,"Araujo, P.",63872,TRK801610
QCY3Z64,KZRM4FG2WH5ZL0302,Volkswagen,Polo,hatch,2023,BR,CNF,Belo Horizonte Confins,available,,,,96424,TRK801611
YIN5C16,BNW1U66NWDV9M3905,Volkswagen,T-Cross,suv,2022,BR,CWB,Curitiba Afonso Pena,on_rent,AGR-4892896,CUST-224605,"Pereira, W.",86713,TRK801612
RAW5I86,ABVAD6N3XYF0M3095,Chevrolet,Onix,hatch,2024,BR,BSB,Brasilia Internacional,available,,,,91690,TRK801613
TFM2A42,YMZPNR9ZKYPRN7251,Chevrolet,Tracker,suv,2024,BR,POA,Porto Alegre Salgado Filho,on_rent,AGR-4684950,CUST-974828,"Souza, H.",11985,TRK801614
YOR7Q23,TAYMXBZFVC04U5920,Hyundai,HB20,hatch,2025,BR,SSA,Salvador Deputado Magalhaes,on_rent,AGR-9768275,CUST-406614,"Costa, A.",63495,TRK801615
GFO-2628,UXTVNVM3282YM2078,Hyundai,Elantra,sedan,2022,NA,DFW,Dallas Fort Worth,on_rent,AGR-5229253,CUST-519838,"Wilson, B.",10791,TRK801616
PGT-3748,BEKGH0XF6X5071107,Jeep,Grand Cherokee,suv,2023,NA,ATL,Atlanta Hartsfield,on_rent,AGR-1971812,CUST-894076,"Brown, N.",93730,TRK801617
NCU-7427,PYPHX41YENBVM6886,Kia,Telluride,suv,2023,NA,ORD,Chicago O'Hare,on_rent,AGR-3267912,CUST-835058,"Taylor, A.",126174,TRK801618
CUQ-4624,FCLA23YJ4RRHD0617,Tesla,Model 3,sedan,2024,NA,LAX,Los Angeles International,on_rent,AGR-7338242,CUST-125376,"Jones, E.",72818,TRK801619
IIP-2895,BNBS3UWFYWA4G2002,Toyota,Camry,sedan,2024,NA,MCO,Orlando International,on_rent,AGR-2977669,CUST-141266,"Smith, R.",41952,TRK801620
DUD-8472,BMNHWUMPWPV1E3685,Toyota,RAV4,suv,2024,NA,DEN,Denver International,on_rent,AGR-8737117,CUST-863604,"Garcia, J.",118058,TRK801621
UGX-8914,TKUSLAD20JLDC4334,Chevrolet,Malibu,sedan,2023,NA,PHX,Phoenix Sky Harbor,on_rent,AGR-1416150,CUST-376549,"Wilson, W.",8283,TRK801622
OLG-8113,KZCUD8M56X9C33153,Chevrolet,Equinox,suv,2023,NA,YYZ,Toronto Pearson,on_rent,AGR-9505331,CUST-271813,"Johnson, S.",37792,TRK801623
BZ43 RUU,AUZZU56APZ1KK3795,Skoda,Octavia,sedan,2022,EU,LHR,London Heathrow,available,,,,69304,TRK801624
DW61 QDA,VTDWTUEP85M9T7929,Opel,Corsa,hatch,2023,EU,CDG,Paris Charles de Gaulle,on_rent,AGR-8576583,CUST-220110,"Dubois, A.",62274,TRK801625
JD47 PHL,WKPMCWJBMBLWV6223,BMW,1 Series,hatch,2024,EU,FRA,Frankfurt am Main,in_service,,,,102703,TRK801626
LC59 UMB,HFYFX16G1N3V45753,Mercedes-Benz,A-Class,hatch,2025,EU,MAD,Madrid Barajas,on_rent,AGR-2637387,CUST-751149,"Murphy, N.",37608,TRK801627
SN19 WCL,XXWNEEZJ5S81U3034,Fiat,500e,hatch,2024,EU,MXP,Milan Malpensa,on_rent,AGR-9537175,CUST-191319,"Jansen, P.",33585,TRK801628
UQ37 IGI,VGPFLU3YVFJY94829,Seat,Leon,hatch,2025,EU,AMS,Amsterdam Schiphol,on_rent,AGR-5371957,CUST-198666,"Bianchi, P.",72806,TRK801629
ET91 GEM,THKX1BM6TA2KN4338,Ford,Puma,suv,2024,EU,MUC,Munich Franz Josef Strauss,on_rent,AGR-3589815,CUST-495970,"Rossi, R.",130155,TRK801630
RO60 MHI,AJDVGGWUMB8KS6571,Citroen,C3,hatch,2024,EU,LIS,Lisbon Humberto Delgado,available,,,,86239,TRK801631
HLW2U70,KLJW1L01NVGM27941,Fiat,Cronos,sedan,2024,BR,GRU,Sao Paulo Guarulhos,on_rent,AGR-8038158,CUST-427578,"Almeida, R.",40967,TRK801632
GLT4R22,XEJP8J7R0CPFK1767,Fiat,Argo,hatch,2024,BR,CGH,Sao Paulo Congonhas,on_rent,AGR-8112157,CUST-834178,"Pereira, K.",93133,TRK801633
JVY7H72,XYY5AZFLGJ0687515,Fiat,Mobi,hatch,2024,BR,GIG,Rio Galeao,available,,,,100045,TRK801634
KGT0S12,YRKHYG00C1AA26592,Volkswagen,Polo,hatch,2023,BR,CNF,Belo Horizonte Confins,on_rent,AGR-2625591,CUST-734411,"Nascimento, N.",99752,TRK801635
UKR7E67,AFHRLTBT200P11968,Volkswagen,T-Cross,suv,2024,BR,CWB,Curitiba Afonso Pena,on_rent,AGR-9580834,CUST-114164,"Silva, H.",79128,TRK801636
FZX2B96,GAR434UAADWRS2741,Chevrolet,Onix,hatch,2022,BR,BSB,Brasilia Internacional,on_rent,AGR-7145123,CUST-382186,"Santos, M.",139059,TRK801637
EOX2T84,FZWK9TDMFKARC9165,Chevrolet,Tracker,suv,2024,BR,POA,Porto Alegre Salgado Filho,available,,,,93122,TRK801638
BTE3H46,MTTNW9ZEGSD6U1337,Hyundai,HB20,hatch,2025,BR,SSA,Salvador Deputado Magalhaes,on_rent,AGR-1448697,CUST-467153,"Pereira, W.",27852,TRK801639
BZV-5876,CPRLA2BWZ6HMG8870,Hyundai,Elantra,sedan,2022,NA,DFW,Dallas Fort Worth,on_rent,AGR-2191736,CUST-689744,"Wilson, D.",111465,TRK801640
BSF-7895,FUTSN1YB131NW0338,Jeep,Grand Cherokee,suv,2022,NA,ATL,Atlanta Hartsfield,on_rent,AGR-9350655,CUST-399079,"Brown, L.",89471,TRK801641
YLU-7908,TAZHU006M78DR2496,Kia,Telluride,suv,2023,NA,ORD,Chicago O'Hare,available,,,,98231,TRK801642
AEL-2902,VZBSV8KHU3PXY2610,Tesla,Model 3,sedan,2023,NA,LAX,Los Angeles International,available,,,,40052,TRK801643
GKO-3163,YUW1632TFHWK58272,Toyota,Camry,sedan,2022,NA,MCO,Orlando International,on_rent,AGR-5431811,CUST-912529,"Williams, B.",111128,TRK801644
YNR-4067,TSNNVPNN8MZTL6294,Toyota,RAV4,suv,2024,NA,DEN,Denver International,on_rent,AGR-7041303,CUST-125658,"Taylor, P.",70997,TRK801645
QPD-4672,BBBBMNGSGMFFJ7286,Chevrolet,Malibu,sedan,2024,NA,PHX,Phoenix Sky Harbor,available,,,,90721,TRK801646
DWW-6101,MBLRDCX2UM6469675,Chevrolet,Equinox,suv,2024,NA,YYZ,Toronto Pearson,on_rent,AGR-3023768,CUST-307433,"Martinez, R.",51042,TRK801647
GH92 EJC,WYWWW5506RVWJ3173,Skoda,Octavia,sedan,2024,EU,LHR,London Heathrow,on_rent,AGR-1865737,CUST-970131,"Novak, W.",51903,TRK801648
SY44 PIT,GXKXRDZT5S5XW6276,Opel,Corsa,hatch,2023,EU,CDG,Paris Charles de Gaulle,on_rent,AGR-6308143,CUST-648935,"Schmidt, B.",62786,TRK801649
OS14 UZA,LGY48T1PLYK388708,BMW,1 Series,hatch,2023,EU,FRA,Frankfurt am Main,available,,,,135845,TRK801650
DU31 NQC,HBSFVD6FNK6AF4287,Mercedes-Benz,A-Class,hatch,2023,EU,MAD,Madrid Barajas,on_rent,AGR-3892862,CUST-311624,"Rossi, M.",46249,TRK801651
YM32 ZWO,JGL6J8ZTC8Y393367,Fiat,500e,hatch,2022,EU,MXP,Milan Malpensa,in_service,,,,25122,TRK801652
YU72 MHJ,JGGHT0BRDFPSH1209,Seat,Leon,hatch,2025,EU,AMS,Amsterdam Schiphol,on_rent,AGR-7768958,CUST-769324,"Rossi, W.",51732,TRK801653
IV91 XHL,DSECRZP2GKPAR0840,Ford,Puma,suv,2025,EU,MUC,Munich Franz Josef Strauss,available,,,,40448,TRK801654
IB50 XLZ,HBN47E10HP8XP2705,Citroen,C3,hatch,2023,EU,LIS,Lisbon Humberto Delgado,on_rent,AGR-5495585,CUST-154005,"Silva, S.",127248,TRK801655
MHQ5S71,CTEGDVKR22NPY3416,Fiat,Cronos,sedan,2023,BR,GRU,Sao Paulo Guarulhos,on_rent,AGR-9801756,CUST-103458,"Rodrigues, E.",46213,TRK801656
ADO5A42,PYNNL2SLSY8AC2772,Fiat,Argo,hatch,2023,BR,CGH,Sao Paulo Congonhas,available,,,,60707,TRK801657
NSP1X31,NHL55K939S6893543,Fiat,Mobi,hatch,2023,BR,GIG,Rio Galeao,on_rent,AGR-7898079,CUST-812324,"Santos, J.",130851,TRK801658
EFJ3A19,HZE3016C8VAAG3863,Volkswagen,Polo,hatch,2023,BR,CNF,Belo Horizonte Confins,available,,,,20657,TRK801659
TKM1U62,PFVHHTYRJ3WWP3531,Volkswagen,T-Cross,suv,2024,BR,CWB,Curitiba Afonso Pena,on_rent,AGR-2159553,CUST-388432,"Silva, W.",15114,TRK801660
GDX5N60,FPCYCUB9JLXVW3202,Chevrolet,Onix,hatch,2024,BR,BSB,Brasilia Internacional,on_rent,AGR-4058567,CUST-824785,"Lima, G.",30039,TRK801661
HGQ1G64,LFFDM1R9Y1J264553,Chevrolet,Tracker,suv,2023,BR,POA,Porto Alegre Salgado Filho,on_rent,AGR-2248396,CUST-280113,"Lima, L.",41279,TRK801662
USH9W29,ZXM2HTACCWH7N3223,Hyundai,HB20,hatch,2023,BR,SSA,Salvador Deputado Magalhaes,on_rent,AGR-4930731,CUST-317288,"Araujo, T.",112053,TRK801663
AKH-1528,VXJMXPN3ZBNX83686,Hyundai,Elantra,sedan,2023,NA,DFW,Dallas Fort Worth,in_service,,,,71631,TRK801664
CRN-5972,TKNWJWNA6HFPR5948,Jeep,Grand Cherokee,suv,2022,NA,ATL,Atlanta Hartsfield,available,,,,95723,TRK801665
VAX-3829,LEYPG673PNTBK1174,Kia,Telluride,suv,2023,NA,ORD,Chicago O'Hare,available,,,,93121,TRK801666
SIB-6129,VNKX2FCUHAJLC2553,Tesla,Model 3,sedan,2022,NA,LAX,Los Angeles International,available,,,,37690,TRK801667
HJB-4403,SCM9HC724MTF15982,Toyota,Camry,sedan,2023,NA,MCO,Orlando International,on_rent,AGR-2309122,CUST-883747,"Williams, F.",61144,TRK801668
OUU-7247,KKFZTE2W1W5240600,Toyota,RAV4,suv,2022,NA,DEN,Denver International,on_rent,AGR-3268396,CUST-408622,"Jones, T.",47351,TRK801669
SUA-1418,JJV433VAC4JB14640,Chevrolet,Malibu,sedan,2024,NA,PHX,Phoenix Sky Harbor,on_rent,AGR-4489679,CUST-117066,"Taylor, P.",17796,TRK801670
CAZ-6701,MAG5PZWL2RT0U7288,Chevrolet,Equinox,suv,2023,NA,YYZ,Toronto Pearson,on_rent,AGR-2942171,CUST-380256,"Johnson, J.",61287,TRK801671
OP16 VEC,LHUR76M775UBX1576,Skoda,Octavia,sedan,2023,EU,LHR,London Heathrow,available,,,,22766,TRK801672
NK11 UIW,SFLND72YCY4B90112,Opel,Corsa,hatch,2024,EU,CDG,Paris Charles de Gaulle,available,,,,138476,TRK801673
FJ12 RQN,BWP8LEFT260F49679,BMW,1 Series,hatch,2022,EU,FRA,Frankfurt am Main,available,,,,15778,TRK801674
FX89 OWD,VEYBVK4MG9NGC4880,Mercedes-Benz,A-Class,hatch,2025,EU,MAD,Madrid Barajas,on_rent,AGR-6549505,CUST-960700,"Muller, E.",40160,TRK801675
NI80 CCB,LCF8W9HC1UYXY8464,Fiat,500e,hatch,2023,EU,MXP,Milan Malpensa,on_rent,AGR-7466170,CUST-577643,"Kowalski, T.",125646,TRK801676
LC98 HGX,DMRB3BFUR5RA11349,Seat,Leon,hatch,2024,EU,AMS,Amsterdam Schiphol,on_rent,AGR-3533854,CUST-718272,"Jansen, D.",61031,TRK801677
SN24 CAR,JAYF1BXSXDT1T3744,Ford,Puma,suv,2023,EU,MUC,Munich Franz Josef Strauss,available,,,,53730,TRK801678
UP64 AZW,LMA12M33D2TBP0785,Citroen,C3,hatch,2025,EU,LIS,Lisbon Humberto Delgado,available,,,,54396,TRK801679
JJZ1S73,KCEGDT4S3P0B27212,Fiat,Cronos,sedan,2024,BR,GRU,Sao Paulo Guarulhos,on_rent,AGR-2547064,CUST-709496,"Santos, T.",123862,TRK801680
ECO7I72,ZCDXUVMP12HCY5554,Fiat,Argo,hatch,2025,BR,CGH,Sao Paulo Congonhas,on_rent,AGR-4339940,CUST-873650,"Santos, L.",121549,TRK801681
RMB3S07,GPSJUVPSXPDL45168,Fiat,Mobi,hatch,2023,BR,GIG,Rio Galeao,on_rent,AGR-5340453,CUST-793520,"Araujo, S.",8189,TRK801682
WAG7R11,ADAF90Z9FG6S09785,Volkswagen,Polo,hatch,2025,BR,CNF,Belo Horizonte Confins,on_rent,AGR-1412512,CUST-704821,"Rodrigues, M.",54721,TRK801683
MIJ4T06,JHVJS4U98AWV87070,Volkswagen,T-Cross,suv,2022,BR,CWB,Curitiba Afonso Pena,on_rent,AGR-1312964,CUST-457016,"Lima, B.",31861,TRK801684
SEC8S40,NUTSGDCVHNC422887,Chevrolet,Onix,hatch,2023,BR,BSB,Brasilia Internacional,on_rent,AGR-5933106,CUST-683488,"Rodrigues, P.",37601,TRK801685
OHM0T07,TLRMEWKVSD6DG2944,Chevrolet,Tracker,suv,2025,BR,POA,Porto Alegre Salgado Filho,available,,,,86360,TRK801686
FGJ6X84,CLCA7UYS0T2516194,Hyundai,HB20,hatch,2024,BR,SSA,Salvador Deputado Magalhaes,on_rent,AGR-6324124,CUST-630238,"Nascimento, R.",105045,TRK801687
RKI-1680,XYKJM1ESCCGRR9874,Hyundai,Elantra,sedan,2022,NA,DFW,Dallas Fort Worth,on_rent,AGR-9777421,CUST-225623,"Jones, K.",87944,TRK801688
WHC-6645,YGAX1W62JYU145880,Jeep,Grand Cherokee,suv,2022,NA,ATL,Atlanta Hartsfield,on_rent,AGR-9650583,CUST-845314,"Anderson, H.",114890,TRK801689
XIL-5478,CTGCY6KYK9N1W5054,Kia,Telluride,suv,2023,NA,ORD,Chicago O'Hare,on_rent,AGR-9830874,CUST-985165,"Williams, B.",15920,TRK801690
KKA-1566,LGLXR3ESVDDR44409,Tesla,Model 3,sedan,2023,NA,LAX,Los Angeles International,on_rent,AGR-5248060,CUST-594679,"Jones, C.",65460,TRK801691
UIQ-3560,ZJXFTKM4VAVPY7767,Toyota,Camry,sedan,2023,NA,MCO,Orlando International,on_rent,AGR-2009538,CUST-899510,"Miller, C.",73059,TRK801692
XBB-3540,LPYZCMU8VFXXX6265,Toyota,RAV4,suv,2023,NA,DEN,Denver International,on_rent,AGR-5373950,CUST-100154,"Williams, H.",45471,TRK801693
YER-3676,PMXUMBERXPRBW6059,Chevrolet,Malibu,sedan,2023,NA,PHX,Phoenix Sky Harbor,on_rent,AGR-6721861,CUST-806960,"Jones, A.",75388,TRK801694
LKH-7542,YKXAB3GV2MGGY6516,Chevrolet,Equinox,suv,2023,NA,YYZ,Toronto Pearson,on_rent,AGR-9461206,CUST-843129,"Taylor, G.",135685,TRK801695
MY98 TFO,BJHZM9V4NEHHE0403,Skoda,Octavia,sedan,2023,EU,LHR,London Heathrow,available,,,,126614,TRK801696
FZ45 BET,JUAKUZR2VSCGB7989,Opel,Corsa,hatch,2023,EU,CDG,Paris Charles de Gaulle,on_rent,AGR-6156346,CUST-560530,"Kowalski, D.",71522,TRK801697
DM30 CXP,GNS5FYC4J1D476517,BMW,1 Series,hatch,2024,EU,FRA,Frankfurt am Main,available,,,,30389,TRK801698
TX79 QXS,XPSSB4Z8BKWB84221,Mercedes-Benz,A-Class,hatch,2024,EU,MAD,Madrid Barajas,available,,,,63916,TRK801699
DM66 CUI,TYVNW9MWPBCL99791,Fiat,500e,hatch,2024,EU,MXP,Milan Malpensa,available,,,,32962,TRK801700
IK44 EJP,DCMLBB47M5V507388,Seat,Leon,hatch,2022,EU,AMS,Amsterdam Schiphol,on_rent,AGR-8294478,CUST-578371,"Kowalski, P.",23444,TRK801701
JK41 RGG,NKFNL0EPFFB521642,Ford,Puma,suv,2023,EU,MUC,Munich Franz Josef Strauss,available,,,,51231,TRK801702
VT55 SYY,RSBE6X0PU8PCB0673,Citroen,C3,hatch,2022,EU,LIS,Lisbon Humberto Delgado,on_rent,AGR-5458599,CUST-940551,"Garcia, L.",33577,TRK801703
HNQ6H53,XKYKKZ71SC8TV3160,Fiat,Cronos,sedan,2024,BR,GRU,Sao Paulo Guarulhos,on_rent,AGR-3342380,CUST-764544,"Silva, N.",122526,TRK801704
CCT2I57,JGXM3UXA3DZX81944,Fiat,Argo,hatch,2022,BR,CGH,Sao Paulo Congonhas,on_rent,AGR-3322041,CUST-119420,"Souza, T.",85621,TRK801705
BDL0Y85,YMWNKYU5U3RZ23890,Fiat,Mobi,hatch,2022,BR,GIG,Rio Galeao,available,,,,122105,TRK801706
INQ0C89,GDJDFT0NYGCB61764,Volkswagen,Polo,hatch,2022,BR,CNF,Belo Horizonte Confins,in_service,,,,89767,TRK801707
ESC7T94,DWN34FRJ4YTL80296,Volkswagen,T-Cross,suv,2023,BR,CWB,Curitiba Afonso Pena,available,,,,111775,TRK801708
CNQ0D96,CLYDT1RJDKPCH9957,Chevrolet,Onix,hatch,2024,BR,BSB,Brasilia Internacional,on_rent,AGR-4482513,CUST-232224,"Silva, A.",57080,TRK801709
ZAL3F98,MPFK1KY2GTHML5837,Chevrolet,Tracker,suv,2022,BR,POA,Porto Alegre Salgado Filho,in_service,,,,102709,TRK801710
OYZ4D10,XVGPC60FZ4SSY7218,Hyundai,HB20,hatch,2025,BR,SSA,Salvador Deputado Magalhaes,on_rent,AGR-1445521,CUST-754804,"Carvalho, M.",51860,TRK801711
IWG-5266,EVA2Z9LLXZC2C7835,Hyundai,Elantra,sedan,2022,NA,DFW,Dallas Fort Worth,on_rent,AGR-4596257,CUST-574160,"Davis, G.",80898,TRK801712
QLG-2008,RJTW4CG1N7H0L0938,Jeep,Grand Cherokee,suv,2025,NA,ATL,Atlanta Hartsfield,available,,,,101652,TRK801713
ABI-9432,MKY68CGZ60JLA5215,Kia,Telluride,suv,2023,NA,ORD,Chicago O'Hare,available,,,,50661,TRK801714
EVW-9881,RBC3C87M9G6YU1795,Tesla,Model 3,sedan,2022,NA,LAX,Los Angeles International,on_rent,AGR-2614602,CUST-992343,"Jones, T.",13015,TRK801715
VNC-3158,DNPK53044ADE12008,Toyota,Camry,sedan,2024,NA,MCO,Orlando International,available,,,,56666,TRK801716
HFH-9984,XGNZK6JFKJSAB8278,Toyota,RAV4,suv,2022,NA,DEN,Denver International,available,,,,15363,TRK801717
XSY-1223,LWM0HA4UES9MV8058,Chevrolet,Malibu,sedan,2023,NA,PHX,Phoenix Sky Harbor,on_rent,AGR-2439223,CUST-127555,"Taylor, T.",24145,TRK801718
LXO-9338,CMLM5KNPAUGFL2302,Chevrolet,Equinox,suv,2023,NA,YYZ,Toronto Pearson,on_rent,AGR-2611084,CUST-607420,"Brown, E.",71403,TRK801719
AE89 CUO,FNL6FG92KMY7F1748,Skoda,Octavia,sedan,2023,EU,LHR,London Heathrow,on_rent,AGR-7088410,CUST-899058,"Andersson, E.",124742,TRK801720
GC46 NJJ,FCKFWXZ1PM88X7770,Opel,Corsa,hatch,2022,EU,CDG,Paris Charles de Gaulle,on_rent,AGR-3128792,CUST-548184,"Muller, K.",70488,TRK801721
WF54 MVS,PXK44DN0VUJRV2750,BMW,1 Series,hatch,2025,EU,FRA,Frankfurt am Main,in_service,,,,62236,TRK801722
DT46 PKB,YMXB82649X0J92106,Mercedes-Benz,A-Class,hatch,2025,EU,MAD,Madrid Barajas,on_rent,AGR-7196470,CUST-697603,"Bianchi, H.",108949,TRK801723
CN61 XTV,SKYKTY2Y77M471928,Fiat,500e,hatch,2023,EU,MXP,Milan Malpensa,on_rent,AGR-9289419,CUST-671633,"Kowalski, E.",23534,TRK801724
MJ26 GMF,KLTJRDV4HWYN18505,Seat,Leon,hatch,2025,EU,AMS,Amsterdam Schiphol,on_rent,AGR-1386911,CUST-474316,"Schmidt, R.",119634,TRK801725
XP43 YQT,JFJKEVDSRU3JK8826,Ford,Puma,suv,2024,EU,MUC,Munich Franz Josef Strauss,on_rent,AGR-8692972,CUST-222397,"Dubois, W.",105758,TRK801726
JS63 OQX,KMZ8WFF66LTYL4667,Citroen,C3,hatch,2022,EU,LIS,Lisbon Humberto Delgado,on_rent,AGR-4583996,CUST-929570,"Jansen, J.",95467,TRK801727
ZXB7O82,BKXPMD114YC6G1709,Fiat,Cronos,sedan,2023,BR,GRU,Sao Paulo Guarulhos,on_rent,AGR-8897978,CUST-280447,"Pereira, F.",55278,TRK801728
ZUU2K13,SSKNUL9SK9HDV5043,Fiat,Argo,hatch,2023,BR,CGH,Sao Paulo Congonhas,on_rent,AGR-9477292,CUST-880571,"Oliveira, E.",8569,TRK801729
KFW0V13,JTRT3TVEVAP239397,Fiat,Mobi,hatch,2023,BR,GIG,Rio Galeao,on_rent,AGR-3697692,CUST-222909,"Araujo, L.",112267,TRK801730
MSM1V92,LUTGHN8DSGG460446,Volkswagen,Polo,hatch,2022,BR,CNF,Belo Horizonte Confins,on_rent,AGR-3862850,CUST-134799,"Almeida, N.",133194,TRK801731
DWO5D77,NSVBT1MUNE5HD4431,Volkswagen,T-Cross,suv,2023,BR,CWB,Curitiba Afonso Pena,on_rent,AGR-4011430,CUST-134399,"Rodrigues, B.",14018,TRK801732
TTK8S24,NSKAS25YSXVDZ8453,Chevrolet,Onix,hatch,2022,BR,BSB,Brasilia Internacional,on_rent,AGR-2981127,CUST-208874,"Santos, G.",84733,TRK801733
EGO7K05,JKT1SFBGHSGT24566,Chevrolet,Tracker,suv,2022,BR,POA,Porto Alegre Salgado Filho,on_rent,AGR-3840642,CUST-538431,"Santos, N.",25239,TRK801734
EDJ6C94,NWBKXR439UPGJ1352,Hyundai,HB20,hatch,2024,BR,SSA,Salvador Deputado Magalhaes,on_rent,AGR-1746566,CUST-894382,"Lima, G.",95236,TRK801735
NYF-4893,RFJSHLS0JN5526628,Hyundai,Elantra,sedan,2023,NA,DFW,Dallas Fort Worth,on_rent,AGR-7592081,CUST-867608,"Brown, F.",17465,TRK801736
LTW-3807,YRF4SJ8989NFG1158,Jeep,Grand Cherokee,suv,2024,NA,ATL,Atlanta Hartsfield,on_rent,AGR-8433649,CUST-446396,"Davis, N.",29376,TRK801737
QQH-8143,PASDFJ3ZCCXZD6428,Kia,Telluride,suv,2025,NA,ORD,Chicago O'Hare,in_service,,,,120451,TRK801738
ARA-8886,VMPMF313B9YP03304,Tesla,Model 3,sedan,2025,NA,LAX,Los Angeles International,on_rent,AGR-7864658,CUST-791025,"Smith, J.",12738,TRK801739
DGZ-8737,KRFYEB9TZHLGA8171,Toyota,Camry,sedan,2024,NA,MCO,Orlando International,on_rent,AGR-3113287,CUST-740411,"Brown, H.",75452,TRK801740
FZQ-2400,WMWZ6T4Z1Z13G0318,Toyota,RAV4,suv,2024,NA,DEN,Denver International,available,,,,27350,TRK801741
FPL-5243,ENSE8XBB96LNF2392,Chevrolet,Malibu,sedan,2023,NA,PHX,Phoenix Sky Harbor,on_rent,AGR-1841957,CUST-914894,"Johnson, N.",32630,TRK801742
VMK-2122,PAUSBJL6ECUU05587,Chevrolet,Equinox,suv,2024,NA,YYZ,Toronto Pearson,on_rent,AGR-6430906,CUST-984824,"Williams, N.",16749,TRK801743
VA68 EGX,VDV5GSMP3TDUZ5574,Skoda,Octavia,sedan,2022,EU,LHR,London Heathrow,on_rent,AGR-7345439,CUST-580380,"Bianchi, P.",131952,TRK801744
NS66 MBX,FEGRHKN6JFV0H3229,Opel,Corsa,hatch,2025,EU,CDG,Paris Charles de Gaulle,on_rent,AGR-5226879,CUST-262611,"Novak, D.",73767,TRK801745
EF28 DFV,KEX6XCZ51EGVD1703,BMW,1 Series,hatch,2024,EU,FRA,Frankfurt am Main,available,,,,130511,TRK801746
KA74 XGH,FSD1KLDL5DLUC4829,Mercedes-Benz,A-Class,hatch,2023,EU,MAD,Madrid Barajas,available,,,,96930,TRK801747
HZ35 YLI,RXCNGDFZALK6Y6720,Fiat,500e,hatch,2024,EU,MXP,Milan Malpensa,on_rent,AGR-3361259,CUST-822823,"Schmidt, E.",133055,TRK801748
BF75 JLO,DYUT6Z5UBPJC64955,Seat,Leon,hatch,2023,EU,AMS,Amsterdam Schiphol,on_rent,AGR-5174283,CUST-865094,"Andersson, L.",65348,TRK801749
MC65 DNA,LJHEV1XFRX58Y4254,Ford,Puma,suv,2024,EU,MUC,Munich Franz Josef Strauss,available,,,,57483,TRK801750
ZQ86 JAV,YNWV8UV93H5UA3201,Citroen,C3,hatch,2022,EU,LIS,Lisbon Humberto Delgado,on_rent,AGR-2773585,CUST-776187,"Andersson, R.",106167,TRK801751
AYD9E81,MMH7VML0GS6U74832,Fiat,Cronos,sedan,2025,BR,GRU,Sao Paulo Guarulhos,on_rent,AGR-4925393,CUST-667806,"Araujo, J.",119639,TRK801752
UBS4C33,EMY3NSCT3DZML2629,Fiat,Argo,hatch,2024,BR,CGH,Sao Paulo Congonhas,on_rent,AGR-9771972,CUST-295080,"Souza, D.",64430,TRK801753
GLR5T74,DWRWTFZPZS99M4419,Fiat,Mobi,hatch,2023,BR,GIG,Rio Galeao,available,,,,31316,TRK801754
ZNL3U43,WLMCHP3UMZ8GT3857,Volkswagen,Polo,hatch,2022,BR,CNF,Belo Horizonte Confins,on_rent,AGR-8746334,CUST-838069,"Oliveira, T.",67005,TRK801755
CJS1I20,CMJK2SWR9K9PY4287,Volkswagen,T-Cross,suv,2022,BR,CWB,Curitiba Afonso Pena,on_rent,AGR-6188146,CUST-123687,"Pereira, F.",69449,TRK801756
NMZ3B57,YRVYL401SN6J17989,Chevrolet,Onix,hatch,2023,BR,BSB,Brasilia Internacional,on_rent,AGR-4833000,CUST-394115,"Costa, D.",105846,TRK801757
SEK1Y89,GWA0BN245KVGV2891,Chevrolet,Tracker,suv,2024,BR,POA,Porto Alegre Salgado Filho,on_rent,AGR-1919627,CUST-842699,"Pereira, M.",99661,TRK801758
LPW4K48,UKK8RECDFKTM49350,Hyundai,HB20,hatch,2022,BR,SSA,Salvador Deputado Magalhaes,in_service,,,,15005,TRK801759
NZB-7645,YJYG2CPFJ7YXC3340,Hyundai,Elantra,sedan,2023,NA,DFW,Dallas Fort Worth,on_rent,AGR-4921213,CUST-887419,"Taylor, B.",68012,TRK801760
DUR-3614,CNY1UCAE4RW750446,Jeep,Grand Cherokee,suv,2024,NA,ATL,Atlanta Hartsfield,available,,,,122855,TRK801761
SVP-1102,YEYNVLFNUKH449924,Kia,Telluride,suv,2025,NA,ORD,Chicago O'Hare,on_rent,AGR-4175169,CUST-465617,"Jones, R.",137407,TRK801762
VFH-9228,ZJW93E4XN4GL09948,Tesla,Model 3,sedan,2022,NA,LAX,Los Angeles International,available,,,,97085,TRK801763
THT-6570,HVX51RXEEDBVR5242,Toyota,Camry,sedan,2023,NA,MCO,Orlando International,on_rent,AGR-5957455,CUST-666483,"Anderson, B.",59673,TRK801764
RLX-6426,FAC07PKKKKY907316,Toyota,RAV4,suv,2023,NA,DEN,Denver International,on_rent,AGR-1955342,CUST-484237,"Johnson, W.",97583,TRK801765
TBE-6642,JXWF41DB0H63E7975,Chevrolet,Malibu,sedan,2023,NA,PHX,Phoenix Sky Harbor,on_rent,AGR-9526168,CUST-898950,"Johnson, B.",67973,TRK801766
DEN-4516,RBX3YUDD1BAN67650,Chevrolet,Equinox,suv,2024,NA,YYZ,Toronto Pearson,on_rent,AGR-8204418,CUST-558128,"Martinez, F.",29242,TRK801767
LR32 UTL,NMNA4AL2KK4KY5971,Skoda,Octavia,sedan,2023,EU,LHR,London Heathrow,on_rent,AGR-8365068,CUST-548364,"Garcia, R.",31222,TRK801768
LR64 JPN,PVMLYY0L7TP3S7601,Opel,Corsa,hatch,2024,EU,CDG,Paris Charles de Gaulle,available,,,,122088,TRK801769
KT27 KNQ,RAKAUGRYN23KS6672,BMW,1 Series,hatch,2022,EU,FRA,Frankfurt am Main,on_rent,AGR-7538758,CUST-331076,"Silva, F.",63182,TRK801770
UU30 AUT,FFLB7BE0BJGR88070,Mercedes-Benz,A-Class,hatch,2024,EU,MAD,Madrid Barajas,available,,,,123008,TRK801771
UC50 VDE,YWLHPFLEEMZJ47098,Fiat,500e,hatch,2024,EU,MXP,Milan Malpensa,on_rent,AGR-6829211,CUST-333665,"Jansen, L.",97714,TRK801772
RC73 VJY,VRH475JUFDU160881,Seat,Leon,hatch,2023,EU,AMS,Amsterdam Schiphol,on_rent,AGR-1049044,CUST-395524,"Schmidt, L.",89655,TRK801773
WL88 PLY,TGJJNHA51KA1Z4823,Ford,Puma,suv,2022,EU,MUC,Munich Franz Josef Strauss,on_rent,AGR-9618008,CUST-296049,"Silva, P.",80300,TRK801774
JD52 DTB,VGRPVW0VR1S5U9616,Citroen,C3,hatch,2023,EU,LIS,Lisbon Humberto Delgado,available,,,,30682,TRK801775
RGM9K99,MVMAYW3T88T7P6367,Fiat,Cronos,sedan,2024,BR,GRU,Sao Paulo Guarulhos,available,,,,65415,TRK801776
NDA0F91,HMC81GPR7MXDG9845,Fiat,Argo,hatch,2023,BR,CGH,Sao Paulo Congonhas,on_rent,AGR-4266065,CUST-689791,"Pereira, P.",75662,TRK801777
XPW8P00,DUT557EEXLADC1536,Fiat,Mobi,hatch,2023,BR,GIG,Rio Galeao,on_rent,AGR-4944803,CUST-274508,"Lima, C.",124040,TRK801778
NHH8P97,WXBZ4CBB3Z9B35001,Volkswagen,Polo,hatch,2023,BR,CNF,Belo Horizonte Confins,on_rent,AGR-9708368,CUST-408009,"Carvalho, H.",110550,TRK801779
SLP1Z97,BKEM10BZJA8H68168,Volkswagen,T-Cross,suv,2022,BR,CWB,Curitiba Afonso Pena,available,,,,117451,TRK801780
ZDH7P86,JGJ2E3MXAM5YE3653,Chevrolet,Onix,hatch,2023,BR,BSB,Brasilia Internacional,available,,,,74110,TRK801781
KET7T53,UMKSB55RV03TA0713,Chevrolet,Tracker,suv,2024,BR,POA,Porto Alegre Salgado Filho,on_rent,AGR-3296861,CUST-210907,"Oliveira, J.",65221,TRK801782
GME9E14,ZHL266FHGRL189231,Hyundai,HB20,hatch,2022,BR,SSA,Salvador Deputado Magalhaes,available,,,,85280,TRK801783
XSI-8195,EMKW93JYGK86V5910,Hyundai,Elantra,sedan,2024,NA,DFW,Dallas Fort Worth,on_rent,AGR-4874405,CUST-696647,"Jones, A.",123315,TRK801784
LPJ-9467,CKLAL8ZZSKRL19179,Jeep,Grand Cherokee,suv,2024,NA,ATL,Atlanta Hartsfield,available,,,,18852,TRK801785
TDH-8157,ZWWYMGEDYYX8V1998,Kia,Telluride,suv,2023,NA,ORD,Chicago O'Hare,on_rent,AGR-5217107,CUST-976452,"Williams, F.",108702,TRK801786
VGI-2604,FKS8BEW92VK4X5661,Tesla,Model 3,sedan,2023,NA,LAX,Los Angeles International,available,,,,120979,TRK801787
TRV-9020,RGHPA60MCWPNB6800,Toyota,Camry,sedan,2023,NA,MCO,Orlando International,on_rent,AGR-3669542,CUST-191865,"Martinez, J.",21314,TRK801788
SWW-9452,ZYC76HB7YFJ806745,Toyota,RAV4,suv,2023,NA,DEN,Denver International,available,,,,94580,TRK801789
GGJ-8434,ZDWV80H3DBJ9H3210,Chevrolet,Malibu,sedan,2025,NA,PHX,Phoenix Sky Harbor,on_rent,AGR-1535776,CUST-125605,"Wilson, C.",22831,TRK801790
AVQ-9158,FKJXZF1Y785AP8122,Chevrolet,Equinox,suv,2024,NA,YYZ,Toronto Pearson,available,,,,87218,TRK801791
SQ94 FPY,FJKPB2VR4N9D51474,Skoda,Octavia,sedan,2024,EU,LHR,London Heathrow,on_rent,AGR-8776443,CUST-616952,"Silva, M.",15536,TRK801792
AY28 OOM,BDY8E6R8MXP510550,Opel,Corsa,hatch,2022,EU,CDG,Paris Charles de Gaulle,on_rent,AGR-4617279,CUST-504682,"Andersson, W.",110792,TRK801793
ZO91 ZCX,ZUJPZ4RE3B6B48781,BMW,1 Series,hatch,2023,EU,FRA,Frankfurt am Main,on_rent,AGR-4221232,CUST-526820,"Garcia, S.",26433,TRK801794
GY21 BEM,EHR1P2RWJBNA99433,Mercedes-Benz,A-Class,hatch,2023,EU,MAD,Madrid Barajas,available,,,,52440,TRK801795
IP58 HZC,PWCKPN3DRMENJ2597,Fiat,500e,hatch,2023,EU,MXP,Milan Malpensa,available,,,,63986,TRK801796
EF62 WPM,CSKV0HNMA9JA25898,Seat,Leon,hatch,2024,EU,AMS,Amsterdam Schiphol,available,,,,56341,TRK801797
HP20 TUM,BZXCJZYE46U275701,Ford,Puma,suv,2024,EU,MUC,Munich Franz Josef Strauss,on_rent,AGR-6758323,CUST-345945,"Murphy, M.",92406,TRK801798
IA21 LAV,JGXW3T1ZFMPNZ3676,Citroen,C3,hatch,2024,EU,LIS,Lisbon Humberto Delgado,available,,,,57244,TRK801799
WPI2L93,KFX3KDRAXLSZG9587,Fiat,Cronos,sedan,2024,BR,GRU,Sao Paulo Guarulhos,on_rent,AGR-9858366,CUST-443726,"Silva, R.",113933,TRK801800
DKQ0R51,RTYGP66EAJTX49219,Fiat,Argo,hatch,2024,BR,CGH,Sao Paulo Congonhas,on_rent,AGR-3588769,CUST-586707,"Pereira, F.",9184,TRK801801
LTU6G40,CUSNV3PDB2FR43625,Fiat,Mobi,hatch,2025,BR,GIG,Rio Galeao,in_service,,,,61770,TRK801802
FWS4C84,BGPYL0RE9H2457472,Volkswagen,Polo,hatch,2022,BR,CNF,Belo Horizonte Confins,on_rent,AGR-4180930,CUST-135507,"Souza, S.",62500,TRK801803
HPG1N73,ERMAYKT3521SV7711,Volkswagen,T-Cross,suv,2023,BR,CWB,Curitiba Afonso Pena,on_rent,AGR-1864643,CUST-101698,"Nascimento, R.",91187,TRK801804
CRA6D00,TLHW20Y3160982169,Chevrolet,Onix,hatch,2025,BR,BSB,Brasilia Internacional,available,,,,36799,TRK801805
XBD1Y69,CNVCH70RWUX421800,Chevrolet,Tracker,suv,2023,BR,POA,Porto Alegre Salgado Filho,on_rent,AGR-6115634,CUST-183211,"Santos, P.",28086,TRK801806
SKQ6D55,RED4Y19LGKRLL0590,Hyundai,HB20,hatch,2023,BR,SSA,Salvador Deputado Magalhaes,available,,,,102512,TRK801807
ZEK-5315,XTBMWNM0AJ9G86863,Hyundai,Elantra,sedan,2023,NA,DFW,Dallas Fort Worth,available,,,,95049,TRK801808
DVG-3517,AEAS5D80F6TVU7573,Jeep,Grand Cherokee,suv,2023,NA,ATL,Atlanta Hartsfield,on_rent,AGR-6154339,CUST-643228,"Williams, F.",128493,TRK801809
JTN-4774,BZVRTSVUBR2AU5109,Kia,Telluride,suv,2024,NA,ORD,Chicago O'Hare,available,,,,41926,TRK801810
TKI-6254,XTJKTNWW7FV7N3236,Tesla,Model 3,sedan,2023,NA,LAX,Los Angeles International,on_rent,AGR-3807033,CUST-588206,"Martinez, G.",69325,TRK801811
ZOY-7186,PLJJ8YKJUKMH33098,Toyota,Camry,sedan,2025,NA,MCO,Orlando International,available,,,,120172,TRK801812
SJL-4297,UUFD8FKMFDNRT8432,Toyota,RAV4,suv,2023,NA,DEN,Denver International,on_rent,AGR-3223080,CUST-911799,"Martinez, P.",48101,TRK801813
HWT-9964,ADGEWS44PWX065090,Chevrolet,Malibu,sedan,2022,NA,PHX,Phoenix Sky Harbor,on_rent,AGR-2932733,CUST-182822,"Garcia, T.",17199,TRK801814
ROX-7635,LBV4RCVP1PV876072,Chevrolet,Equinox,suv,2022,NA,YYZ,Toronto Pearson,on_rent,AGR-1645461,CUST-787380,"Wilson, W.",120890,TRK801815
EY11 VMK,NVK9VTC0BRCAS7295,Skoda,Octavia,sedan,2024,EU,LHR,London Heathrow,on_rent,AGR-4797132,CUST-828735,"Schmidt, D.",68621,TRK801816
PC45 DIF,PKEE1RGR7JCZC8294,Opel,Corsa,hatch,2025,EU,CDG,Paris Charles de Gaulle,available,,,,25736,TRK801817
JB55 RJV,SJHJYM8ZXAKMW9239,BMW,1 Series,hatch,2024,EU,FRA,Frankfurt am Main,on_rent,AGR-3994865,CUST-296225,"Novak, L.",131841,TRK801818
TM25 DYP,RTLHPD2NVRR8U9741,Mercedes-Benz,A-Class,hatch,2023,EU,MAD,Madrid Barajas,on_rent,AGR-4606317,CUST-348422,"Murphy, L.",9210,TRK801819
LG86 KVF,XMNDWYD6BNAKP8697,Fiat,500e,hatch,2025,EU,MXP,Milan Malpensa,on_rent,AGR-9212388,CUST-945888,"Muller, D.",16326,TRK801820
LR35 NEJ,VXF7M5MUKKEYX1145,Seat,Leon,hatch,2024,EU,AMS,Amsterdam Schiphol,available,,,,124690,TRK801821
VQ97 SCB,MJUBMUAXDUHCC2042,Ford,Puma,suv,2024,EU,MUC,Munich Franz Josef Strauss,available,,,,89363,TRK801822
XW70 RJE,YZSXM6LESV83V5795,Citroen,C3,hatch,2022,EU,LIS,Lisbon Humberto Delgado,on_rent,AGR-7439562,CUST-493740,"Murphy, D.",80238,TRK801823
IJC6J73,HGD55LRLK1AR81628,Fiat,Cronos,sedan,2024,BR,GRU,Sao Paulo Guarulhos,on_rent,AGR-1692695,CUST-512279,"Araujo, A.",30511,TRK801824
ETV1N45,NCG3VFZV5JZJL4439,Fiat,Argo,hatch,2023,BR,CGH,Sao Paulo Congonhas,on_rent,AGR-4335729,CUST-131095,"Silva, R.",108817,TRK801825
UJN5D64,GDNFCBPEFUC2M7483,Fiat,Mobi,hatch,2025,BR,GIG,Rio Galeao,on_rent,AGR-6925498,CUST-585839,"Araujo, T.",140021,TRK801826
MNN0M73,XYM1ZP9U53TZT6102,Volkswagen,Polo,hatch,2023,BR,CNF,Belo Horizonte Confins,on_rent,AGR-4509538,CUST-242548,"Costa, J.",42363,TRK801827
IGS6Q36,TGLR300490ZY66348,Volkswagen,T-Cross,suv,2025,BR,CWB,Curitiba Afonso Pena,available,,,,36449,TRK801828
CSD8S73,HUDX86TM064WP7480,Chevrolet,Onix,hatch,2024,BR,BSB,Brasilia Internacional,on_rent,AGR-1133618,CUST-207527,"Almeida, B.",119278,TRK801829
CKE8T28,FTDSUM5YYC4D57551,Chevrolet,Tracker,suv,2023,BR,POA,Porto Alegre Salgado Filho,on_rent,AGR-5126810,CUST-221342,"Souza, L.",97308,TRK801830
KTH7N84,MCC8LUUM7RD7W2777,Hyundai,HB20,hatch,2024,BR,SSA,Salvador Deputado Magalhaes,available,,,,33647,TRK801831
GJD-4838,LAGCJS0XKTZVL7304,Hyundai,Elantra,sedan,2023,NA,DFW,Dallas Fort Worth,on_rent,AGR-5962252,CUST-548679,"Taylor, L.",76076,TRK801832
VFD-3082,LLTYXH2N3D4M43407,Jeep,Grand Cherokee,suv,2023,NA,ATL,Atlanta Hartsfield,on_rent,AGR-7362674,CUST-491555,"Smith, W.",89894,TRK801833
IJP-9060,CHK5AMFFG51UP7515,Kia,Telluride,suv,2023,NA,ORD,Chicago O'Hare,on_rent,AGR-8474842,CUST-542059,"Miller, M.",13648,TRK801834
THG-7158,RYSWGK62GCX778515,Tesla,Model 3,sedan,2023,NA,LAX,Los Angeles International,on_rent,AGR-1922233,CUST-112837,"Brown, J.",107805,TRK801835
GVX-3215,BGC0USSJUP6ZH7780,Toyota,Camry,sedan,2024,NA,MCO,Orlando International,on_rent,AGR-9526370,CUST-622590,"Taylor, R.",120710,TRK801836
OWS-8816,CDK5WJT43RBEN1579,Toyota,RAV4,suv,2022,NA,DEN,Denver International,on_rent,AGR-4426237,CUST-239352,"Davis, T.",79634,TRK801837
AHF-7312,LBXE3L8G66HA27257,Chevrolet,Malibu,sedan,2024,NA,PHX,Phoenix Sky Harbor,on_rent,AGR-7273313,CUST-984899,"Johnson, H.",87294,TRK801838
UYS-7841,ZCAHAX3KLDUVS1144,Chevrolet,Equinox,suv,2023,NA,YYZ,Toronto Pearson,available,,,,57731,TRK801839
KJ90 KMY,CJH7NCZCKPF4B0827,Skoda,Octavia,sedan,2022,EU,LHR,London Heathrow,on_rent,AGR-9720856,CUST-903169,"Jansen, B.",31204,TRK801840
IF41 ZPX,HGCDK9K4JV7ZX6447,Opel,Corsa,hatch,2023,EU,CDG,Paris Charles de Gaulle,on_rent,AGR-2255891,CUST-896543,"Kowalski, S.",104040,TRK801841
TF22 BDP,ESJ85M5XM1YTF1313,BMW,1 Series,hatch,2023,EU,FRA,Frankfurt am Main,in_service,,,,103907,TRK801842
NW92 UKC,WNNAX5HNX3ULU8313,Mercedes-Benz,A-Class,hatch,2024,EU,MAD,Madrid Barajas,on_rent,AGR-3733157,CUST-976496,"Garcia, R.",20824,TRK801843
SG98 UTZ,CSNX0Y008AVUA4532,Fiat,500e,hatch,2023,EU,MXP,Milan Malpensa,on_rent,AGR-6651129,CUST-291929,"Kowalski, T.",100336,TRK801844
BN46 NKS,KWCTKZYHCB0D92733,Seat,Leon,hatch,2024,EU,AMS,Amsterdam Schiphol,on_rent,AGR-7755509,CUST-625553,"Kowalski, A.",136152,TRK801845
KP98 MKG,AVEGTJD1Z7E892839,Ford,Puma,suv,2023,EU,MUC,Munich Franz Josef Strauss,on_rent,AGR-8725821,CUST-488646,"Muller, J.",107378,TRK801846
SI50 LXU,XRH6J9UUB9GYV7020,Citroen,C3,hatch,2022,EU,LIS,Lisbon Humberto Delgado,available,,,,135615,TRK801847
BBE4K67,ZTYUH7WFRXFEC4026,Fiat,Cronos,sedan,2024,BR,GRU,Sao Paulo Guarulhos,in_service,,,,64703,TRK801848
QSZ8E44,TDRDU6RNB9FM28047,Fiat,Argo,hatch,2025,BR,CGH,Sao Paulo Congonhas,on_rent,AGR-4953153,CUST-603235,"Almeida, S.",84567,TRK801849
TMA3G37,FWWN3SW99TUB50926,Fiat,Mobi,hatch,2024,BR,GIG,Rio Galeao,on_rent,AGR-7780665,CUST-561758,"Rodrigues, R.",66554,TRK801850
CTB5U73,RJPZED2PDYH2U2585,Volkswagen,Polo,hatch,2023,BR,CNF,Belo Horizonte Confins,on_rent,AGR-3353606,CUST-506757,"Santos, B.",81479,TRK801851
IYT1T68,PNCD9K1SFPXBG7653,Volkswagen,T-Cross,suv,2024,BR,CWB,Curitiba Afonso Pena,on_rent,AGR-4420763,CUST-728535,"Almeida, M.",100382,TRK801852
WJH8U91,ZMT01ZUUAHL1L1061,Chevrolet,Onix,hatch,2023,BR,BSB,Brasilia Internacional,on_rent,AGR-1481563,CUST-425540,"Almeida, R.",57522,TRK801853
HMJ9S50,DZBYYVW99A9UK6207,Chevrolet,Tracker,suv,2025,BR,POA,Porto Alegre Salgado Filho,available,,,,39939,TRK801854
EOY5X07,SPWXUF2L6GNFR9737,Hyundai,HB20,hatch,2025,BR,SSA,Salvador Deputado Magalhaes,on_rent,AGR-1163906,CUST-222700,"Costa, T.",124925,TRK801855
YTV-2325,MMTNEA9GGLNUM2993,Hyundai,Elantra,sedan,2023,NA,DFW,Dallas Fort Worth,on_rent,AGR-4045024,CUST-233346,"Johnson, K.",45002,TRK801856
SLU-2399,RNVCD3F5LUL2X0217,Jeep,Grand Cherokee,suv,2023,NA,ATL,Atlanta Hartsfield,available,,,,56752,TRK801857
GND-2043,ETSJ2Z74WC1RE8689,Kia,Telluride,suv,2023,NA,ORD,Chicago O'Hare,available,,,,125370,TRK801858
SME-9279,VHABJ3P94ZN3L6280,Tesla,Model 3,sedan,2022,NA,LAX,Los Angeles International,on_rent,AGR-4184031,CUST-880190,"Johnson, D.",104338,TRK801859
TRC-9977,JJAFUNKW4BY3P4153,Toyota,Camry,sedan,2024,NA,MCO,Orlando International,on_rent,AGR-8673205,CUST-420920,"Martinez, S.",11695,TRK801860
MAS-6058,JXN6P068EM3TS6143,Toyota,RAV4,suv,2024,NA,DEN,Denver International,available,,,,55531,TRK801861
LUL-8500,PLSDXF6KYHEW99288,Chevrolet,Malibu,sedan,2024,NA,PHX,Phoenix Sky Harbor,on_rent,AGR-1699056,CUST-839184,"Brown, L.",110488,TRK801862
ASD-1440,ERPHY4KBGEA561216,Chevrolet,Equinox,suv,2025,NA,YYZ,Toronto Pearson,available,,,,108573,TRK801863
UR23 ZHZ,HAWF6GPAFY0DK6322,Skoda,Octavia,sedan,2023,EU,LHR,London Heathrow,on_rent,AGR-4289792,CUST-873646,"Rossi, T.",63100,TRK801864
RB94 KRB,BBZPND7LXP35L4416,Opel,Corsa,hatch,2023,EU,CDG,Paris Charles de Gaulle,on_rent,AGR-6587167,CUST-576112,"Silva, D.",90050,TRK801865
DZ46 QQZ,DMY7JHUT5MG7W1527,BMW,1 Series,hatch,2022,EU,FRA,Frankfurt am Main,on_rent,AGR-1062560,CUST-976151,"Andersson, M.",64582,TRK801866
VK40 YUV,NHSYUUPN2AEHJ2175,Mercedes-Benz,A-Class,hatch,2023,EU,MAD,Madrid Barajas,available,,,,31893,TRK801867
QJ88 UDQ,XNDKRAESDM3PD3289,Fiat,500e,hatch,2022,EU,MXP,Milan Malpensa,in_service,,,,97437,TRK801868
OA30 PQJ,SGKKWCVABE7XR1247,Seat,Leon,hatch,2024,EU,AMS,Amsterdam Schiphol,on_rent,AGR-7833627,CUST-684649,"Rossi, F.",76992,TRK801869
DG91 WYK,ZYYYK0VKVH1VC9995,Ford,Puma,suv,2024,EU,MUC,Munich Franz Josef Strauss,available,,,,72298,TRK801870
ZB59 DQH,KJEM75Z2LGML49585,Citroen,C3,hatch,2025,EU,LIS,Lisbon Humberto Delgado,on_rent,AGR-3114588,CUST-403450,"Dubois, M.",49197,TRK801871
VOB6I77,DKKLDFYNB16PR1566,Fiat,Cronos,sedan,2023,BR,GRU,Sao Paulo Guarulhos,on_rent,AGR-8304464,CUST-805885,"Santos, N.",124382,TRK801872
QIA9C25,JCXYZ400Y7PX64900,Fiat,Argo,hatch,2023,BR,CGH,Sao Paulo Congonhas,available,,,,84879,TRK801873
GRP3M70,BRFSU43GF4RK87674,Fiat,Mobi,hatch,2025,BR,GIG,Rio Galeao,on_rent,AGR-3850519,CUST-304867,"Carvalho, A.",10394,TRK801874
HAV0M85,AJM73Z5ZXED312905,Volkswagen,Polo,hatch,2024,BR,CNF,Belo Horizonte Confins,on_rent,AGR-7335331,CUST-350776,"Araujo, E.",111277,TRK801875
BIG2U49,BLV3GWENDL9AT5997,Volkswagen,T-Cross,suv,2023,BR,CWB,Curitiba Afonso Pena,available,,,,108513,TRK801876
SOG4L12,GYYNUJ9T3R31W2561,Chevrolet,Onix,hatch,2024,BR,BSB,Brasilia Internacional,in_service,,,,42104,TRK801877
JCZ1T78,CZGUPTK3APJBU0667,Chevrolet,Tracker,suv,2022,BR,POA,Porto Alegre Salgado Filho,on_rent,AGR-7924617,CUST-233343,"Almeida, F.",120371,TRK801878
SJL8S21,ELCXHYLBHVWNS6000,Hyundai,HB20,hatch,2023,BR,SSA,Salvador Deputado Magalhaes,on_rent,AGR-2713528,CUST-270281,"Almeida, T.",65594,TRK801879
OBG-2315,ACF84FEYNDGB44936,Hyundai,Elantra,sedan,2023,NA,DFW,Dallas Fort Worth,on_rent,AGR-9578627,CUST-324900,"Garcia, K.",67996,TRK801880
QGR-3083,MEMJD2CMFMB4N1034,Jeep,Grand Cherokee,suv,2024,NA,ATL,Atlanta Hartsfield,on_rent,AGR-4283185,CUST-813322,"Jones, N.",65184,TRK801881
EXI-8704,DMSLT61242D1A2941,Kia,Telluride,suv,2022,NA,ORD,Chicago O'Hare,on_rent,AGR-3346808,CUST-319832,"Wilson, L.",115434,TRK801882
IDI-3073,FPH8T87JGLCX65506,Tesla,Model 3,sedan,2025,NA,LAX,Los Angeles International,on_rent,AGR-1609831,CUST-379625,"Garcia, D.",66192,TRK801883
CVD-6782,WDGBUKBCBSCMN4402,Toyota,Camry,sedan,2024,NA,MCO,Orlando International,available,,,,59070,TRK801884
CBK-8281,CVRFBC6NJMM8W9161,Toyota,RAV4,suv,2025,NA,DEN,Denver International,available,,,,58286,TRK801885
KNJ-1358,YVH0UZ5P0XUYS9330,Chevrolet,Malibu,sedan,2024,NA,PHX,Phoenix Sky Harbor,available,,,,22287,TRK801886
USJ-8538,JNDBF5029J5PM1852,Chevrolet,Equinox,suv,2024,NA,YYZ,Toronto Pearson,available,,,,127596,TRK801887
GK36 GFP,BETSTUZUPHD456311,Skoda,Octavia,sedan,2023,EU,LHR,London Heathrow,in_service,,,,61474,TRK801888
JW88 IOG,WNMJC51MNVY423357,Opel,Corsa,hatch,2025,EU,CDG,Paris Charles de Gaulle,available,,,,51631,TRK801889
SY52 RMT,RWGMKDGAC6GHM2737,BMW,1 Series,hatch,2025,EU,FRA,Frankfurt am Main,on_rent,AGR-2701559,CUST-277023,"Jansen, W.",108487,TRK801890
IB93 SXX,WVDL7K6J0N3N01297,Mercedes-Benz,A-Class,hatch,2025,EU,MAD,Madrid Barajas,on_rent,AGR-5062371,CUST-807264,"Novak, S.",98916,TRK801891
FZ62 JOE,LZJEBJMDS0J8G0428,Fiat,500e,hatch,2024,EU,MXP,Milan Malpensa,on_rent,AGR-2403528,CUST-575581,"Novak, J.",100374,TRK801892
YU33 OZN,TFA66A9KRR7GA8796,Seat,Leon,hatch,2022,EU,AMS,Amsterdam Schiphol,on_rent,AGR-9190921,CUST-101678,"Rossi, A.",10132,TRK801893
DV50 TCC,SLXDF7V38NDFY9806,Ford,Puma,suv,2024,EU,MUC,Munich Franz Josef Strauss,available,,,,93427,TRK801894
OF57 GOC,SEB7LEFE10CBM6271,Citroen,C3,hatch,2024,EU,LIS,Lisbon Humberto Delgado,on_rent,AGR-7974518,CUST-384801,"Kowalski, J.",39231,TRK801895
TJR4F18,PXPC5PKD11DK74042,Fiat,Cronos,sedan,2022,BR,GRU,Sao Paulo Guarulhos,on_rent,AGR-6969048,CUST-960839,"Costa, L.",73562,TRK801896
WGK1X38,LFFZ8D8LDKZLB9758,Fiat,Argo,hatch,2024,BR,CGH,Sao Paulo Congonhas,available,,,,86684,TRK801897
OKR3U28,MFDY0RJ0UJ59C1250,Fiat,Mobi,hatch,2023,BR,GIG,Rio Galeao,in_service,,,,68749,TRK801898
OKA1M25,ESX1CH7G61N8R9915,Volkswagen,Polo,hatch,2025,BR,CNF,Belo Horizonte Confins,available,,,,47282,TRK801899
MIV5J25,NSPZXUXKRXBRZ6690,Volkswagen,T-Cross,suv,2025,BR,CWB,Curitiba Afonso Pena,on_rent,AGR-4262883,CUST-104997,"Santos, H.",82088,TRK801900
ZDO0F82,PYS7R4JJ6N7KW5811,Chevrolet,Onix,hatch,2024,BR,BSB,Brasilia Internacional,in_service,,,,113101,TRK801901
WEM0N65,FFTWLS4K50RR46039,Chevrolet,Tracker,suv,2024,BR,POA,Porto Alegre Salgado Filho,on_rent,AGR-3847477,CUST-750796,"Souza, F.",87181,TRK801902
BNS0G07,ZHKX45B38XD183839,Hyundai,HB20,hatch,2024,BR,SSA,Salvador Deputado Magalhaes,available,,,,117877,TRK801903
WVE-3524,BRE9C2DFP9EEN1107,Hyundai,Elantra,sedan,2022,NA,DFW,Dallas Fort Worth,available,,,,138928,TRK801904
PZH-9864,YRWAVWRVAFS0J2987,Jeep,Grand Cherokee,suv,2023,NA,ATL,Atlanta Hartsfield,available,,,,119915,TRK801905
IZQ-7173,LRJC1S91R4KK79627,Kia,Telluride,suv,2024,NA,ORD,Chicago O'Hare,on_rent,AGR-8365917,CUST-248084,"Smith, F.",9339,TRK801906
GSD-5744,CVZ74VTFC1M0W4580,Tesla,Model 3,sedan,2024,NA,LAX,Los Angeles International,in_service,,,,39554,TRK801907
SFS-1097,EZTHG7T5RDTBH0953,Toyota,Camry,sedan,2024,NA,MCO,Orlando International,on_rent,AGR-9828712,CUST-903937,"Garcia, D.",25627,TRK801908
KPW-5821,CBHXTABTMH7L85900,Toyota,RAV4,suv,2024,NA,DEN,Denver International,on_rent,AGR-4528832,CUST-651956,"Garcia, C.",17780,TRK801909
IWN-7726,TJS6CA363B6MM1978,Chevrolet,Malibu,sedan,2022,NA,PHX,Phoenix Sky Harbor,available,,,,117117,TRK801910
GYX-7073,HLXSZAZ06H3783970,Chevrolet,Equinox,suv,2023,NA,YYZ,Toronto Pearson,on_rent,AGR-8194052,CUST-338871,"Johnson, N.",67820,TRK801911
RR45 OQY,YRC4CEKYV2N504186,Skoda,Octavia,sedan,2024,EU,LHR,London Heathrow,on_rent,AGR-4902283,CUST-101755,"Schmidt, W.",20562,TRK801912
JU21 XJX,HAJJKRWJ9LTEK9496,Opel,Corsa,hatch,2022,EU,CDG,Paris Charles de Gaulle,on_rent,AGR-1357191,CUST-195878,"Murphy, R.",40572,TRK801913
VC35 UBG,ARNR4X0R6RSHT5092,BMW,1 Series,hatch,2025,EU,FRA,Frankfurt am Main,on_rent,AGR-3273066,CUST-934575,"Schmidt, A.",48879,TRK801914
MS60 TEH,JJJ3LPV9KYWA53644,Mercedes-Benz,A-Class,hatch,2024,EU,MAD,Madrid Barajas,on_rent,AGR-7877393,CUST-994914,"Garcia, N.",61910,TRK801915
DP99 FGC,WACV3RURFV86P9089,Fiat,500e,hatch,2024,EU,MXP,Milan Malpensa,on_rent,AGR-4614847,CUST-983220,"Jansen, T.",94530,TRK801916
LW68 CZF,PLNNRH6ULSRTW1558,Seat,Leon,hatch,2023,EU,AMS,Amsterdam Schiphol,on_rent,AGR-8690436,CUST-910611,"Dubois, C.",10466,TRK801917
UQ82 GYL,VPSBTBPM8NWT55725,Ford,Puma,suv,2022,EU,MUC,Munich Franz Josef Strauss,available,,,,39369,TRK801918
ZU75 UIR,BTP4ZUC0GDH9A9710,Citroen,C3,hatch,2024,EU,LIS,Lisbon Humberto Delgado,available,,,,36630,TRK801919
CWH3S69,VGA0H03FYTNK11737,Fiat,Cronos,sedan,2023,BR,GRU,Sao Paulo Guarulhos,on_rent,AGR-1711035,CUST-455618,"Costa, L.",80470,TRK801920
BTK9B18,YRW0HSCS47CTH8693,Fiat,Argo,hatch,2024,BR,CGH,Sao Paulo Congonhas,available,,,,133242,TRK801921
MOV7C58,ZRLBTKBR6NHW54338,Fiat,Mobi,hatch,2022,BR,GIG,Rio Galeao,available,,,,112930,TRK801922
ZRZ7K43,BLPAGJ5RVP16E9404,Volkswagen,Polo,hatch,2022,BR,CNF,Belo Horizonte Confins,on_rent,AGR-4370567,CUST-651087,"Rodrigues, B.",47540,TRK801923
VZR4G70,FUY4K1JRBKXUC5860,Volkswagen,T-Cross,suv,2024,BR,CWB,Curitiba Afonso Pena,on_rent,AGR-4103171,CUST-326138,"Costa, F.",95330,TRK801924
JMU8J31,FCBLJRT6YWC3X9277,Chevrolet,Onix,hatch,2022,BR,BSB,Brasilia Internacional,available,,,,83390,TRK801925
UZQ4M57,PCR1P752DNSAL7904,Chevrolet,Tracker,suv,2025,BR,POA,Porto Alegre Salgado Filho,in_service,,,,103861,TRK801926
OYS5L02,ABJKH4NURF2PV2562,Hyundai,HB20,hatch,2024,BR,SSA,Salvador Deputado Magalhaes,on_rent,AGR-7257233,CUST-554877,"Oliveira, F.",83090,TRK801927
GOA-2925,HXSS1WB0D9HC93726,Hyundai,Elantra,sedan,2025,NA,DFW,Dallas Fort Worth,on_rent,AGR-8809936,CUST-605023,"Garcia, P.",57681,TRK801928
IDY-5809,TKETZ2YVNXJUN8677,Jeep,Grand Cherokee,suv,2023,NA,ATL,Atlanta Hartsfield,available,,,,116449,TRK801929
SFI-3253,RVHGR8P5SN9BY3404,Kia,Telluride,suv,2023,NA,ORD,Chicago O'Hare,available,,,,59916,TRK801930
RPV-8949,RKRTCV41C4VBY7970,Tesla,Model 3,sedan,2024,NA,LAX,Los Angeles International,on_rent,AGR-8015839,CUST-157428,"Miller, W.",96207,TRK801931
VWA-6315,SUKSB94SDGTM58704,Toyota,Camry,sedan,2025,NA,MCO,Orlando International,on_rent,AGR-7789606,CUST-999213,"Garcia, D.",125841,TRK801932
QUP-1768,UPYZUL6GUT36Y0230,Toyota,RAV4,suv,2025,NA,DEN,Denver International,on_rent,AGR-6870965,CUST-694199,"Brown, P.",98805,TRK801933
XEI-7321,MLEPYVCL7RF802947,Chevrolet,Malibu,sedan,2023,NA,PHX,Phoenix Sky Harbor,on_rent,AGR-8769951,CUST-851410,"Johnson, C.",26957,TRK801934
RIO-6161,LMRYFJD9BE4C81086,Chevrolet,Equinox,suv,2024,NA,YYZ,Toronto Pearson,on_rent,AGR-5044063,CUST-536095,"Miller, J.",92732,TRK801935
GE83 ZOK,TJLU9X6CW39GK6428,Skoda,Octavia,sedan,2024,EU,LHR,London Heathrow,on_rent,AGR-9811747,CUST-390048,"Jansen, W.",58172,TRK801936
BN28 NJM,LTUYBHHKRF59H2290,Opel,Corsa,hatch,2025,EU,CDG,Paris Charles de Gaulle,on_rent,AGR-1719389,CUST-707355,"Rossi, R.",13933,TRK801937
YC53 UDE,XYTN5DRZH2LJ66352,BMW,1 Series,hatch,2025,EU,FRA,Frankfurt am Main,on_rent,AGR-6568559,CUST-273193,"Garcia, S.",67729,TRK801938
FF65 APH,KRTJFAUWGKUHE1271,Mercedes-Benz,A-Class,hatch,2022,EU,MAD,Madrid Barajas,on_rent,AGR-4504116,CUST-247144,"Garcia, H.",42098,TRK801939
HB55 RKR,FCWUHMT98HD581309,Fiat,500e,hatch,2023,EU,MXP,Milan Malpensa,available,,,,74240,TRK801940
FW36 APR,DJD8MW1TV3WYB4917,Seat,Leon,hatch,2023,EU,AMS,Amsterdam Schiphol,available,,,,116995,TRK801941
OC23 HDL,ZPTYD728KARJL9853,Ford,Puma,suv,2025,EU,MUC,Munich Franz Josef Strauss,available,,,,44928,TRK801942
WD11 ZSA,GMUNZX8RCBXN23068,Citroen,C3,hatch,2024,EU,LIS,Lisbon Humberto Delgado,on_rent,AGR-2190263,CUST-735374,"Rossi, N.",39064,TRK801943
QRA7H55,PZXKY2RL07SHE3926,Fiat,Cronos,sedan,2023,BR,GRU,Sao Paulo Guarulhos,in_service,,,,11514,TRK801944
QPA0A05,UEF83NF8A2FNR0807,Fiat,Argo,hatch,2024,BR,CGH,Sao Paulo Congonhas,on_rent,AGR-9864053,CUST-131792,"Lima, P.",120118,TRK801945
FIZ7L72,WDDYC2STL3SZZ5981,Fiat,Mobi,hatch,2024,BR,GIG,Rio Galeao,available,,,,133156,TRK801946
LBE4K01,NGEW3N9H5UGLU4911,Volkswagen,Polo,hatch,2024,BR,CNF,Belo Horizonte Confins,on_rent,AGR-7974007,CUST-497302,"Rodrigues, N.",41594,TRK801947
JAA0A89,DGRGCVZHY61XF8317,Volkswagen,T-Cross,suv,2023,BR,CWB,Curitiba Afonso Pena,on_rent,AGR-4195678,CUST-289208,"Oliveira, L.",99079,TRK801948
FUX2G92,HJL27MH7XYSPW8831,Chevrolet,Onix,hatch,2024,BR,BSB,Brasilia Internacional,available,,,,93997,TRK801949
TCD8M20,XJSFDDKZ5J38S9647,Chevrolet,Tracker,suv,2025,BR,POA,Porto Alegre Salgado Filho,available,,,,19378,TRK801950
ULV8B83,ATSPYMWM6D7ZE9036,Hyundai,HB20,hatch,2023,BR,SSA,Salvador Deputado Magalhaes,available,,,,78950,TRK801951
KAD-4244,XUCFZPK6KBEAS4584,Hyundai,Elantra,sedan,2023,NA,DFW,Dallas Fort Worth,on_rent,AGR-8609649,CUST-148165,"Johnson, S.",41047,TRK801952
LGM-1724,MKVY5BXE529RA7872,Jeep,Grand Cherokee,suv,2024,NA,ATL,Atlanta Hartsfield,on_rent,AGR-6260503,CUST-538724,"Taylor, A.",65337,TRK801953
MMD-2391,UFU851XLZUKEP9209,Kia,Telluride,suv,2023,NA,ORD,Chicago O'Hare,in_service,,,,34162,TRK801954
EQU-7685,VDTS7XLSUDGLH9690,Tesla,Model 3,sedan,2024,NA,LAX,Los Angeles International,on_rent,AGR-5693705,CUST-799928,"Anderson, F.",82955,TRK801955
YHB-1177,GMU3WPSFGJ62Z8482,Toyota,Camry,sedan,2023,NA,MCO,Orlando International,on_rent,AGR-4900855,CUST-404360,"Martinez, W.",107591,TRK801956
ZOQ-4435,KBSC8Z55RX5YV1536,Toyota,RAV4,suv,2022,NA,DEN,Denver International,on_rent,AGR-1113526,CUST-336881,"Jones, B.",36943,TRK801957
DPU-2087,TJX013105EF3A1924,Chevrolet,Malibu,sedan,2023,NA,PHX,Phoenix Sky Harbor,on_rent,AGR-1309244,CUST-367665,"Smith, C.",111929,TRK801958
XCS-3457,RSEHJFVTJLR4K6984,Chevrolet,Equinox,suv,2024,NA,YYZ,Toronto Pearson,on_rent,AGR-2655201,CUST-491437,"Taylor, W.",132717,TRK801959
US23 JQO,ZDWB0ZEE8RNU79282,Skoda,Octavia,sedan,2024,EU,LHR,London Heathrow,on_rent,AGR-9970640,CUST-765905,"Murphy, N.",62386,TRK801960
SS30 XWO,RYAZURNWJUPVV5238,Opel,Corsa,hatch,2024,EU,CDG,Paris Charles de Gaulle,available,,,,36240,TRK801961
QA15 OKB,PTECFXFEFHWJ52878,BMW,1 Series,hatch,2024,EU,FRA,Frankfurt am Main,available,,,,67241,TRK801962
RL43 MAX,MECWD84FD0MZV9182,Mercedes-Benz,A-Class,hatch,2024,EU,MAD,Madrid Barajas,available,,,,9987,TRK801963
VF85 VLK,SNWD3ZDY2V40T2087,Fiat,500e,hatch,2023,EU,MXP,Milan Malpensa,available,,,,45229,TRK801964
PJ68 AUR,KUNY77VAJLRFG3310,Seat,Leon,hatch,2024,EU,AMS,Amsterdam Schiphol,on_rent,AGR-7268960,CUST-970708,"Bianchi, B.",26691,TRK801965
IA74 TMF,UYS35F96PSUV31032,Ford,Puma,suv,2025,EU,MUC,Munich Franz Josef Strauss,on_rent,AGR-2285523,CUST-635624,"Kowalski, D.",102530,TRK801966
BP20 QTR,YAEB5F6S2L2CK6304,Citroen,C3,hatch,2022,EU,LIS,Lisbon Humberto Delgado,available,,,,46988,TRK801967
CIN5L38,LCFFDMP4TK5NT6654,Fiat,Cronos,sedan,2023,BR,GRU,Sao Paulo Guarulhos,on_rent,AGR-1394372,CUST-823784,"Souza, N.",75249,TRK801968
IGK2Z40,XAC5TPESGW1SU6996,Fiat,Argo,hatch,2025,BR,CGH,Sao Paulo Congonhas,in_service,,,,21079,TRK801969
KEI4R55,JVCLDN11GCN4H0643,Fiat,Mobi,hatch,2024,BR,GIG,Rio Galeao,on_rent,AGR-4500793,CUST-727649,"Oliveira, J.",127424,TRK801970
USD2N98,JHTGX16A1P36R3461,Volkswagen,Polo,hatch,2023,BR,CNF,Belo Horizonte Confins,on_rent,AGR-3540061,CUST-790817,"Souza, N.",123095,TRK801971
DWT2W37,VDEZD01UBF7ZD2784,Volkswagen,T-Cross,suv,2023,BR,CWB,Curitiba Afonso Pena,available,,,,73150,TRK801972
SNA7T10,DSE9FEL7FDPD56116,Chevrolet,Onix,hatch,2023,BR,BSB,Brasilia Internacional,available,,,,121289,TRK801973
LWU0Y34,ZZAG6HVY5UAB48784,Chevrolet,Tracker,suv,2025,BR,POA,Porto Alegre Salgado Filho,available,,,,115285,TRK801974
PAG8N82,KXZVE9AD88GAU3276,Hyundai,HB20,hatch,2024,BR,SSA,Salvador Deputado Magalhaes,on_rent,AGR-4604390,CUST-511820,"Almeida, C.",139910,TRK801975
RIP-6688,WAJGWJ5VUKDHH1277,Hyundai,Elantra,sedan,2022,NA,DFW,Dallas Fort Worth,in_service,,,,12439,TRK801976
FSH-3100,JKJEHP7PL0VXL4322,Jeep,Grand Cherokee,suv,2024,NA,ATL,Atlanta Hartsfield,on_rent,AGR-3286582,CUST-851827,"Martinez, D.",64571,TRK801977
FFA-5927,GYRV7GJXAJG8U1919,Kia,Telluride,suv,2023,NA,ORD,Chicago O'Hare,on_rent,AGR-3883958,CUST-644050,"Anderson, H.",104222,TRK801978
XPU-9228,AWTZBA28NB70H2362,Tesla,Model 3,sedan,2023,NA,LAX,Los Angeles International,on_rent,AGR-6796597,CUST-811706,"Jones, S.",72743,TRK801979
SAF-6163,CAAAAX8PWZFMG3468,Toyota,Camry,sedan,2023,NA,MCO,Orlando International,available,,,,30537,TRK801980
PUB-1205,HSU6Y6N3RL9JR0221,Toyota,RAV4,suv,2024,NA,DEN,Denver International,on_rent,AGR-9557944,CUST-689343,"Wilson, M.",79504,TRK801981
EUQ-7826,NBAWJH76V7P3F6647,Chevrolet,Malibu,sedan,2023,NA,PHX,Phoenix Sky Harbor,available,,,,70203,TRK801982
YAY-2731,ELWUZHDHE8VUY1219,Chevrolet,Equinox,suv,2023,NA,YYZ,Toronto Pearson,on_rent,AGR-6238526,CUST-789087,"Williams, L.",126552,TRK801983
UP16 BOC,WCX3EPCESEN977703,Skoda,Octavia,sedan,2023,EU,LHR,London Heathrow,on_rent,AGR-4388917,CUST-378613,"Muller, L.",135061,TRK801984
DV93 IVH,URBR74MK977ZM4207,Opel,Corsa,hatch,2024,EU,CDG,Paris Charles de Gaulle,on_rent,AGR-2923967,CUST-754270,"Rossi, N.",35128,TRK801985
HC37 ZOI,AAZ53760TFABH4446,BMW,1 Series,hatch,2023,EU,FRA,Frankfurt am Main,on_rent,AGR-3666105,CUST-503113,"Jansen, J.",18609,TRK801986
PQ93 VKK,CRW7NJFS2DHPG8746,Mercedes-Benz,A-Class,hatch,2024,EU,MAD,Madrid Barajas,on_rent,AGR-4438012,CUST-130009,"Novak, J.",12468,TRK801987
TR99 GGG,CNSARRJ1F3VN05517,Fiat,500e,hatch,2024,EU,MXP,Milan Malpensa,on_rent,AGR-1454318,CUST-787321,"Andersson, J.",22639,TRK801988
ZZ51 TFA,UNLDYJHNNCC5P7120,Seat,Leon,hatch,2024,EU,AMS,Amsterdam Schiphol,on_rent,AGR-6574483,CUST-368524,"Murphy, H.",112771,TRK801989
AP90 ZUX,UNZFB35W2D1Y77606,Ford,Puma,suv,2025,EU,MUC,Munich Franz Josef Strauss,on_rent,AGR-8110541,CUST-234825,"Garcia, F.",19234,TRK801990
FX66 OND,MDU1VZHK8GRWU0318,Citroen,C3,hatch,2022,EU,LIS,Lisbon Humberto Delgado,available,,,,137208,TRK801991
KPC2K32,KMUKVN5S4G14G0459,Fiat,Cronos,sedan,2025,BR,GRU,Sao Paulo Guarulhos,available,,,,130872,TRK801992
NFU5E14,PMHWD3WSRSYN94206,Fiat,Argo,hatch,2025,BR,CGH,Sao Paulo Congonhas,available,,,,21700,TRK801993
PAM5Z71,CDEHP3XVEUEL26906,Fiat,Mobi,hatch,2025,BR,GIG,Rio Galeao,on_rent,AGR-9582817,CUST-151181,"Santos, E.",63319,TRK801994
FNA1O80,RFPMMZ4D8U6CM4259,Volkswagen,Polo,hatch,2023,BR,CNF,Belo Horizonte Confins,on_rent,AGR-8589943,CUST-986319,"Silva, C.",24964,TRK801995
BBF5V28,BJNXK1W6PEE745572,Volkswagen,T-Cross,suv,2024,BR,CWB,Curitiba Afonso Pena,on_rent,AGR-5949585,CUST-830932,"Almeida, H.",131970,TRK801996
QIR3H48,KVE7N9TGPW4RR3180,Chevrolet,Onix,hatch,2025,BR,BSB,Brasilia Internacional,on_rent,AGR-4510450,CUST-853566,"Silva, G.",137745,TRK801997
ECW5K62,JYC8P6B6CCJ047686,Chevrolet,Tracker,suv,2024,BR,POA,Porto Alegre Salgado Filho,on_rent,AGR-2214453,CUST-721690,"Lima, J.",124632,TRK801998
YWM2L25,PRD6Y782EKPXH2001,Hyundai,HB20,hatch,2025,BR,SSA,Salvador Deputado Magalhaes,in_service,,,,137293,TRK801999
FGA-1775,EFKB8EV5SRKED3155,Hyundai,Elantra,sedan,2025,NA,DFW,Dallas Fort Worth,available,,,,19151,TRK802000
FCC-2125,LEWAV0D3TXUG80777,Jeep,Grand Cherokee,suv,2025,NA,ATL,Atlanta Hartsfield,on_rent,AGR-2956391,CUST-863043,"Johnson, S.",40512,TRK802001
AVY-5299,NBBMB2KMRTSN50341,Kia,Telluride,suv,2023,NA,ORD,Chicago O'Hare,available,,,,98505,TRK802002
QHS-3992,WAFMDBKH1YTUN7580,Tesla,Model 3,sedan,2024,NA,LAX,Los Angeles International,on_rent,AGR-7692594,CUST-429731,"Jones, G.",81174,TRK802003
FUY-5840,LYHGWG44S2ZGW8915,Toyota,Camry,sedan,2025,NA,MCO,Orlando International,available,,,,36180,TRK802004
USZ-5744,JRYKKNSKKM5GB1934,Toyota,RAV4,suv,2025,NA,DEN,Denver International,available,,,,20283,TRK802005
PCH-4325,VCJE8VSJS78DN5284,Chevrolet,Malibu,sedan,2023,NA,PHX,Phoenix Sky Harbor,available,,,,27443,TRK802006
GOF-1171,PRRD3W1FDGSSA0833,Chevrolet,Equinox,suv,2025,NA,YYZ,Toronto Pearson,on_rent,AGR-9034226,CUST-460354,"Brown, D.",92616,TRK802007
SC75 XGX,LARFZKLM0P2SZ1949,Skoda,Octavia,sedan,2023,EU,LHR,London Heathrow,on_rent,AGR-2575774,CUST-817946,"Dubois, J.",60243,TRK802008
WY60 FVO,ZFKEZ7KHPTN5H9711,Opel,Corsa,hatch,2024,EU,CDG,Paris Charles de Gaulle,on_rent,AGR-8589873,CUST-459612,"Garcia, B.",40322,TRK802009
EU28 ECT,YTXZK6D583NF39071,BMW,1 Series,hatch,2024,EU,FRA,Frankfurt am Main,on_rent,AGR-9730874,CUST-747637,"Bianchi, H.",129855,TRK802010
JC73 NNZ,VRBSCAARTVJ310117,Mercedes-Benz,A-Class,hatch,2024,EU,MAD,Madrid Barajas,available,,,,51262,TRK802011
LV86 LSA,DECDPMC37AMEG3252,Fiat,500e,hatch,2024,EU,MXP,Milan Malpensa,on_rent,AGR-5336110,CUST-507727,"Andersson, H.",128931,TRK802012
FF25 CTX,JLZYB1NPLEA6S9037,Seat,Leon,hatch,2023,EU,AMS,Amsterdam Schiphol,on_rent,AGR-6902088,CUST-432619,"Muller, E.",56545,TRK802013
OF29 RQJ,VVG9TRZ061SMB8687,Ford,Puma,suv,2023,EU,MUC,Munich Franz Josef Strauss,on_rent,AGR-5783128,CUST-426777,"Bianchi, G.",139544,TRK802014
DN39 UOA,RXFYG812N3BJ07250,Citroen,C3,hatch,2024,EU,LIS,Lisbon Humberto Delgado,in_service,,,,70527,TRK802015
BIQ5S12,MWANGAJVJ2K6K8182,Fiat,Cronos,sedan,2022,BR,GRU,Sao Paulo Guarulhos,available,,,,127779,TRK802016
LZC5W51,WVF87CW24SJ0K7826,Fiat,Argo,hatch,2024,BR,CGH,Sao Paulo Congonhas,on_rent,AGR-4953259,CUST-340918,"Silva, K.",21544,TRK802017
QJE7M62,RJDUMFVHTRVMT3374,Fiat,Mobi,hatch,2025,BR,GIG,Rio Galeao,on_rent,AGR-8436951,CUST-206251,"Costa, K.",23055,TRK802018
EJC7D55,TSKYALTFHDBL50164,Volkswagen,Polo,hatch,2022,BR,CNF,Belo Horizonte Confins,on_rent,AGR-2373812,CUST-128384,"Oliveira, W.",83557,TRK802019
EBZ1U58,KRJ5LXU6H8CZ33049,Volkswagen,T-Cross,suv,2025,BR,CWB,Curitiba Afonso Pena,on_rent,AGR-2136461,CUST-281207,"Lima, L.",110995,TRK802020
SFO8U46,RJGTJAMHBKW3B6327,Chevrolet,Onix,hatch,2024,BR,BSB,Brasilia Internacional,on_rent,AGR-2813130,CUST-759858,"Pereira, K.",129747,TRK802021
EZY3W14,TXR1ZTFDKHNEV5896,Chevrolet,Tracker,suv,2022,BR,POA,Porto Alegre Salgado Filho,on_rent,AGR-3892213,CUST-697244,"Carvalho, A.",50625,TRK802022
JIA2O66,GPZ8RHJ6JW3GJ7466,Hyundai,HB20,hatch,2023,BR,SSA,Salvador Deputado Magalhaes,on_rent,AGR-2374816,CUST-463032,"Souza, S.",10443,TRK802023
EHV-9479,EAY10BX0TX8HU5145,Hyundai,Elantra,sedan,2025,NA,DFW,Dallas Fort Worth,on_rent,AGR-6259911,CUST-312368,"Smith, E.",75954,TRK802024
RGY-3859,ZEHAY9EKG8H4S0948,Jeep,Grand Cherokee,suv,2024,NA,ATL,Atlanta Hartsfield,on_rent,AGR-4594997,CUST-683213,"Martinez, C.",43847,TRK802025
GVG-3079,FTKUS7V52Z6ZS3224,Kia,Telluride,suv,2023,NA,ORD,Chicago O'Hare,available,,,,37934,TRK802026
WVF-2321,JMYNKGV89X13G8452,Tesla,Model 3,sedan,2024,NA,LAX,Los Angeles International,available,,,,113882,TRK802027
KTV-8412,GBGYGZP3DVHE90825,Toyota,Camry,sedan,2022,NA,MCO,Orlando International,on_rent,AGR-7713531,CUST-790742,"Smith, W.",40182,TRK802028
QLS-9500,RSCLWEEEMEZDY9663,Toyota,RAV4,suv,2022,NA,DEN,Denver International,on_rent,AGR-4092835,CUST-358626,"Martinez, K.",104596,TRK802029
TFO-9593,DEY2WS9H2NAAG2176,Chevrolet,Malibu,sedan,2024,NA,PHX,Phoenix Sky Harbor,available,,,,40399,TRK802030
XWA-2042,DRLMMSWWJXFP70706,Chevrolet,Equinox,suv,2024,NA,YYZ,Toronto Pearson,on_rent,AGR-8605062,CUST-850227,"Jones, K.",75114,TRK802031
MP90 PQX,ZTBF1AJ8E00DE4958,Skoda,Octavia,sedan,2022,EU,LHR,London Heathrow,on_rent,AGR-9949656,CUST-603123,"Dubois, L.",114892,TRK802032
HQ11 GYL,JGDFVE69P1HZ68865,Opel,Corsa,hatch,2024,EU,CDG,Paris Charles de Gaulle,available,,,,69045,TRK802033
PQ14 TSE,THZSD62TB1HUW9204,BMW,1 Series,hatch,2024,EU,FRA,Frankfurt am Main,on_rent,AGR-4297081,CUST-142268,"Garcia, W.",83501,TRK802034
WT78 XNI,JJV47N526MGAV2871,Mercedes-Benz,A-Class,hatch,2023,EU,MAD,Madrid Barajas,on_rent,AGR-6607610,CUST-581688,"Garcia, A.",77394,TRK802035
EF92 XPZ,FSZPA7NAY9F474364,Fiat,500e,hatch,2023,EU,MXP,Milan Malpensa,on_rent,AGR-5818172,CUST-171081,"Bianchi, N.",63268,TRK802036
OO24 USQ,ZJP1NCKSMVJ3R8818,Seat,Leon,hatch,2023,EU,AMS,Amsterdam Schiphol,on_rent,AGR-5354752,CUST-824217,"Schmidt, W.",72671,TRK802037
ZF88 ESC,SSGR1LF0450127899,Ford,Puma,suv,2025,EU,MUC,Munich Franz Josef Strauss,in_service,,,,138943,TRK802038
XN36 PUI,CVUY3DBBL3Z5C3782,Citroen,C3,hatch,2024,EU,LIS,Lisbon Humberto Delgado,in_service,,,,42082,TRK802039
LXJ4P20,RTSBJJVW4WK1T6421,Fiat,Cronos,sedan,2024,BR,GRU,Sao Paulo Guarulhos,on_rent,AGR-7500931,CUST-571183,"Nascimento, J.",24019,TRK802040
OMC8E40,WGAYY14BZ4B5A6649,Fiat,Argo,hatch,2023,BR,CGH,Sao Paulo Congonhas,on_rent,AGR-6302740,CUST-936786,"Araujo, W.",30863,TRK802041
YXD9G24,LPEZJJEYBBZG11627,Fiat,Mobi,hatch,2023,BR,GIG,Rio Galeao,available,,,,43030,TRK802042
FQY1E37,SWNTUWZD1C6YA9776,Volkswagen,Polo,hatch,2025,BR,CNF,Belo Horizonte Confins,on_rent,AGR-5470969,CUST-152641,"Nascimento, G.",72280,TRK802043
IQD4X83,DZWRY6JL490ZH6988,Volkswagen,T-Cross,suv,2023,BR,CWB,Curitiba Afonso Pena,in_service,,,,83237,TRK802044
RJY5U74,GZJ363WPBVXA85565,Chevrolet,Onix,hatch,2024,BR,BSB,Brasilia Internacional,in_service,,,,24996,TRK802045
ZDV2Y23,SFMHJPL0F0VL85411,Chevrolet,Tracker,suv,2023,BR,POA,Porto Alegre Salgado Filho,on_rent,AGR-8179741,CUST-592216,"Rodrigues, E.",76722,TRK802046
GRA6N23,NSWK02WDW8A7Y6392,Hyundai,HB20,hatch,2023,BR,SSA,Salvador Deputado Magalhaes,on_rent,AGR-9939046,CUST-115745,"Souza, N.",48119,TRK802047
TLM-6453,AYLHK4HB8ELS22191,Hyundai,Elantra,sedan,2023,NA,DFW,Dallas Fort Worth,on_rent,AGR-4927552,CUST-473828,"Johnson, C.",138993,TRK802048
XBL-9829,JNBX0GEM6YPC57168,Jeep,Grand Cherokee,suv,2023,NA,ATL,Atlanta Hartsfield,on_rent,AGR-8081494,CUST-168608,"Smith, W.",130006,TRK802049
MDY-3941,PLBYPMZLCXXZ56977,Kia,Telluride,suv,2025,NA,ORD,Chicago O'Hare,on_rent,AGR-8033863,CUST-639982,"Anderson, B.",80592,TRK802050
WPG-3960,CSXVZLJLWJXW16501,Tesla,Model 3,sedan,2022,NA,LAX,Los Angeles International,on_rent,AGR-9739520,CUST-907295,"Anderson, L.",33294,TRK802051
XHF-8641,ZMK54LUP9XW355640,Toyota,Camry,sedan,2024,NA,MCO,Orlando International,on_rent,AGR-3715486,CUST-508674,"Miller, W.",67534,TRK802052
MHD-7920,JZP2SSKCAFYMM8826,Toyota,RAV4,suv,2023,NA,DEN,Denver International,on_rent,AGR-9644296,CUST-646008,"Brown, H.",93996,TRK802053
FQZ-3848,ANPULDGYV52112484,Chevrolet,Malibu,sedan,2024,NA,PHX,Phoenix Sky Harbor,on_rent,AGR-2382855,CUST-100126,"Smith, A.",62062,TRK802054
MZI-6053,ZWZ4S9YYTN09J2651,Chevrolet,Equinox,suv,2023,NA,YYZ,Toronto Pearson,on_rent,AGR-2047377,CUST-894805,"Johnson, E.",134354,TRK802055
FP19 SOM,NDNAJ8CD173X21893,Skoda,Octavia,sedan,2024,EU,LHR,London Heathrow,in_service,,,,60304,TRK802056
MI83 DPX,LARC68DE7LEHY6181,Opel,Corsa,hatch,2023,EU,CDG,Paris Charles de Gaulle,on_rent,AGR-2728997,CUST-977684,"Kowalski, K.",92212,TRK802057
XX62 WMQ,YVUBCWC8VS2AJ6768,BMW,1 Series,hatch,2023,EU,FRA,Frankfurt am Main,on_rent,AGR-7037153,CUST-484169,"Jansen, A.",114047,TRK802058
WS54 EKG,LVMF05RPHY3MJ4197,Mercedes-Benz,A-Class,hatch,2023,EU,MAD,Madrid Barajas,available,,,,49322,TRK802059
UY36 QRV,SAXV4FU1J84960100,Fiat,500e,hatch,2022,EU,MXP,Milan Malpensa,on_rent,AGR-5803337,CUST-527031,"Silva, S.",126561,TRK802060
VK65 WQM,EFF3LHJ6W51NR8157,Seat,Leon,hatch,2023,EU,AMS,Amsterdam Schiphol,on_rent,AGR-3408631,CUST-750173,"Garcia, P.",9295,TRK802061
EW40 KYQ,GUXM5WP83KWX10652,Ford,Puma,suv,2023,EU,MUC,Munich Franz Josef Strauss,available,,,,66959,TRK802062
FL53 GRF,RKGE9SA8M3UDK8675,Citroen,C3,hatch,2023,EU,LIS,Lisbon Humberto Delgado,available,,,,26078,TRK802063
CIN4N61,MAH3LJ5LA3DY60714,Fiat,Cronos,sedan,2022,BR,GRU,Sao Paulo Guarulhos,available,,,,36562,TRK802064
SRB9S30,JBYT13XSZJSPL8542,Fiat,Argo,hatch,2025,BR,CGH,Sao Paulo Congonhas,available,,,,69299,TRK802065
WNY4J18,VFSYM15D9P8TV5114,Fiat,Mobi,hatch,2024,BR,GIG,Rio Galeao,on_rent,AGR-5686200,CUST-244302,"Oliveira, F.",125758,TRK802066
ROC4F95,AZHLWYVE7BG3J9659,Volkswagen,Polo,hatch,2023,BR,CNF,Belo Horizonte Confins,on_rent,AGR-9679470,CUST-501869,"Araujo, G.",129513,TRK802067
UJP7U55,GBZULNZ9WUNKR9613,Volkswagen,T-Cross,suv,2022,BR,CWB,Curitiba Afonso Pena,on_rent,AGR-6793172,CUST-808691,"Carvalho, W.",40369,TRK802068
DIV4U16,VTZCTWT71WL1L6485,Chevrolet,Onix,hatch,2022,BR,BSB,Brasilia Internacional,on_rent,AGR-2663361,CUST-851407,"Pereira, M.",47492,TRK802069
YTM1C47,UTW14Y4ZV8W053049,Chevrolet,Tracker,suv,2024,BR,POA,Porto Alegre Salgado Filho,on_rent,AGR-9506255,CUST-324188,"Carvalho, D.",42533,TRK802070
YDM9Y61,PWAMHFM9S84KV1369,Hyundai,HB20,hatch,2024,BR,SSA,Salvador Deputado Magalhaes,on_rent,AGR-1020606,CUST-826075,"Oliveira, H.",115774,TRK802071
TED-3964,HBGKZ3LTGD5V81288,Hyundai,Elantra,sedan,2025,NA,DFW,Dallas Fort Worth,on_rent,AGR-1963289,CUST-777413,"Anderson, J.",16884,TRK802072
XOA-2091,VUSDN1LKJPC663642,Jeep,Grand Cherokee,suv,2022,NA,ATL,Atlanta Hartsfield,available,,,,134583,TRK802073
DHL-1350,LJZ0VTGX7R8HC6701,Kia,Telluride,suv,2024,NA,ORD,Chicago O'Hare,on_rent,AGR-2856383,CUST-298656,"Johnson, K.",107501,TRK802074
EYA-8219,UJMHMK3B8AVXR0094,Tesla,Model 3,sedan,2023,NA,LAX,Los Angeles International,available,,,,65259,TRK802075
GYX-5648,JJM72SVYK940C0243,Toyota,Camry,sedan,2024,NA,MCO,Orlando International,on_rent,AGR-4499663,CUST-858949,"Jones, K.",98243,TRK802076
LIF-4753,RHLDGW8KTZCAA5447,Toyota,RAV4,suv,2023,NA,DEN,Denver International,on_rent,AGR-6647996,CUST-127541,"Williams, F.",92484,TRK802077
HPA-6562,TSYYM8AB5A22K0200,Chevrolet,Malibu,sedan,2025,NA,PHX,Phoenix Sky Harbor,on_rent,AGR-3521691,CUST-325230,"Anderson, J.",37911,TRK802078
YGL-1538,BEDLTFCSRTHCT5551,Chevrolet,Equinox,suv,2024,NA,YYZ,Toronto Pearson,on_rent,AGR-7295733,CUST-866239,"Wilson, K.",99794,TRK802079
WU49 JZK,LHZARYYCYLK9D1453,Skoda,Octavia,sedan,2024,EU,LHR,London Heathrow,available,,,,60478,TRK802080
FZ75 ZBT,CDLG7RZBJWW0N4245,Opel,Corsa,hatch,2025,EU,CDG,Paris Charles de Gaulle,on_rent,AGR-2909524,CUST-174088,"Schmidt, J.",92891,TRK802081
NP97 UZU,JWAWNEN6CZFGP6770,BMW,1 Series,hatch,2023,EU,FRA,Frankfurt am Main,on_rent,AGR-4626665,CUST-331765,"Novak, L.",78242,TRK802082
JP61 BKS,PRPPU5AHDEKG65116,Mercedes-Benz,A-Class,hatch,2024,EU,MAD,Madrid Barajas,on_rent,AGR-9149675,CUST-937598,"Murphy, N.",85599,TRK802083
UT38 PGY,LXXA3E55SZTVG4318,Fiat,500e,hatch,2024,EU,MXP,Milan Malpensa,on_rent,AGR-9794154,CUST-558050,"Silva, R.",19470,TRK802084
RE60 YTP,YCTW37MEWH1NH1265,Seat,Leon,hatch,2024,EU,AMS,Amsterdam Schiphol,on_rent,AGR-2083587,CUST-711283,"Murphy, K.",50108,TRK802085
JF59 CJE,ERK1JN5AAMZDW0490,Ford,Puma,suv,2024,EU,MUC,Munich Franz Josef Strauss,in_service,,,,98221,TRK802086
DB13 JUS,FJN279NGWBSE65487,Citroen,C3,hatch,2022,EU,LIS,Lisbon Humberto Delgado,on_rent,AGR-9589731,CUST-174758,"Muller, W.",130656,TRK802087
TAG5I85,BNJ9AEPZHZYS58810,Fiat,Cronos,sedan,2025,BR,GRU,Sao Paulo Guarulhos,on_rent,AGR-8024192,CUST-396305,"Almeida, K.",45294,TRK802088
GYP0W50,EREEM8SHDR57F8491,Fiat,Argo,hatch,2024,BR,CGH,Sao Paulo Congonhas,available,,,,126188,TRK802089
QIP5J64,SBBUGT7HRHZFZ5774,Fiat,Mobi,hatch,2024,BR,GIG,Rio Galeao,available,,,,74404,TRK802090
OZO8T42,HEKVMDD2ES4D86194,Volkswagen,Polo,hatch,2025,BR,CNF,Belo Horizonte Confins,available,,,,98801,TRK802091
OUZ4E94,GNUCV0DV5W4UL8817,Volkswagen,T-Cross,suv,2024,BR,CWB,Curitiba Afonso Pena,on_rent,AGR-1358087,CUST-578261,"Lima, N.",118516,TRK802092
WMX3M24,ZUY7D98BD3JB60928,Chevrolet,Onix,hatch,2023,BR,BSB,Brasilia Internacional,on_rent,AGR-9255836,CUST-723344,"Araujo, W.",78937,TRK802093
YCF3G42,RZVDYXN05B8890394,Chevrolet,Tracker,suv,2022,BR,POA,Porto Alegre Salgado Filho,on_rent,AGR-4932111,CUST-319288,"Rodrigues, A.",43277,TRK802094
PWJ9U10,CHW98CTUKF9UE1434,Hyundai,HB20,hatch,2023,BR,SSA,Salvador Deputado Magalhaes,on_rent,AGR-1232979,CUST-821114,"Silva, G.",129221,TRK802095
GWM-2149,KBKYT4JPT5L6Z1822,Hyundai,Elantra,sedan,2025,NA,DFW,Dallas Fort Worth,available,,,,87513,TRK802096
ZSF-3689,HCWYZMD9242407877,Jeep,Grand Cherokee,suv,2023,NA,ATL,Atlanta Hartsfield,on_rent,AGR-4853286,CUST-255104,"Taylor, E.",115891,TRK802097
CTY-6062,JDAZDKHG9MFYJ2271,Kia,Telluride,suv,2023,NA,ORD,Chicago O'Hare,on_rent,AGR-6034623,CUST-196582,"Davis, T.",13738,TRK802098
GCB-2077,MRC50JFVBFK512499,Tesla,Model 3,sedan,2023,NA,LAX,Los Angeles International,available,,,,59486,TRK802099
YFN-5807,KCUWWUT5XUVBT2053,Toyota,Camry,sedan,2025,NA,MCO,Orlando International,in_service,,,,72998,TRK802100
CWJ-2038,BAT9NBD3RN67X6775,Toyota,RAV4,suv,2024,NA,DEN,Denver International,on_rent,AGR-3702047,CUST-986012,"Garcia, D.",74699,TRK802101
ALI-7863,VAM2ZKM5X0G834633,Chevrolet,Malibu,sedan,2024,NA,PHX,Phoenix Sky Harbor,on_rent,AGR-4534714,CUST-980486,"Smith, T.",51794,TRK802102
IJD-4816,HYGL3B43DXX012325,Chevrolet,Equinox,suv,2023,NA,YYZ,Toronto Pearson,on_rent,AGR-4599331,CUST-433088,"Martinez, E.",65737,TRK802103
ZL70 BQQ,GFTS2G6R6KEMH3601,Skoda,Octavia,sedan,2025,EU,LHR,London Heathrow,available,,,,93516,TRK802104
LV50 OXJ,XPXJECE3H1D2M8970,Opel,Corsa,hatch,2022,EU,CDG,Paris Charles de Gaulle,on_rent,AGR-9403406,CUST-224038,"Jansen, T.",123288,TRK802105
RV14 XXT,WJW4GFVCFD4BD8689,BMW,1 Series,hatch,2024,EU,FRA,Frankfurt am Main,in_service,,,,110397,TRK802106
FE11 URA,MGUKY9VP4DBHS5329,Mercedes-Benz,A-Class,hatch,2022,EU,MAD,Madrid Barajas,available,,,,86431,TRK802107
DX43 BXO,VTHH10VV4T3619201,Fiat,500e,hatch,2025,EU,MXP,Milan Malpensa,on_rent,AGR-4697933,CUST-913098,"Dubois, R.",82593,TRK802108
HT69 KGD,SLER6BAG1328L9402,Seat,Leon,hatch,2023,EU,AMS,Amsterdam Schiphol,on_rent,AGR-9288171,CUST-979921,"Bianchi, L.",13131,TRK802109
AV77 SPL,XSZG8EN52AUKB1811,Ford,Puma,suv,2025,EU,MUC,Munich Franz Josef Strauss,on_rent,AGR-6059624,CUST-713848,"Rossi, W.",38798,TRK802110
SF72 UTN,WGW90NP5PW0GN3092,Citroen,C3,hatch,2025,EU,LIS,Lisbon Humberto Delgado,on_rent,AGR-4876200,CUST-111647,"Novak, H.",127455,TRK802111
PJJ3H86,SGDG091E1360E9948,Fiat,Cronos,sedan,2022,BR,GRU,Sao Paulo Guarulhos,on_rent,AGR-2178284,CUST-221805,"Carvalho, K.",69836,TRK802112
GIQ4X94,KHBMDKGXMN1Z93755,Fiat,Argo,hatch,2024,BR,CGH,Sao Paulo Congonhas,available,,,,129999,TRK802113
UCS5V65,UASE9Y7KRENMJ2334,Fiat,Mobi,hatch,2024,BR,GIG,Rio Galeao,in_service,,,,36341,TRK802114
YRO2B26,FGTE98X3KGF8X4792,Volkswagen,Polo,hatch,2022,BR,CNF,Belo Horizonte Confins,available,,,,89456,TRK802115
HXX3D03,TDTNH1L5GFBXE7996,Volkswagen,T-Cross,suv,2025,BR,CWB,Curitiba Afonso Pena,on_rent,AGR-5472345,CUST-706292,"Silva, J.",122508,TRK802116
CXG2J97,BPE4JT6EDNGVC4050,Chevrolet,Onix,hatch,2024,BR,BSB,Brasilia Internacional,in_service,,,,53820,TRK802117
GJU8D33,DXMWW73VG89CU6784,Chevrolet,Tracker,suv,2023,BR,POA,Porto Alegre Salgado Filho,available,,,,92328,TRK802118
FYO4K84,RJMTN9P1YUCEX3777,Hyundai,HB20,hatch,2024,BR,SSA,Salvador Deputado Magalhaes,on_rent,AGR-5839748,CUST-987982,"Souza, M.",20977,TRK802119
TKQ-4377,AJFSD9F43BSNL8145,Hyundai,Elantra,sedan,2023,NA,DFW,Dallas Fort Worth,on_rent,AGR-9003753,CUST-377035,"Anderson, K.",51085,TRK802120
FQS-8472,JAWDDHSHXCPEM6382,Jeep,Grand Cherokee,suv,2023,NA,ATL,Atlanta Hartsfield,on_rent,AGR-2764887,CUST-877904,"Garcia, K.",62605,TRK802121
FNX-8825,BCGU45TRVEB977497,Kia,Telluride,suv,2025,NA,ORD,Chicago O'Hare,on_rent,AGR-8513598,CUST-465650,"Wilson, J.",105335,TRK802122
OXZ-7345,VRW6U8WS9HFT36568,Tesla,Model 3,sedan,2023,NA,LAX,Los Angeles International,on_rent,AGR-1647476,CUST-140490,"Davis, T.",92486,TRK802123
PQP-4351,YXMTEB46ZW6R96276,Toyota,Camry,sedan,2025,NA,MCO,Orlando International,available,,,,37024,TRK802124
VZZ-8573,GKKTM02JVGWAE6531,Toyota,RAV4,suv,2025,NA,DEN,Denver International,on_rent,AGR-2663888,CUST-506810,"Miller, E.",13388,TRK802125
MHU-7993,SRPERREP8XFS00302,Chevrolet,Malibu,sedan,2024,NA,PHX,Phoenix Sky Harbor,on_rent,AGR-7060696,CUST-485651,"Smith, J.",33839,TRK802126
OKE-9913,XEAX0YXZS7BPT1124,Chevrolet,Equinox,suv,2024,NA,YYZ,Toronto Pearson,on_rent,AGR-8153673,CUST-373648,"Smith, F.",82054,TRK802127
MN20 WNK,CSZPUSTBSNY3K3578,Skoda,Octavia,sedan,2024,EU,LHR,London Heathrow,on_rent,AGR-9890703,CUST-310873,"Garcia, F.",43099,TRK802128
TC68 MYI,VUMVVJAVDLG3W0423,Opel,Corsa,hatch,2025,EU,CDG,Paris Charles de Gaulle,on_rent,AGR-6401235,CUST-414536,"Kowalski, E.",120030,TRK802129
OW86 IPD,TWCUT2YE7215V9323,BMW,1 Series,hatch,2024,EU,FRA,Frankfurt am Main,on_rent,AGR-8883103,CUST-521237,"Andersson, B.",129434,TRK802130
GQ31 EHK,LFE1K6AGMSB690379,Mercedes-Benz,A-Class,hatch,2023,EU,MAD,Madrid Barajas,available,,,,11477,TRK802131
ZM52 ILF,LZL6VRLTETKL19821,Fiat,500e,hatch,2025,EU,MXP,Milan Malpensa,on_rent,AGR-3965448,CUST-527410,"Rossi, T.",136426,TRK802132
GW22 JWG,ANDKFBZZPJV216791,Seat,Leon,hatch,2024,EU,AMS,Amsterdam Schiphol,available,,,,82731,TRK802133
CB43 JSB,SDY6EUGU3RWZL8829,Ford,Puma,suv,2022,EU,MUC,Munich Franz Josef Strauss,available,,,,68800,TRK802134
GV79 XPK,CZTMDGBV3EWYC3801,Citroen,C3,hatch,2024,EU,LIS,Lisbon Humberto Delgado,on_rent,AGR-1053841,CUST-132010,"Novak, C.",94233,TRK802135
UTJ4D01,JEG902RPRBCEG9204,Fiat,Cronos,sedan,2024,BR,GRU,Sao Paulo Guarulhos,available,,,,30073,TRK802136
OUJ6O40,SHFL5G6MT4WC52908,Fiat,Argo,hatch,2023,BR,CGH,Sao Paulo Congonhas,available,,,,83561,TRK802137
ZWW6D59,JBHLD22MRH7V98017,Fiat,Mobi,hatch,2023,BR,GIG,Rio Galeao,in_service,,,,72732,TRK802138
FMG0V13,LBU88ZC2994ED7612,Volkswagen,Polo,hatch,2022,BR,CNF,Belo Horizonte Confins,on_rent,AGR-5245274,CUST-800052,"Pereira, B.",10166,TRK802139
OGY4K15,EVM7V9MMRYF7R0648,Volkswagen,T-Cross,suv,2025,BR,CWB,Curitiba Afonso Pena,on_rent,AGR-3590801,CUST-595815,"Almeida, P.",130304,TRK802140
XDE8B52,WMLA762MD5S7M6264,Chevrolet,Onix,hatch,2024,BR,BSB,Brasilia Internacional,on_rent,AGR-8917834,CUST-851941,"Almeida, L.",17614,TRK802141
VQC0I21,GUXLBGVSLNJN28212,Chevrolet,Tracker,suv,2023,BR,POA,Porto Alegre Salgado Filho,on_rent,AGR-6420687,CUST-373912,"Almeida, T.",133521,TRK802142
MSB4H74,USTJKH0S29R2P9766,Hyundai,HB20,hatch,2023,BR,SSA,Salvador Deputado Magalhaes,available,,,,136821,TRK802143
AZY-9143,RSG3Z5ME1AEDC6346,Hyundai,Elantra,sedan,2024,NA,DFW,Dallas Fort Worth,on_rent,AGR-8529900,CUST-163554,"Garcia, E.",79409,TRK802144
WOS-2703,HEMEF8NZG1K5U2831,Jeep,Grand Cherokee,suv,2024,NA,ATL,Atlanta Hartsfield,in_service,,,,117138,TRK802145
KJU-5449,KXTN09KT414R50057,Kia,Telluride,suv,2024,NA,ORD,Chicago O'Hare,available,,,,84635,TRK802146
UUK-2561,ZKXS0VCYB3K2F2916,Tesla,Model 3,sedan,2025,NA,LAX,Los Angeles International,on_rent,AGR-6005569,CUST-109478,"Jones, K.",81413,TRK802147
GUY-6085,GNCHMP25A1GF52612,Toyota,Camry,sedan,2024,NA,MCO,Orlando International,in_service,,,,68353,TRK802148
ZQY-4297,NHG92J6TZNC508603,Toyota,RAV4,suv,2024,NA,DEN,Denver International,on_rent,AGR-1557509,CUST-170508,"Jones, N.",15575,TRK802149
HTE-5366,NRUE5KRHAM1ZB3895,Chevrolet,Malibu,sedan,2023,NA,PHX,Phoenix Sky Harbor,available,,,,118122,TRK802150
WVO-9038,GEHYAGAA5FE8K0087,Chevrolet,Equinox,suv,2024,NA,YYZ,Toronto Pearson,on_rent,AGR-2206595,CUST-642133,"Miller, K.",128283,TRK802151
XW62 TLV,TFN5U6CHE49M33037,Skoda,Octavia,sedan,2023,EU,LHR,London Heathrow,on_rent,AGR-7575459,CUST-277446,"Dubois, R.",47316,TRK802152
NK58 ENC,NBJSKF11VAKWS6340,Opel,Corsa,hatch,2025,EU,CDG,Paris Charles de Gaulle,on_rent,AGR-1171466,CUST-474273,"Bianchi, G.",107958,TRK802153
TZ38 PPX,SFKBGAXZK4BYT1736,BMW,1 Series,hatch,2023,EU,FRA,Frankfurt am Main,on_rent,AGR-9466916,CUST-251646,"Andersson, D.",122405,TRK802154
VQ19 SJW,BPZ7BWNS50J2U7736,Mercedes-Benz,A-Class,hatch,2023,EU,MAD,Madrid Barajas,on_rent,AGR-3402515,CUST-439343,"Silva, N.",57984,TRK802155
ML60 TGU,ZUPL4B1MG7N8Z0431,Fiat,500e,hatch,2025,EU,MXP,Milan Malpensa,in_service,,,,69323,TRK802156
ME12 XEV,HGN8Y1SPF4DXM6342,Seat,Leon,hatch,2025,EU,AMS,Amsterdam Schiphol,on_rent,AGR-3308521,CUST-311461,"Jansen, K.",29524,TRK802157
NH80 LTL,EKBM23HL51SRT0207,Ford,Puma,suv,2023,EU,MUC,Munich Franz Josef Strauss,on_rent,AGR-9615280,CUST-146422,"Murphy, L.",92551,TRK802158
UQ41 FEL,SBF76TRS2AB5G8288,Citroen,C3,hatch,2024,EU,LIS,Lisbon Humberto Delgado,in_service,,,,94740,TRK802159
RDY5I86,UZGR54LFEERRK4667,Fiat,Cronos,sedan,2024,BR,GRU,Sao Paulo Guarulhos,on_rent,AGR-4300420,CUST-396474,"Rodrigues, K.",64818,TRK802160
ZKZ6N93,CDLNS4T0RK3PV8378,Fiat,Argo,hatch,2024,BR,CGH,Sao Paulo Congonhas,available,,,,104630,TRK802161
FVT6D36,XSH1VJ19WY8YC0205,Fiat,Mobi,hatch,2022,BR,GIG,Rio Galeao,in_service,,,,112281,TRK802162
ZZE1P37,MXNLHCUJKE1SH1742,Volkswagen,Polo,hatch,2023,BR,CNF,Belo Horizonte Confins,on_rent,AGR-7272355,CUST-588904,"Nascimento, M.",103274,TRK802163
KUN7S76,SXE5NU5C18EAX6597,Volkswagen,T-Cross,suv,2023,BR,CWB,Curitiba Afonso Pena,available,,,,110535,TRK802164
YSO6Q59,YZNPTJY65XNEH0638,Chevrolet,Onix,hatch,2024,BR,BSB,Brasilia Internacional,on_rent,AGR-8252205,CUST-212949,"Carvalho, R.",114063,TRK802165
JIB6B19,DBV6RBUTTXAWZ3914,Chevrolet,Tracker,suv,2023,BR,POA,Porto Alegre Salgado Filho,available,,,,35453,TRK802166
QFJ3N74,TCE22UXVAUW7P6913,Hyundai,HB20,hatch,2024,BR,SSA,Salvador Deputado Magalhaes,on_rent,AGR-2447555,CUST-769387,"Lima, R.",117151,TRK802167
XYI-6845,KCNHR1Y6N20US5689,Hyundai,Elantra,sedan,2023,NA,DFW,Dallas Fort Worth,available,,,,42366,TRK802168
QMR-6498,WFE9831RNXVK74864,Jeep,Grand Cherokee,suv,2023,NA,ATL,Atlanta Hartsfield,available,,,,132144,TRK802169
WMX-8654,FCS1HUTX17YR92037,Kia,Telluride,suv,2022,NA,ORD,Chicago O'Hare,on_rent,AGR-8277226,CUST-606893,"Johnson, E.",75049,TRK802170
AXX-2573,PYPN6EUTAA92R1031,Tesla,Model 3,sedan,2025,NA,LAX,Los Angeles International,on_rent,AGR-1462630,CUST-246144,"Johnson, H.",123375,TRK802171
RGJ-9678,UCZHS09GVK0WK3401,Toyota,Camry,sedan,2023,NA,MCO,Orlando International,on_rent,AGR-6228760,CUST-398969,"Johnson, R.",19798,TRK802172
HSF-7119,ADYXR52C86SMZ0075,Toyota,RAV4,suv,2024,NA,DEN,Denver International,on_rent,AGR-8709811,CUST-257327,"Miller, S.",18046,TRK802173
VBT-1303,JLXZ5SXB5F0H80542,Chevrolet,Malibu,sedan,2022,NA,PHX,Phoenix Sky Harbor,on_rent,AGR-7134477,CUST-714163,"Smith, M.",80645,TRK802174
FID-3565,TNL1FK736NBAB4335,Chevrolet,Equinox,suv,2024,NA,YYZ,Toronto Pearson,on_rent,AGR-3989026,CUST-824122,"Jones, J.",60899,TRK802175
SU32 WEE,BVSRHR4CANM7J3594,Skoda,Octavia,sedan,2023,EU,LHR,London Heathrow,available,,,,30501,TRK802176
YL19 QFB,TXBT7VZ0Y7CME8491,Opel,Corsa,hatch,2025,EU,CDG,Paris Charles de Gaulle,available,,,,42998,TRK802177
WL69 BXH,PMVPBLX1YBXA04289,BMW,1 Series,hatch,2025,EU,FRA,Frankfurt am Main,available,,,,79025,TRK802178
CX66 ECU,HSBBU4RY5RXBY0876,Mercedes-Benz,A-Class,hatch,2023,EU,MAD,Madrid Barajas,available,,,,29863,TRK802179
RG33 AYZ,VCKE7FG4MF54A3764,Fiat,500e,hatch,2022,EU,MXP,Milan Malpensa,on_rent,AGR-9082611,CUST-961973,"Garcia, C.",76579,TRK802180
CG15 JEH,TSYSZ100XWUJA7546,Seat,Leon,hatch,2024,EU,AMS,Amsterdam Schiphol,in_service,,,,111348,TRK802181
ST18 GQK,KCH7WGGM7NGHA3652,Ford,Puma,suv,2023,EU,MUC,Munich Franz Josef Strauss,on_rent,AGR-5365394,CUST-367922,"Muller, F.",55957,TRK802182
UD66 DAQ,YRJLF5MUJS0V85549,Citroen,C3,hatch,2023,EU,LIS,Lisbon Humberto Delgado,on_rent,AGR-9378850,CUST-619992,"Kowalski, L.",23642,TRK802183
IPQ1Z91,DAY7U97XGJTC56865,Fiat,Cronos,sedan,2024,BR,GRU,Sao Paulo Guarulhos,on_rent,AGR-2490833,CUST-945674,"Araujo, M.",23221,TRK802184
KDT6J73,FHARU407XHJAL2644,Fiat,Argo,hatch,2023,BR,CGH,Sao Paulo Congonhas,on_rent,AGR-7863718,CUST-984264,"Rodrigues, D.",136204,TRK802185
SAY8P45,GLUDAHDMP7FCE1133,Fiat,Mobi,hatch,2025,BR,GIG,Rio Galeao,on_rent,AGR-7853022,CUST-878899,"Nascimento, M.",44465,TRK802186
RQZ3V63,SSF3KEY7ZZH9W1820,Volkswagen,Polo,hatch,2025,BR,CNF,Belo Horizonte Confins,on_rent,AGR-7306970,CUST-859542,"Nascimento, P.",104883,TRK802187
GIP6T51,KMZHK0TSK9MDA8441,Volkswagen,T-Cross,suv,2023,BR,CWB,Curitiba Afonso Pena,on_rent,AGR-7658653,CUST-710136,"Souza, A.",21008,TRK802188
SRX3X02,FBZ1NUMVACU7T0781,Chevrolet,Onix,hatch,2022,BR,BSB,Brasilia Internacional,on_rent,AGR-8207885,CUST-173260,"Nascimento, D.",104210,TRK802189
VIB6S42,UBM4ZK2JYYFN23859,Chevrolet,Tracker,suv,2022,BR,POA,Porto Alegre Salgado Filho,available,,,,117750,TRK802190
QKL6H29,PPY0BEM95Y8679144,Hyundai,HB20,hatch,2023,BR,SSA,Salvador Deputado Magalhaes,on_rent,AGR-9968671,CUST-701806,"Santos, H.",28571,TRK802191
QCI-8532,XVP3MR8FD2GWV6618,Hyundai,Elantra,sedan,2024,NA,DFW,Dallas Fort Worth,available,,,,112426,TRK802192
IKQ-3549,WLJSDXDFE02E04463,Jeep,Grand Cherokee,suv,2024,NA,ATL,Atlanta Hartsfield,available,,,,28008,TRK802193
LHX-1765,DEX5J00658N837997,Kia,Telluride,suv,2025,NA,ORD,Chicago O'Hare,available,,,,94670,TRK802194
NUH-8382,BSBGFXCWP5GFP3922,Tesla,Model 3,sedan,2023,NA,LAX,Los Angeles International,on_rent,AGR-6897591,CUST-878150,"Jones, P.",124772,TRK802195
TPJ-1023,VCX9R6EP6P6K68914,Toyota,Camry,sedan,2023,NA,MCO,Orlando International,on_rent,AGR-5987321,CUST-159472,"Smith, K.",52248,TRK802196
ITK-7190,ZVRWPPU4AFJ121341,Toyota,RAV4,suv,2025,NA,DEN,Denver International,on_rent,AGR-6500518,CUST-239988,"Williams, A.",11490,TRK802197
FAD-3421,DREB2KEGBB18K1386,Chevrolet,Malibu,sedan,2025,NA,PHX,Phoenix Sky Harbor,available,,,,104025,TRK802198
HOE-4406,BZZWELY6DR4ZV7640,Chevrolet,Equinox,suv,2023,NA,YYZ,Toronto Pearson,on_rent,AGR-9344549,CUST-638976,"Wilson, M.",127849,TRK802199
ZK51 UXT,VLDLH6JFT3JFY2083,Skoda,Octavia,sedan,2023,EU,LHR,London Heathrow,available,,,,81709,TRK802200
UD48 JXE,MZBRCFYMY36LN0274,Opel,Corsa,hatch,2024,EU,CDG,Paris Charles de Gaulle,on_rent,AGR-1016764,CUST-548819,"Garcia, L.",90917,TRK802201
ML40 PBI,SPT3NSFL3N6FH5045,BMW,1 Series,hatch,2022,EU,FRA,Frankfurt am Main,on_rent,AGR-4057768,CUST-580019,"Jansen, M.",128391,TRK802202
GN83 HMR,HKB9671HNK2JR0431,Mercedes-Benz,A-Class,hatch,2024,EU,MAD,Madrid Barajas,on_rent,AGR-7031190,CUST-296678,"Novak, G.",128405,TRK802203
LX51 POG,VBJNMJCTBEC5D1209,Fiat,500e,hatch,2025,EU,MXP,Milan Malpensa,on_rent,AGR-3609331,CUST-819431,"Dubois, B.",13408,TRK802204
RA14 OXP,UWT6SV0TRUZZK3275,Seat,Leon,hatch,2023,EU,AMS,Amsterdam Schiphol,in_service,,,,79666,TRK802205
PE47 TXB,DJBPKCEHRGXFZ4618,Ford,Puma,suv,2023,EU,MUC,Munich Franz Josef Strauss,on_rent,AGR-6310982,CUST-955436,"Garcia, S.",19928,TRK802206
LQ46 SNE,ABGBE2A078RS31810,Citroen,C3,hatch,2024,EU,LIS,Lisbon Humberto Delgado,available,,,,55978,TRK802207
WOV6C38,FNP8JKETYX0G51422,Fiat,Cronos,sedan,2022,BR,GRU,Sao Paulo Guarulhos,on_rent,AGR-9409954,CUST-142225,"Silva, F.",21627,TRK802208
QSL6I17,MESMD5VY40PEV2865,Fiat,Argo,hatch,2023,BR,CGH,Sao Paulo Congonhas,on_rent,AGR-7880113,CUST-460777,"Costa, H.",33310,TRK802209
YYA0F32,FAC8VWR1RS8PP7714,Fiat,Mobi,hatch,2024,BR,GIG,Rio Galeao,on_rent,AGR-8924643,CUST-410216,"Lima, D.",45889,TRK802210
IYU2C90,WJBJX5CUX7U4T8600,Volkswagen,Polo,hatch,2023,BR,CNF,Belo Horizonte Confins,on_rent,AGR-9451057,CUST-759040,"Araujo, C.",78211,TRK802211
LUZ5A75,RHGC2X2EZAHAP2553,Volkswagen,T-Cross,suv,2024,BR,CWB,Curitiba Afonso Pena,on_rent,AGR-1998210,CUST-406360,"Nascimento, R.",48406,TRK802212
JMI7I72,PLV7F6504P8A48702,Chevrolet,Onix,hatch,2022,BR,BSB,Brasilia Internacional,available,,,,79352,TRK802213
XRQ6M04,TYUBE9FP64FMA2828,Chevrolet,Tracker,suv,2023,BR,POA,Porto Alegre Salgado Filho,on_rent,AGR-5437882,CUST-703325,"Carvalho, K.",61166,TRK802214
CYU3F35,SBSC3Z6J5HBEV5867,Hyundai,HB20,hatch,2024,BR,SSA,Salvador Deputado Magalhaes,available,,,,138906,TRK802215
DOY-4797,XGA4TMGZWSPV56087,Hyundai,Elantra,sedan,2025,NA,DFW,Dallas Fort Worth,available,,,,135819,TRK802216
CZO-3376,UNJ94DU37X5KX2623,Jeep,Grand Cherokee,suv,2023,NA,ATL,Atlanta Hartsfield,on_rent,AGR-3105758,CUST-736830,"Taylor, K.",101319,TRK802217
DRV-1255,LJA1LE0HA1WS69686,Kia,Telluride,suv,2022,NA,ORD,Chicago O'Hare,available,,,,112755,TRK802218
WCH-2649,DUS1W4MVG7UY46940,Tesla,Model 3,sedan,2023,NA,LAX,Los Angeles International,available,,,,126719,TRK802219
RRK-2937,PUF1CP9PWK34M4725,Toyota,Camry,sedan,2025,NA,MCO,Orlando International,available,,,,75874,TRK802220
RUC-2318,NYSYCHZ3L7GST7418,Toyota,RAV4,suv,2023,NA,DEN,Denver International,on_rent,AGR-8684373,CUST-790856,"Johnson, N.",20443,TRK802221
FVM-4217,WXYRNW6ENW1266921,Chevrolet,Malibu,sedan,2024,NA,PHX,Phoenix Sky Harbor,available,,,,30223,TRK802222
HQY-8292,UWYC2C7JWS3H09401,Chevrolet,Equinox,suv,2024,NA,YYZ,Toronto Pearson,on_rent,AGR-4086501,CUST-873306,"Miller, E.",111083,TRK802223
FD10 XSR,MGFV8V82USWPH9534,Skoda,Octavia,sedan,2025,EU,LHR,London Heathrow,on_rent,AGR-1250021,CUST-481488,"Murphy, S.",96020,TRK802224
WB74 YWQ,GAZS8G7V3HTY99565,Opel,Corsa,hatch,2023,EU,CDG,Paris Charles de Gaulle,in_service,,,,128134,TRK802225
GO98 TQY,ABJV90AADVY0V7800,BMW,1 Series,hatch,2022,EU,FRA,Frankfurt am Main,on_rent,AGR-2159171,CUST-431355,"Schmidt, F.",43339,TRK802226
TS37 ZED,AGNXG22BMG9Y19653,Mercedes-Benz,A-Class,hatch,2024,EU,MAD,Madrid Barajas,in_service,,,,24098,TRK802227
AO23 JRZ,UXG2MKN18YNSP9082,Fiat,500e,hatch,2022,EU,MXP,Milan Malpensa,on_rent,AGR-9274985,CUST-393750,"Silva, W.",66053,TRK802228
MI31 KAJ,PJR5YJ8RPK3TU1390,Seat,Leon,hatch,2023,EU,AMS,Amsterdam Schiphol,on_rent,AGR-5527994,CUST-461712,"Muller, C.",28734,TRK802229
RD22 WNB,RNF61SATB5RHX2959,Ford,Puma,suv,2025,EU,MUC,Munich Franz Josef Strauss,in_service,,,,111452,TRK802230
II37 FSL,KAYNURJ9S7YBH7502,Citroen,C3,hatch,2023,EU,LIS,Lisbon Humberto Delgado,on_rent,AGR-9255695,CUST-807735,"Garcia, C.",65389,TRK802231
JJX5P09,VWCUXCJ94G9564561,Fiat,Cronos,sedan,2022,BR,GRU,Sao Paulo Guarulhos,on_rent,AGR-8777115,CUST-787984,"Almeida, C.",116502,TRK802232
QZH9J22,RDHG9KY3TK8885153,Fiat,Argo,hatch,2025,BR,CGH,Sao Paulo Congonhas,on_rent,AGR-8467477,CUST-937152,"Santos, P.",44998,TRK802233
IDI3U35,ZZZPUKTSDX5Z21474,Fiat,Mobi,hatch,2023,BR,GIG,Rio Galeao,on_rent,AGR-1749285,CUST-504397,"Souza, H.",84362,TRK802234
MOL6I48,YPSRSVG5EKZ6S9571,Volkswagen,Polo,hatch,2025,BR,CNF,Belo Horizonte Confins,on_rent,AGR-5669647,CUST-112687,"Souza, F.",139267,TRK802235
VJX4W81,EDKS601JZCL235478,Volkswagen,T-Cross,suv,2024,BR,CWB,Curitiba Afonso Pena,available,,,,63766,TRK802236
KTV1R29,SPMDW22LWDG518895,Chevrolet,Onix,hatch,2022,BR,BSB,Brasilia Internacional,on_rent,AGR-9354013,CUST-475310,"Silva, L.",50772,TRK802237
IBE9J22,EZBML0C696PMN9415,Chevrolet,Tracker,suv,2024,BR,POA,Porto Alegre Salgado Filho,on_rent,AGR-7180332,CUST-698226,"Oliveira, J.",59760,TRK802238
RCD7Y00,GEU2F9NCCS4JH1984,Hyundai,HB20,hatch,2024,BR,SSA,Salvador Deputado Magalhaes,on_rent,AGR-3618261,CUST-963206,"Santos, P.",80052,TRK802239
JNR-9169,FND7YFX0B7PDG5735,Hyundai,Elantra,sedan,2022,NA,DFW,Dallas Fort Worth,in_service,,,,87048,TRK802240
DED-4324,CFKCGRRR87CRB1282,Jeep,Grand Cherokee,suv,2023,NA,ATL,Atlanta Hartsfield,on_rent,AGR-4808292,CUST-721253,"Jones, J.",133061,TRK802241
RIT-5610,JRMECU31XJ6CC6053,Kia,Telluride,suv,2023,NA,ORD,Chicago O'Hare,on_rent,AGR-4541901,CUST-827662,"Brown, P.",54310,TRK802242
LRE-6506,LJTFZUR59CMY05538,Tesla,Model 3,sedan,2022,NA,LAX,Los Angeles International,on_rent,AGR-9041180,CUST-951452,"Brown, B.",24913,TRK802243
ZHM-7980,NRG6DSBSFDWMK8018,Toyota,Camry,sedan,2022,NA,MCO,Orlando International,on_rent,AGR-2978639,CUST-801084,"Johnson, F.",88336,TRK802244
FOF-9384,EUT7NTPR0J3BW4613,Toyota,RAV4,suv,2023,NA,DEN,Denver International,on_rent,AGR-8722580,CUST-587364,"Smith, N.",74045,TRK802245
ZEI-5652,EHL2SKDFER1S96918,Chevrolet,Malibu,sedan,2023,NA,PHX,Phoenix Sky Harbor,available,,,,87143,TRK802246
QVV-8712,JMJPT0C7TZRPB7779,Chevrolet,Equinox,suv,2024,NA,YYZ,Toronto Pearson,on_rent,AGR-6210505,CUST-641306,"Johnson, F.",128044,TRK802247
SX54 TCU,DWVG7ESKKVXA61955,Skoda,Octavia,sedan,2024,EU,LHR,London Heathrow,on_rent,AGR-9430103,CUST-397120,"Novak, B.",110979,TRK802248
ZM24 PUE,MTU8GGAV7Z1GP5340,Opel,Corsa,hatch,2024,EU,CDG,Paris Charles de Gaulle,on_rent,AGR-2535398,CUST-284294,"Silva, M.",138915,TRK802249
OL64 YXX,HNL7ZDX1KW2AC7424,BMW,1 Series,hatch,2022,EU,FRA,Frankfurt am Main,on_rent,AGR-3736090,CUST-480395,"Muller, N.",26167,TRK802250
LQ25 YHY,WXYVM5UBGP9G25996,Mercedes-Benz,A-Class,hatch,2023,EU,MAD,Madrid Barajas,available,,,,109032,TRK802251
SV89 QZQ,LMFA9VX2BPJNL5150,Fiat,500e,hatch,2023,EU,MXP,Milan Malpensa,available,,,,104189,TRK802252
FZ83 DFT,TYZSVFFPFW1UD2394,Seat,Leon,hatch,2023,EU,AMS,Amsterdam Schiphol,available,,,,88311,TRK802253
PZ65 GET,MXDST84NUXHRD8139,Ford,Puma,suv,2023,EU,MUC,Munich Franz Josef Strauss,on_rent,AGR-9244002,CUST-153378,"Garcia, A.",76272,TRK802254
DV68 KQI,ALH4TMLBBZZXR2017,Citroen,C3,hatch,2024,EU,LIS,Lisbon Humberto Delgado,on_rent,AGR-3632149,CUST-584589,"Novak, P.",8055,TRK802255
FZQ7A30,MCS5HVGM01X3U4380,Fiat,Cronos,sedan,2025,BR,GRU,Sao Paulo Guarulhos,available,,,,70402,TRK802256
VKH4N13,DLLMBG18VB37P9051,Fiat,Argo,hatch,2022,BR,CGH,Sao Paulo Congonhas,available,,,,136616,TRK802257
CYN9K81,YDM89DGL3U1X43552,Fiat,Mobi,hatch,2024,BR,GIG,Rio Galeao,on_rent,AGR-7432692,CUST-501749,"Rodrigues, A.",108674,TRK802258
BWN4A45,DCUEBH16JH2W14479,Volkswagen,Polo,hatch,2023,BR,CNF,Belo Horizonte Confins,available,,,,115887,TRK802259
EJN1L85,MFEJ54FG5J68T8997,Volkswagen,T-Cross,suv,2024,BR,CWB,Curitiba Afonso Pena,on_rent,AGR-3235474,CUST-961866,"Costa, M.",31119,TRK802260
UTN8R41,PAZTHLSZHV3D56140,Chevrolet,Onix,hatch,2024,BR,BSB,Brasilia Internacional,in_service,,,,21695,TRK802261
IZU9I78,GARKMWZGG3AE37869,Chevrolet,Tracker,suv,2024,BR,POA,Porto Alegre Salgado Filho,on_rent,AGR-2921302,CUST-922439,"Lima, N.",139949,TRK802262
CQH7N78,CBT46EX3772JW0053,Hyundai,HB20,hatch,2024,BR,SSA,Salvador Deputado Magalhaes,on_rent,AGR-5491072,CUST-390620,"Araujo, J.",138860,TRK802263
WCS-6436,CCAHP8SN84TMN1450,Hyundai,Elantra,sedan,2023,NA,DFW,Dallas Fort Worth,on_rent,AGR-8275317,CUST-281008,"Anderson, A.",79586,TRK802264
XZD-6051,HRRAABZPLUC5H9235,Jeep,Grand Cherokee,suv,2023,NA,ATL,Atlanta Hartsfield,on_rent,AGR-6956144,CUST-401298,"Martinez, W.",34605,TRK802265
CSV-1668,HRSVF560ALCWL9511,Kia,Telluride,suv,2023,NA,ORD,Chicago O'Hare,in_service,,,,99691,TRK802266
IBV-1327,SJPX8EW56Z9637196,Tesla,Model 3,sedan,2024,NA,LAX,Los Angeles International,on_rent,AGR-1538882,CUST-439908,"Anderson, M.",98291,TRK802267
OON-7659,SZH8PHSR1Y0BX3517,Toyota,Camry,sedan,2024,NA,MCO,Orlando International,on_rent,AGR-3131815,CUST-319459,"Martinez, A.",61247,TRK802268
NFT-7298,YNTBXEGA3GASL4771,Toyota,RAV4,suv,2023,NA,DEN,Denver International,available,,,,102474,TRK802269
QSK-9296,WWH944EC2HK867837,Chevrolet,Malibu,sedan,2024,NA,PHX,Phoenix Sky Harbor,in_service,,,,78223,TRK802270
AJJ-7794,FJAKJ6SD5URJ67977,Chevrolet,Equinox,suv,2022,NA,YYZ,Toronto Pearson,on_rent,AGR-1891561,CUST-165433,"Brown, H.",124590,TRK802271
NZ96 MAL,YTALT086Y3ZZZ0191,Skoda,Octavia,sedan,2024,EU,LHR,London Heathrow,on_rent,AGR-3361040,CUST-388891,"Rossi, B.",82115,TRK802272
TN60 OHI,WLTU35L22PLH44771,Opel,Corsa,hatch,2025,EU,CDG,Paris Charles de Gaulle,on_rent,AGR-7524300,CUST-467157,"Dubois, P.",134691,TRK802273
EM21 PDQ,PSBUZFX814UGL4253,BMW,1 Series,hatch,2024,EU,FRA,Frankfurt am Main,on_rent,AGR-2312470,CUST-358420,"Garcia, E.",101045,TRK802274
BJ97 HME,MXN7MFF0M5YRA4622,Mercedes-Benz,A-Class,hatch,2022,EU,MAD,Madrid Barajas,on_rent,AGR-5710208,CUST-549343,"Andersson, C.",98688,TRK802275
CZ58 CQT,GZEULCUR7KN149067,Fiat,500e,hatch,2022,EU,MXP,Milan Malpensa,on_rent,AGR-9046032,CUST-686242,"Jansen, B.",102255,TRK802276
YV94 WMD,TWY58K4LA495F3478,Seat,Leon,hatch,2024,EU,AMS,Amsterdam Schiphol,on_rent,AGR-8627976,CUST-316866,"Muller, B.",29174,TRK802277
WL69 HOX,RMPJ61KP82X8M9978,Ford,Puma,suv,2023,EU,MUC,Munich Franz Josef Strauss,on_rent,AGR-1104390,CUST-302414,"Kowalski, N.",137392,TRK802278
IX50 LEW,EMLJG8AZM4G5F6423,Citroen,C3,hatch,2025,EU,LIS,Lisbon Humberto Delgado,on_rent,AGR-4399861,CUST-255087,"Jansen, L.",35970,TRK802279
ZUH1C15,YXZFY8DTX3ZB73461,Fiat,Cronos,sedan,2025,BR,GRU,Sao Paulo Guarulhos,on_rent,AGR-7214815,CUST-861345,"Carvalho, F.",18210,TRK802280
XBQ7S72,GHG24C5U1A1Z99205,Fiat,Argo,hatch,2024,BR,CGH,Sao Paulo Congonhas,on_rent,AGR-7828557,CUST-789059,"Carvalho, T.",34919,TRK802281
QNF8H47,TZU0PVYUZ2WTY9320,Fiat,Mobi,hatch,2022,BR,GIG,Rio Galeao,available,,,,28923,TRK802282
XUX6I65,JAZBX192YPG994319,Volkswagen,Polo,hatch,2024,BR,CNF,Belo Horizonte Confins,on_rent,AGR-1620326,CUST-195041,"Lima, R.",115638,TRK802283
YDK9M45,TNP6H3FHGMHLF6903,Volkswagen,T-Cross,suv,2024,BR,CWB,Curitiba Afonso Pena,available,,,,107729,TRK802284
VOB8V09,CSMRT5JKURPH38595,Chevrolet,Onix,hatch,2025,BR,BSB,Brasilia Internacional,on_rent,AGR-6878395,CUST-593453,"Santos, B.",122790,TRK802285
SNA6L66,LMFBP1KJDU1HZ4714,Chevrolet,Tracker,suv,2024,BR,POA,Porto Alegre Salgado Filho,on_rent,AGR-7625367,CUST-854873,"Santos, W.",49770,TRK802286
NTW0U04,TVYXE3EUN2WWH6943,Hyundai,HB20,hatch,2024,BR,SSA,Salvador Deputado Magalhaes,on_rent,AGR-5207588,CUST-325481,"Souza, K.",15163,TRK802287
GGG-5767,HCS8YJUE6ZZNF4216,Hyundai,Elantra,sedan,2022,NA,DFW,Dallas Fort Worth,on_rent,AGR-3437183,CUST-510224,"Johnson, B.",135712,TRK802288
BOW-9522,ZXLXXZJT92PJ80303,Jeep,Grand Cherokee,suv,2025,NA,ATL,Atlanta Hartsfield,on_rent,AGR-2471440,CUST-194679,"Martinez, P.",60809,TRK802289
RCJ-8182,ZRJ64Z8W5N6C79665,Kia,Telluride,suv,2023,NA,ORD,Chicago O'Hare,available,,,,26507,TRK802290
TIN-4817,MRDSCLHXEWJMW1819,Tesla,Model 3,sedan,2023,NA,LAX,Los Angeles International,on_rent,AGR-8501981,CUST-294041,"Davis, J.",34730,TRK802291
CEH-4115,PRT696MNHAEVF9651,Toyota,Camry,sedan,2025,NA,MCO,Orlando International,on_rent,AGR-8579640,CUST-574044,"Anderson, A.",52427,TRK802292
IGE-4990,MVBSF8ZWVLMGZ4685,Toyota,RAV4,suv,2022,NA,DEN,Denver International,on_rent,AGR-1261156,CUST-396476,"Williams, C.",86842,TRK802293
WAC-7651,ZPYRVDBYCR2Y29289,Chevrolet,Malibu,sedan,2024,NA,PHX,Phoenix Sky Harbor,on_rent,AGR-9951272,CUST-728318,"Anderson, F.",84167,TRK802294
QCA-2771,GNEH0ZC5M9RGS7893,Chevrolet,Equinox,suv,2023,NA,YYZ,Toronto Pearson,available,,,,124842,TRK802295
EU52 ALJ,XNRJZ0PMGXJB00466,Skoda,Octavia,sedan,2023,EU,LHR,London Heathrow,available,,,,48099,TRK802296
DJ32 WJG,YTYZ37FWBHAJ29367,Opel,Corsa,hatch,2024,EU,CDG,Paris Charles de Gaulle,available,,,,77815,TRK802297
DF29 APE,CLV3MR0BB9HY23783,BMW,1 Series,hatch,2023,EU,FRA,Frankfurt am Main,on_rent,AGR-2410572,CUST-348312,"Bianchi, G.",59278,TRK802298
ES39 RLK,MBRCB0288KH7E0647,Mercedes-Benz,A-Class,hatch,2025,EU,MAD,Madrid Barajas,on_rent,AGR-7434032,CUST-984476,"Dubois, A.",15305,TRK802299
MI22 LDD,TEFAJ7EAP34184009,Fiat,500e,hatch,2023,EU,MXP,Milan Malpensa,on_rent,AGR-4266532,CUST-875391,"Rossi, D.",130327,TRK802300
DJ33 PHK,BFE6H5S535ME91504,Seat,Leon,hatch,2022,EU,AMS,Amsterdam Schiphol,available,,,,139997,TRK802301
VR21 ZJU,HXL7K7W5YTF169741,Ford,Puma,suv,2025,EU,MUC,Munich Franz Josef Strauss,available,,,,53909,TRK802302
NW67 BCV,KDAK81TGNR9118963,Citroen,C3,hatch,2023,EU,LIS,Lisbon Humberto Delgado,on_rent,AGR-3960067,CUST-839808,"Kowalski, G.",96321,TRK802303
XWE0X81,LNMTW6UV49WKH0310,Fiat,Cronos,sedan,2022,BR,GRU,Sao Paulo Guarulhos,on_rent,AGR-4829912,CUST-122791,"Pereira, R.",106711,TRK802304
VGA6R54,UTSU7B389NJ2H0229,Fiat,Argo,hatch,2023,BR,CGH,Sao Paulo Congonhas,on_rent,AGR-7767244,CUST-886715,"Santos, P.",41762,TRK802305
XUE2K69,JTD1T0JMBV4JX0583,Fiat,Mobi,hatch,2023,BR,GIG,Rio Galeao,available,,,,68857,TRK802306
FMS8D40,HHJNECKD18TWZ8353,Volkswagen,Polo,hatch,2025,BR,CNF,Belo Horizonte Confins,on_rent,AGR-4308801,CUST-319529,"Santos, B.",14701,TRK802307
MIK9Q01,GJJ3MNUNP5XGF9923,Volkswagen,T-Cross,suv,2023,BR,CWB,Curitiba Afonso Pena,available,,,,107310,TRK802308
WWS2Y87,AVMHLPH5BD46V9344,Chevrolet,Onix,hatch,2023,BR,BSB,Brasilia Internacional,on_rent,AGR-5931161,CUST-382993,"Oliveira, F.",83754,TRK802309
JEO9N94,HAJLM1KVRJ4UC8951,Chevrolet,Tracker,suv,2024,BR,POA,Porto Alegre Salgado Filho,in_service,,,,9768,TRK802310
YFL1F13,DTVJRAF65URPP6392,Hyundai,HB20,hatch,2023,BR,SSA,Salvador Deputado Magalhaes,on_rent,AGR-8146858,CUST-333399,"Silva, B.",33548,TRK802311
JAO-6982,LZNJ5GRVDM9ZC6276,Hyundai,Elantra,sedan,2023,NA,DFW,Dallas Fort Worth,on_rent,AGR-7183198,CUST-891301,"Davis, R.",114644,TRK802312
YKO-7586,KANDFRNMZS7V71380,Jeep,Grand Cherokee,suv,2022,NA,ATL,Atlanta Hartsfield,on_rent,AGR-8087171,CUST-698063,"Miller, R.",135950,TRK802313
JJG-7931,WFTL5NTBDYJVV4746,Kia,Telluride,suv,2022,NA,ORD,Chicago O'Hare,on_rent,AGR-9384342,CUST-872658,"Brown, H.",23382,TRK802314
PMY-1739,MGKM2DM6UPK3S1787,Tesla,Model 3,sedan,2024,NA,LAX,Los Angeles International,in_service,,,,120611,TRK802315
VLO-7410,KPADRCAJ8USB98180,Toyota,Camry,sedan,2022,NA,MCO,Orlando International,in_service,,,,68295,TRK802316
KNN-8488,HWBR2YAYYACTP7311,Toyota,RAV4,suv,2024,NA,DEN,Denver International,available,,,,62284,TRK802317
PUD-7826,JAFAS78CGGMVB4369,Chevrolet,Malibu,sedan,2025,NA,PHX,Phoenix Sky Harbor,available,,,,43757,TRK802318
ZQU-2197,AVWMXZ4FD1Y0E3915,Chevrolet,Equinox,suv,2025,NA,YYZ,Toronto Pearson,on_rent,AGR-2943972,CUST-467752,"Miller, P.",40864,TRK802319
TR35 RVM,BNVSBKPT542C08888,Skoda,Octavia,sedan,2024,EU,LHR,London Heathrow,on_rent,AGR-8396880,CUST-475890,"Silva, N.",131290,TRK802320
CM61 UUV,DGASCLJNCT50J8436,Opel,Corsa,hatch,2022,EU,CDG,Paris Charles de Gaulle,on_rent,AGR-9640071,CUST-689201,"Muller, L.",122819,TRK802321
IZ16 FJY,VHTW4D9WEMJGH5515,BMW,1 Series,hatch,2024,EU,FRA,Frankfurt am Main,on_rent,AGR-1390471,CUST-458532,"Bianchi, R.",24491,TRK802322
WL96 OUQ,FKMSUEUD3N7856737,Mercedes-Benz,A-Class,hatch,2023,EU,MAD,Madrid Barajas,on_rent,AGR-8346090,CUST-747288,"Murphy, P.",33988,TRK802323
RU41 MSY,XLR237M2FHD7U2515,Fiat,500e,hatch,2024,EU,MXP,Milan Malpensa,on_rent,AGR-3973019,CUST-310930,"Bianchi, L.",115570,TRK802324
AK72 JTE,CHXU0RZBV8ZV22326,Seat,Leon,hatch,2023,EU,AMS,Amsterdam Schiphol,on_rent,AGR-7208359,CUST-520877,"Novak, L.",119323,TRK802325
PA11 YVS,NBUUWKGELEHPY1163,Ford,Puma,suv,2024,EU,MUC,Munich Franz Josef Strauss,available,,,,123986,TRK802326
AN96 CAY,ZYCFAD4BC1ESY2613,Citroen,C3,hatch,2024,EU,LIS,Lisbon Humberto Delgado,on_rent,AGR-9451408,CUST-396883,"Kowalski, H.",86566,TRK802327
EBM2Q92,WLT0H8JM64UEA1195,Fiat,Cronos,sedan,2022,BR,GRU,Sao Paulo Guarulhos,on_rent,AGR-6241969,CUST-928027,"Souza, N.",33618,TRK802328
PNX6Q16,WGB1YDX0FZVYJ7086,Fiat,Argo,hatch,2023,BR,CGH,Sao Paulo Congonhas,on_rent,AGR-4895799,CUST-632229,"Carvalho, L.",96786,TRK802329
KYL4F71,HMXZXGB63HE2N4612,Fiat,Mobi,hatch,2025,BR,GIG,Rio Galeao,available,,,,104079,TRK802330
DQY6B68,AZRPEEPRVU01G2971,Volkswagen,Polo,hatch,2024,BR,CNF,Belo Horizonte Confins,on_rent,AGR-1668135,CUST-718639,"Almeida, H.",46519,TRK802331
JUG3Z97,TXAPDTEGV5RYZ0667,Volkswagen,T-Cross,suv,2023,BR,CWB,Curitiba Afonso Pena,on_rent,AGR-8450060,CUST-783591,"Carvalho, W.",48987,TRK802332
ISD4R00,URJLB6ZC62NXR8528,Chevrolet,Onix,hatch,2024,BR,BSB,Brasilia Internacional,on_rent,AGR-5311484,CUST-941868,"Costa, C.",50593,TRK802333
RVO4Y85,ZDALSTC8TBHUD0522,Chevrolet,Tracker,suv,2023,BR,POA,Porto Alegre Salgado Filho,available,,,,98190,TRK802334
HKP8M53,NRGU1E967AHLU1344,Hyundai,HB20,hatch,2023,BR,SSA,Salvador Deputado Magalhaes,on_rent,AGR-5609082,CUST-605931,"Nascimento, T.",101888,TRK802335
GWF-8878,PEU3Z9EY71PT02693,Hyundai,Elantra,sedan,2023,NA,DFW,Dallas Fort Worth,on_rent,AGR-4789433,CUST-823730,"Wilson, T.",28126,TRK802336
YPK-9853,ZZD6U8NRV4ZP41949,Jeep,Grand Cherokee,suv,2023,NA,ATL,Atlanta Hartsfield,on_rent,AGR-8411275,CUST-563007,"Davis, D.",136305,TRK802337
OQY-7462,DCT4AEHH28U2Z3681,Kia,Telluride,suv,2023,NA,ORD,Chicago O'Hare,on_rent,AGR-8794006,CUST-395795,"Anderson, G.",130730,TRK802338
JFA-5907,WMXGBZYRWMUVL3727,Tesla,Model 3,sedan,2024,NA,LAX,Los Angeles International,in_service,,,,135965,TRK802339
EVJ-2427,GGSDCBSK36KKJ9208,Toyota,Camry,sedan,2024,NA,MCO,Orlando International,on_rent,AGR-2009047,CUST-905235,"Williams, A.",55103,TRK802340
VQN-5213,ZJZAU5A0L9ZV10583,Toyota,RAV4,suv,2022,NA,DEN,Denver International,on_rent,AGR-1799682,CUST-494967,"Williams, K.",138928,TRK802341
LME-5135,KHRT992UTNGPT6890,Chevrolet,Malibu,sedan,2024,NA,PHX,Phoenix Sky Harbor,available,,,,66060,TRK802342
LWL-8922,MHT8MVGDW56X49114,Chevrolet,Equinox,suv,2023,NA,YYZ,Toronto Pearson,on_rent,AGR-7769150,CUST-747763,"Johnson, C.",18691,TRK802343
QY21 LRS,DTXU8FDWH3ZW49421,Skoda,Octavia,sedan,2023,EU,LHR,London Heathrow,in_service,,,,117430,TRK802344
AI72 WZC,VKBUMUM23CV0T1036,Opel,Corsa,hatch,2023,EU,CDG,Paris Charles de Gaulle,on_rent,AGR-8097114,CUST-987863,"Garcia, C.",46739,TRK802345
UN27 HDX,JSA59S1PTA8SR9633,BMW,1 Series,hatch,2023,EU,FRA,Frankfurt am Main,on_rent,AGR-4922805,CUST-506557,"Rossi, B.",26781,TRK802346
NH13 EWS,TNEZ751C7SMCP9664,Mercedes-Benz,A-Class,hatch,2022,EU,MAD,Madrid Barajas,available,,,,96913,TRK802347
XJ67 QQW,TEKM7Y7DD7Y9C2131,Fiat,500e,hatch,2024,EU,MXP,Milan Malpensa,available,,,,32168,TRK802348
YG77 PBL,LKK1MKYLNCBJ73300,Seat,Leon,hatch,2024,EU,AMS,Amsterdam Schiphol,on_rent,AGR-1680549,CUST-951918,"Kowalski, B.",85177,TRK802349
DP80 OQS,PSMDR00HLKMYJ2288,Ford,Puma,suv,2024,EU,MUC,Munich Franz Josef Strauss,on_rent,AGR-7203126,CUST-341423,"Kowalski, G.",128070,TRK802350
IS70 XDF,FNVL4JFTA23695667,Citroen,C3,hatch,2025,EU,LIS,Lisbon Humberto Delgado,on_rent,AGR-9572276,CUST-491896,"Garcia, K.",128333,TRK802351
WTP0N84,JBCDYHSY8UEYR9971,Fiat,Cronos,sedan,2023,BR,GRU,Sao Paulo Guarulhos,on_rent,AGR-5410755,CUST-517012,"Santos, A.",93397,TRK802352
PTJ0K04,ZLDMH0T3FMTAW0174,Fiat,Argo,hatch,2024,BR,CGH,Sao Paulo Congonhas,on_rent,AGR-2265434,CUST-118599,"Carvalho, M.",72088,TRK802353
ERD7P95,JAUKXVPD47PJL1049,Fiat,Mobi,hatch,2024,BR,GIG,Rio Galeao,on_rent,AGR-6015796,CUST-324982,"Araujo, H.",78602,TRK802354
SOI1R70,PUEYNY6WBC3VM5685,Volkswagen,Polo,hatch,2024,BR,CNF,Belo Horizonte Confins,on_rent,AGR-7825855,CUST-966771,"Carvalho, D.",106204,TRK802355
TGF2A52,KNF1TUYBZFT5K1349,Volkswagen,T-Cross,suv,2025,BR,CWB,Curitiba Afonso Pena,available,,,,96059,TRK802356
YQV0F55,KWX93E4N6AAUL8621,Chevrolet,Onix,hatch,2022,BR,BSB,Brasilia Internacional,on_rent,AGR-8409846,CUST-585218,"Oliveira, F.",137308,TRK802357
EKE6B05,CXC6BF1XD349A1430,Chevrolet,Tracker,suv,2023,BR,POA,Porto Alegre Salgado Filho,on_rent,AGR-5427729,CUST-755931,"Souza, P.",15986,TRK802358
BXL0B75,VCCW7LZ1ZP7545289,Hyundai,HB20,hatch,2022,BR,SSA,Salvador Deputado Magalhaes,on_rent,AGR-6079832,CUST-212488,"Oliveira, F.",23092,TRK802359
KBQ-3977,NRBC3YF0V6JFY1760,Hyundai,Elantra,sedan,2024,NA,DFW,Dallas Fort Worth,available,,,,24139,TRK802360
DZP-6211,PCBNEJFM4AWME6832,Jeep,Grand Cherokee,suv,2025,NA,ATL,Atlanta Hartsfield,on_rent,AGR-4101578,CUST-415805,"Davis, B.",132348,TRK802361
YSC-8930,UGMTCRH2PMZ468934,Kia,Telluride,suv,2023,NA,ORD,Chicago O'Hare,on_rent,AGR-6875923,CUST-572075,"Davis, C.",55665,TRK802362
OCB-7388,DBKB2F1XDNER98201,Tesla,Model 3,sedan,2022,NA,LAX,Los Angeles International,available,,,,10793,TRK802363
URM-2907,PWA3LFGWLL3VK8599,Toyota,Camry,sedan,2022,NA,MCO,Orlando International,in_service,,,,85976,TRK802364
FMM-3859,PGWN66EECHK5L5524,Toyota,RAV4,suv,2023,NA,DEN,Denver International,available,,,,69004,TRK802365
CGL-9739,WWXT7S135D67F8070,Chevrolet,Malibu,sedan,2024,NA,PHX,Phoenix Sky Harbor,available,,,,94914,TRK802366
QUS-3714,VHB3VX9LK330T3063,Chevrolet,Equinox,suv,2025,NA,YYZ,Toronto Pearson,available,,,,61896,TRK802367
AN76 SAZ,FMMAZWCWG1V0G1884,Skoda,Octavia,sedan,2024,EU,LHR,London Heathrow,on_rent,AGR-1449972,CUST-281778,"Novak, D.",73479,TRK802368
YH14 SAK,HGB7AM7UJV1GP5201,Opel,Corsa,hatch,2022,EU,CDG,Paris Charles de Gaulle,on_rent,AGR-3861727,CUST-314074,"Dubois, H.",104430,TRK802369
ML16 GPD,LZA0XGZEZ9U931341,BMW,1 Series,hatch,2023,EU,FRA,Frankfurt am Main,on_rent,AGR-1577593,CUST-251475,"Bianchi, D.",121115,TRK802370
NV70 SLW,SLYW6ZUV9P11U9753,Mercedes-Benz,A-Class,hatch,2024,EU,MAD,Madrid Barajas,available,,,,67174,TRK802371
IS99 EVG,DXM6705YZC5EM7512,Fiat,500e,hatch,2022,EU,MXP,Milan Malpensa,available,,,,99403,TRK802372
PN56 QQC,TTHWR1T4V48NM0906,Seat,Leon,hatch,2024,EU,AMS,Amsterdam Schiphol,available,,,,23404,TRK802373
FN44 BZR,GJYHKDH3BML538375,Ford,Puma,suv,2024,EU,MUC,Munich Franz Josef Strauss,in_service,,,,57884,TRK802374
GX74 CRN,TGF30WDSMJEV01729,Citroen,C3,hatch,2022,EU,LIS,Lisbon Humberto Delgado,on_rent,AGR-3217788,CUST-512774,"Murphy, F.",42661,TRK802375
YVH4R63,SXYR26E61U8GP3232,Fiat,Cronos,sedan,2022,BR,GRU,Sao Paulo Guarulhos,in_service,,,,22021,TRK802376
KEF7D88,ANTGTUUNTPG2J3008,Fiat,Argo,hatch,2025,BR,CGH,Sao Paulo Congonhas,available,,,,16206,TRK802377
GNJ5N63,CFCAKVUK4LNX81985,Fiat,Mobi,hatch,2025,BR,GIG,Rio Galeao,on_rent,AGR-5161346,CUST-168534,"Araujo, C.",39949,TRK802378
QFS7N62,FFAY54DP1ECTT8509,Volkswagen,Polo,hatch,2024,BR,CNF,Belo Horizonte Confins,on_rent,AGR-5821345,CUST-958939,"Nascimento, K.",70893,TRK802379
ODS5L34,VPUGXAWS2G4B57834,Volkswagen,T-Cross,suv,2024,BR,CWB,Curitiba Afonso Pena,on_rent,AGR-2851729,CUST-609652,"Santos, N.",45937,TRK802380
GFI7B01,KFVPLHX7A32VE1444,Chevrolet,Onix,hatch,2024,BR,BSB,Brasilia Internacional,on_rent,AGR-1714943,CUST-662848,"Silva, N.",89692,TRK802381
KGE9S72,UHV6XM3PZK7KZ3004,Chevrolet,Tracker,suv,2023,BR,POA,Porto Alegre Salgado Filho,on_rent,AGR-8003407,CUST-966091,"Lima, D.",38712,TRK802382
NDY6T27,UJSFZ41SFY0VA1154,Hyundai,HB20,hatch,2024,BR,SSA,Salvador Deputado Magalhaes,available,,,,16563,TRK802383
JTQ-6353,WADXNAK304WPP0402,Hyundai,Elantra,sedan,2023,NA,DFW,Dallas Fort Worth,on_rent,AGR-4995521,CUST-441379,"Davis, W.",132382,TRK802384
HGQ-9108,WEYFA79FZ75YH0741,Jeep,Grand Cherokee,suv,2022,NA,ATL,Atlanta Hartsfield,available,,,,59040,TRK802385
IGF-4664,YSN2DLRX8HH9J7884,Kia,Telluride,suv,2023,NA,ORD,Chicago O'Hare,available,,,,131052,TRK802386
UHH-5992,HFXR2DB89VMR68173,Tesla,Model 3,sedan,2025,NA,LAX,Los Angeles International,available,,,,36263,TRK802387
COH-1414,WTZ5Z59J9H7AU3709,Toyota,Camry,sedan,2023,NA,MCO,Orlando International,available,,,,75683,TRK802388
HSP-5288,WUB1BETVVP5HN5629,Toyota,RAV4,suv,2023,NA,DEN,Denver International,on_rent,AGR-6229136,CUST-397914,"Jones, K.",69172,TRK802389
HGZ-5157,UGGYNPVEYM5EC1250,Chevrolet,Malibu,sedan,2022,NA,PHX,Phoenix Sky Harbor,on_rent,AGR-7532872,CUST-445924,"Brown, D.",131830,TRK802390
OBL-8826,DSCP5EEEEPSAP5517,Chevrolet,Equinox,suv,2022,NA,YYZ,Toronto Pearson,on_rent,AGR-3053426,CUST-315811,"Garcia, W.",104503,TRK802391
OG94 EAV,XXE825WEB8U2S8830,Skoda,Octavia,sedan,2024,EU,LHR,London Heathrow,available,,,,106416,TRK802392
AT89 NZJ,UUPEZVLU6AM550294,Opel,Corsa,hatch,2023,EU,CDG,Paris Charles de Gaulle,on_rent,AGR-9816238,CUST-420018,"Murphy, G.",83133,TRK802393
MT47 QXM,GYY835F0SLCCA3885,BMW,1 Series,hatch,2024,EU,FRA,Frankfurt am Main,on_rent,AGR-7576978,CUST-978591,"Murphy, C.",48871,TRK802394
XM47 WYV,JPL9CTPX9U1300058,Mercedes-Benz,A-Class,hatch,2023,EU,MAD,Madrid Barajas,on_rent,AGR-8639059,CUST-103257,"Garcia, F.",77808,TRK802395
VG82 CGW,JWRF71PDE6A0K4462,Fiat,500e,hatch,2023,EU,MXP,Milan Malpensa,available,,,,105368,TRK802396
VT72 EXR,WXGA48626P60T0771,Seat,Leon,hatch,2025,EU,AMS,Amsterdam Schiphol,on_rent,AGR-9223331,CUST-947088,"Silva, K.",97017,TRK802397
OV61 NVH,DBBKMC4H88DRL3905,Ford,Puma,suv,2023,EU,MUC,Munich Franz Josef Strauss,on_rent,AGR-8932987,CUST-183347,"Novak, S.",9756,TRK802398
YO57 BSV,JKJZE5YJDT04S1338,Citroen,C3,hatch,2024,EU,LIS,Lisbon Humberto Delgado,on_rent,AGR-9597596,CUST-597466,"Bianchi, N.",69400,TRK802399
IQH6G76,DRB6DZ609LV8B3418,Fiat,Cronos,sedan,2023,BR,GRU,Sao Paulo Guarulhos,on_rent,AGR-6649278,CUST-655511,"Costa, E.",25426,TRK802400
CAD4U35,EGAPRRMVVT0S62479,Fiat,Argo,hatch,2023,BR,CGH,Sao Paulo Congonhas,on_rent,AGR-3084832,CUST-609576,"Lima, H.",39023,TRK802401
GWS0H90,DPWTGRU09SXJN1817,Fiat,Mobi,hatch,2025,BR,GIG,Rio Galeao,in_service,,,,95575,TRK802402
DEI7Z87,NXULWRUKUAUP22997,Volkswagen,Polo,hatch,2024,BR,CNF,Belo Horizonte Confins,available,,,,100174,TRK802403
IWR2K91,KLRRFJJVA236C8034,Volkswagen,T-Cross,suv,2025,BR,CWB,Curitiba Afonso Pena,in_service,,,,121971,TRK802404
QCH7E86,JFBJTPELA4Y3M7786,Chevrolet,Onix,hatch,2023,BR,BSB,Brasilia Internacional,available,,,,33463,TRK802405
EXX0G04,JGG3YW11585PC2957,Chevrolet,Tracker,suv,2023,BR,POA,Porto Alegre Salgado Filho,available,,,,88773,TRK802406
FPD8D06,NGCPJH3URVRHU2296,Hyundai,HB20,hatch,2025,BR,SSA,Salvador Deputado Magalhaes,on_rent,AGR-1552862,CUST-797551,"Araujo, P.",139433,TRK802407
GPB-5465,FXCK7P9FVVY310102,Hyundai,Elantra,sedan,2024,NA,DFW,Dallas Fort Worth,in_service,,,,61703,TRK802408
UPM-4935,YGT7BCLKCDU2S2532,Jeep,Grand Cherokee,suv,2022,NA,ATL,Atlanta Hartsfield,available,,,,92210,TRK802409
PHM-7869,UBH5UVU1V0HRU0357,Kia,Telluride,suv,2022,NA,ORD,Chicago O'Hare,on_rent,AGR-6647948,CUST-451522,"Wilson, H.",137499,TRK802410
CUU-7369,CMW2BV9TB8LMM7298,Tesla,Model 3,sedan,2023,NA,LAX,Los Angeles International,available,,,,102917,TRK802411
BQU-1625,PNAETEH05R5TD2020,Toyota,Camry,sedan,2023,NA,MCO,Orlando International,in_service,,,,34496,TRK802412
RAI-4597,GFNGHHPZ6SKHT1571,Toyota,RAV4,suv,2023,NA,DEN,Denver International,available,,,,22969,TRK802413
OJU-1298,XSZG6V1U168NV1016,Chevrolet,Malibu,sedan,2024,NA,PHX,Phoenix Sky Harbor,on_rent,AGR-1514210,CUST-262855,"Taylor, T.",80673,TRK802414
NPL-7431,LBA1B7VVTKV0K9122,Chevrolet,Equinox,suv,2024,NA,YYZ,Toronto Pearson,on_rent,AGR-1481747,CUST-186049,"Miller, L.",25860,TRK802415
CN27 QXU,AFN6HB9JYJRYN2004,Skoda,Octavia,sedan,2023,EU,LHR,London Heathrow,on_rent,AGR-8084025,CUST-653185,"Dubois, J.",43210,TRK802416
BB91 UEZ,REW5V6H7686B25679,Opel,Corsa,hatch,2024,EU,CDG,Paris Charles de Gaulle,available,,,,85020,TRK802417
FM90 YWG,CHZKGU1WZ4ZAM2097,BMW,1 Series,hatch,2022,EU,FRA,Frankfurt am Main,on_rent,AGR-4961925,CUST-670538,"Jansen, F.",133720,TRK802418
JP84 WOU,AJWZE5B1R2LEM5078,Mercedes-Benz,A-Class,hatch,2023,EU,MAD,Madrid Barajas,on_rent,AGR-3800518,CUST-639350,"Novak, M.",86911,TRK802419
QI35 CAO,KVCGVTHBVD00A0854,Fiat,500e,hatch,2022,EU,MXP,Milan Malpensa,on_rent,AGR-9944801,CUST-688750,"Kowalski, B.",106477,TRK802420
BC24 MFQ,ACP2WFA6WP2WY2462,Seat,Leon,hatch,2022,EU,AMS,Amsterdam Schiphol,on_rent,AGR-9448755,CUST-970750,"Silva, A.",15443,TRK802421
AB29 NVP,CPCW8WVLEMGD57008,Ford,Puma,suv,2022,EU,MUC,Munich Franz Josef Strauss,on_rent,AGR-2234262,CUST-666099,"Andersson, T.",30774,TRK802422
HB13 JVI,WEFHTWS6TT77P7591,Citroen,C3,hatch,2022,EU,LIS,Lisbon Humberto Delgado,on_rent,AGR-1829670,CUST-198083,"Muller, F.",66534,TRK802423
ZPD9K42,SFV2CG4ETL4WR8134,Fiat,Cronos,sedan,2025,BR,GRU,Sao Paulo Guarulhos,on_rent,AGR-4859714,CUST-780182,"Rodrigues, E.",113438,TRK802424
DFY1W46,CYB16BBHU6D560001,Fiat,Argo,hatch,2023,BR,CGH,Sao Paulo Congonhas,on_rent,AGR-6474580,CUST-645113,"Silva, R.",85874,TRK802425
VSH8P77,MWNEKLFLHS7TR2834,Fiat,Mobi,hatch,2023,BR,GIG,Rio Galeao,on_rent,AGR-1793038,CUST-109490,"Souza, R.",98104,TRK802426
BQC5C88,UZAWYEDUBT4JK6496,Volkswagen,Polo,hatch,2023,BR,CNF,Belo Horizonte Confins,available,,,,67165,TRK802427
ENN8T90,RKFXLV4H4BPN81600,Volkswagen,T-Cross,suv,2025,BR,CWB,Curitiba Afonso Pena,on_rent,AGR-7802250,CUST-461859,"Souza, S.",16772,TRK802428
NQJ9F56,FMJMAC9H18C242234,Chevrolet,Onix,hatch,2023,BR,BSB,Brasilia Internacional,on_rent,AGR-5732502,CUST-304013,"Nascimento, R.",12818,TRK802429
SJD4V16,YZV33K27VXG6B8346,Chevrolet,Tracker,suv,2023,BR,POA,Porto Alegre Salgado Filho,available,,,,22760,TRK802430
WOA2J79,CCPEKWVWT9XHR7224,Hyundai,HB20,hatch,2024,BR,SSA,Salvador Deputado Magalhaes,on_rent,AGR-4506007,CUST-102072,"Araujo, R.",72183,TRK802431
EPT-1457,ZBNZGSJBYFKPV6341,Hyundai,Elantra,sedan,2023,NA,DFW,Dallas Fort Worth,on_rent,AGR-7128388,CUST-637837,"Taylor, R.",56358,TRK802432
KNZ-5764,KHDDA7PR4CTZB3592,Jeep,Grand Cherokee,suv,2023,NA,ATL,Atlanta Hartsfield,on_rent,AGR-3437414,CUST-752960,"Taylor, B.",76383,TRK802433
JBP-3183,KTB6ZXX6Y1G5L2616,Kia,Telluride,suv,2024,NA,ORD,Chicago O'Hare,available,,,,127842,TRK802434
OUX-4349,PCHB2K3SFAACR2816,Tesla,Model 3,sedan,2025,NA,LAX,Los Angeles International,available,,,,105197,TRK802435
STC-2710,CGAXETR5SW7VU9731,Toyota,Camry,sedan,2024,NA,MCO,Orlando International,available,,,,72636,TRK802436
FNV-6956,VSB3VDA78V4855805,Toyota,RAV4,suv,2022,NA,DEN,Denver International,on_rent,AGR-8451739,CUST-782427,"Smith, N.",64686,TRK802437
IEN-8998,TPCVZH0LKN7816680,Chevrolet,Malibu,sedan,2022,NA,PHX,Phoenix Sky Harbor,on_rent,AGR-3124866,CUST-872147,"Miller, T.",22143,TRK802438
QOP-2658,ZZM8Y69NZED4Y9472,Chevrolet,Equinox,suv,2023,NA,YYZ,Toronto Pearson,in_service,,,,28958,TRK802439
WZ60 CAS,CET9XYLRNCDYU7653,Skoda,Octavia,sedan,2023,EU,LHR,London Heathrow,on_rent,AGR-3630667,CUST-542032,"Novak, F.",35953,TRK802440
KV27 PVT,YJHJ2W4S9YSUG7877,Opel,Corsa,hatch,2024,EU,CDG,Paris Charles de Gaulle,available,,,,11716,TRK802441
HC12 MMM,BEWY9KM7CNT031247,BMW,1 Series,hatch,2025,EU,FRA,Frankfurt am Main,on_rent,AGR-5370350,CUST-934448,"Silva, A.",90756,TRK802442
GU61 GVZ,EPFEXL1MJD9BT0164,Mercedes-Benz,A-Class,hatch,2023,EU,MAD,Madrid Barajas,on_rent,AGR-9082208,CUST-687302,"Novak, N.",15372,TRK802443
KT43 WLQ,SZB9D1X42MRK20366,Fiat,500e,hatch,2024,EU,MXP,Milan Malpensa,in_service,,,,58814,TRK802444
JX12 URP,ZJDLP1WMYTGKR4057,Seat,Leon,hatch,2024,EU,AMS,Amsterdam Schiphol,available,,,,83254,TRK802445
WB46 YGM,MKL54U33B89UM6913,Ford,Puma,suv,2024,EU,MUC,Munich Franz Josef Strauss,available,,,,25743,TRK802446
XD69 ZRV,CKT2RPR6KT9749545,Citroen,C3,hatch,2023,EU,LIS,Lisbon Humberto Delgado,on_rent,AGR-7399848,CUST-664449,"Kowalski, M.",31003,TRK802447
JPZ1R49,VKY4E3G23ZT8E5200,Fiat,Cronos,sedan,2025,BR,GRU,Sao Paulo Guarulhos,on_rent,AGR-6495874,CUST-765181,"Rodrigues, D.",130062,TRK802448
CEK9K29,LGX8J7AUTSB2U9201,Fiat,Argo,hatch,2023,BR,CGH,Sao Paulo Congonhas,in_service,,,,13736,TRK802449
QRK4C08,CZD815N29R5MP4166,Fiat,Mobi,hatch,2025,BR,GIG,Rio Galeao,on_rent,AGR-3538073,CUST-586231,"Araujo, R.",125959,TRK802450
RPN4X55,TTA1GL9R1M6ZP4804,Volkswagen,Polo,hatch,2025,BR,CNF,Belo Horizonte Confins,available,,,,34656,TRK802451
DDE2G09,KJUSETUZ2BLPH8923,Volkswagen,T-Cross,suv,2023,BR,CWB,Curitiba Afonso Pena,available,,,,106115,TRK802452
OKZ2N44,SBBNT8JJC92556981,Chevrolet,Onix,hatch,2022,BR,BSB,Brasilia Internacional,in_service,,,,89165,TRK802453
XZX6C24,NCL600DYG97906871,Chevrolet,Tracker,suv,2024,BR,POA,Porto Alegre Salgado Filho,available,,,,99556,TRK802454
KOC5L42,NEZCJYTKT4JMW8359,Hyundai,HB20,hatch,2023,BR,SSA,Salvador Deputado Magalhaes,available,,,,104566,TRK802455
ASK-2001,MNAD8RS8M63E65967,Hyundai,Elantra,sedan,2023,NA,DFW,Dallas Fort Worth,on_rent,AGR-1422898,CUST-633917,"Davis, B.",44527,TRK802456
XNR-8303,APK53Z340X9UY2803,Jeep,Grand Cherokee,suv,2023,NA,ATL,Atlanta Hartsfield,available,,,,23240,TRK802457
IGJ-2519,RCY33EMY2MEEK9709,Kia,Telluride,suv,2023,NA,ORD,Chicago O'Hare,on_rent,AGR-5099045,CUST-756215,"Davis, K.",126874,TRK802458
FQM-4358,NVXEG54P8NTH66542,Tesla,Model 3,sedan,2023,NA,LAX,Los Angeles International,on_rent,AGR-1825987,CUST-552438,"Jones, G.",47036,TRK802459
QEM-3890,RELTFF2399H457768,Toyota,Camry,sedan,2024,NA,MCO,Orlando International,on_rent,AGR-2983442,CUST-485506,"Garcia, G.",71926,TRK802460
DYW-3604,PWHT0Y2XCPP6E1535,Toyota,RAV4,suv,2022,NA,DEN,Denver International,on_rent,AGR-5036220,CUST-760723,"Wilson, W.",64714,TRK802461
ZPL-7206,RKLFWY2SG98PT3414,Chevrolet,Malibu,sedan,2024,NA,PHX,Phoenix Sky Harbor,on_rent,AGR-7104934,CUST-171223,"Miller, A.",89790,TRK802462
RCJ-6430,JBH8XH6MGUGB95963,Chevrolet,Equinox,suv,2023,NA,YYZ,Toronto Pearson,available,,,,126898,TRK802463
IC95 DJV,TNFYZC8ZJLC7A9374,Skoda,Octavia,sedan,2025,EU,LHR,London Heathrow,on_rent,AGR-3094047,CUST-758171,"Andersson, P.",126444,TRK802464
SH64 RXO,BCS94P5GWJG230989,Opel,Corsa,hatch,2023,EU,CDG,Paris Charles de Gaulle,on_rent,AGR-5253945,CUST-820549,"Garcia, C.",102177,TRK802465
FJ91 JYV,XYM2EZDKXUHLB3073,BMW,1 Series,hatch,2023,EU,FRA,Frankfurt am Main,on_rent,AGR-6354424,CUST-308913,"Bianchi, S.",92596,TRK802466
YL25 JLJ,YNER2LMEZPNNZ5540,Mercedes-Benz,A-Class,hatch,2024,EU,MAD,Madrid Barajas,on_rent,AGR-2647239,CUST-869794,"Schmidt, T.",43425,TRK802467
LZ81 KGW,WDD4E3D95B6U67412,Fiat,500e,hatch,2024,EU,MXP,Milan Malpensa,on_rent,AGR-3338618,CUST-473776,"Dubois, R.",27639,TRK802468
DE65 KZE,XTD03VJX40NGJ0607,Seat,Leon,hatch,2023,EU,AMS,Amsterdam Schiphol,on_rent,AGR-5126246,CUST-948025,"Silva, B.",51707,TRK802469
TH58 EEH,HWGRHUNHKUP905942,Ford,Puma,suv,2023,EU,MUC,Munich Franz Josef Strauss,available,,,,127031,TRK802470
FV92 TVB,SSFT8PBD82ST97407,Citroen,C3,hatch,2023,EU,LIS,Lisbon Humberto Delgado,on_rent,AGR-6705127,CUST-927533,"Muller, S.",120656,TRK802471
QQF2E61,EYKZLE4YZMZXZ7920,Fiat,Cronos,sedan,2023,BR,GRU,Sao Paulo Guarulhos,in_service,,,,60264,TRK802472
OOA3P80,GRVSX92CTV7GS6048,Fiat,Argo,hatch,2022,BR,CGH,Sao Paulo Congonhas,available,,,,77470,TRK802473
TXO0R28,KBP9R9PESKK4H8827,Fiat,Mobi,hatch,2024,BR,GIG,Rio Galeao,on_rent,AGR-9221175,CUST-561554,"Carvalho, K.",74181,TRK802474
RSQ8W95,BVGA1VRJJ4XNN2123,Volkswagen,Polo,hatch,2023,BR,CNF,Belo Horizonte Confins,available,,,,90687,TRK802475
KEK0A97,GBUWCXT3BXX3C4094,Volkswagen,T-Cross,suv,2023,BR,CWB,Curitiba Afonso Pena,in_service,,,,123487,TRK802476
BGW9E65,MTPWHER1JZFFS2251,Chevrolet,Onix,hatch,2025,BR,BSB,Brasilia Internacional,on_rent,AGR-2915297,CUST-560094,"Araujo, L.",86044,TRK802477
RZQ8A86,YNYN4E57HATVC0255,Chevrolet,Tracker,suv,2024,BR,POA,Porto Alegre Salgado Filho,in_service,,,,59355,TRK802478
JMC0X58,UZDAVWG7XULLZ9054,Hyundai,HB20,hatch,2024,BR,SSA,Salvador Deputado Magalhaes,in_service,,,,102699,TRK802479
UDQ-6949,PEHFDF7SYB32F7410,Hyundai,Elantra,sedan,2023,NA,DFW,Dallas Fort Worth,on_rent,AGR-6146912,CUST-772954,"Davis, B.",103799,TRK802480
KLE-1566,XAGNA1PX2C89T3966,Jeep,Grand Cherokee,suv,2025,NA,ATL,Atlanta Hartsfield,on_rent,AGR-1036614,CUST-315774,"Smith, S.",16749,TRK802481
YXM-2654,EXMY7ACC7T1C38836,Kia,Telluride,suv,2025,NA,ORD,Chicago O'Hare,on_rent,AGR-4103627,CUST-811899,"Anderson, M.",19574,TRK802482
LGB-9337,AKBAWT4WY6AZF4020,Tesla,Model 3,sedan,2023,NA,LAX,Los Angeles International,available,,,,95322,TRK802483
XPV-9181,TDNB7HAXTPUMV0352,Toyota,Camry,sedan,2024,NA,MCO,Orlando International,on_rent,AGR-8115554,CUST-258197,"Johnson, J.",15279,TRK802484
UDD-5317,CBNJLMZB01G484430,Toyota,RAV4,suv,2023,NA,DEN,Denver International,on_rent,AGR-7028756,CUST-230475,"Miller, D.",40748,TRK802485
PTZ-9490,HFXEAFRVV1PDK2401,Chevrolet,Malibu,sedan,2023,NA,PHX,Phoenix Sky Harbor,on_rent,AGR-2113249,CUST-620356,"Smith, D.",120790,TRK802486
LEI-5091,ATS7D06S51K462971,Chevrolet,Equinox,suv,2022,NA,YYZ,Toronto Pearson,on_rent,AGR-3189557,CUST-503715,"Johnson, B.",99129,TRK802487
YM70 INW,WSRZ1CJC6UEDK8909,Skoda,Octavia,sedan,2023,EU,LHR,London Heathrow,available,,,,79521,TRK802488
PC72 ODK,LPKRGF99GSRE68751,Opel,Corsa,hatch,2025,EU,CDG,Paris Charles de Gaulle,in_service,,,,63501,TRK802489
UF59 GIG,BWEUA1JZ8G17N2380,BMW,1 Series,hatch,2022,EU,FRA,Frankfurt am Main,on_rent,AGR-8558016,CUST-904407,"Garcia, W.",89135,TRK802490
FJ71 DKV,FLUSXE3C6RVB68838,Mercedes-Benz,A-Class,hatch,2024,EU,MAD,Madrid Barajas,available,,,,68329,TRK802491
AZ97 RLU,RZGHSUWMX35MJ2488,Fiat,500e,hatch,2025,EU,MXP,Milan Malpensa,on_rent,AGR-3234942,CUST-793577,"Schmidt, S.",56622,TRK802492
FB16 XKW,HPU3UHELFB26X8012,Seat,Leon,hatch,2024,EU,AMS,Amsterdam Schiphol,available,,,,83451,TRK802493
XC18 LHU,AWD9Y3VCRSB3T2479,Ford,Puma,suv,2024,EU,MUC,Munich Franz Josef Strauss,in_service,,,,130923,TRK802494
NP43 LAO,CPEE9N8UNPMVM7274,Citroen,C3,hatch,2024,EU,LIS,Lisbon Humberto Delgado,on_rent,AGR-9621816,CUST-228611,"Dubois, F.",55277,TRK802495
XVI0P92,JGXDWAV0XPDEN2885,Fiat,Cronos,sedan,2023,BR,GRU,Sao Paulo Guarulhos,on_rent,AGR-3805539,CUST-304438,"Almeida, K.",98951,TRK802496
CBM3P67,CZDUFDMGCHMY42189,Fiat,Argo,hatch,2024,BR,CGH,Sao Paulo Congonhas,available,,,,42698,TRK802497
OZA4T94,CVG7WE8ECL6M36787,Fiat,Mobi,hatch,2023,BR,GIG,Rio Galeao,on_rent,AGR-4170968,CUST-982158,"Souza, K.",106781,TRK802498
HRX9R30,HGGVYDEL3LAMZ1111,Volkswagen,Polo,hatch,2023,BR,CNF,Belo Horizonte Confins,available,,,,89186,TRK802499
MJE2O25,BBPFSJW2HX3J88690,Volkswagen,T-Cross,suv,2025,BR,CWB,Curitiba Afonso Pena,on_rent,AGR-1752504,CUST-384274,"Carvalho, W.",90018,TRK802500
VOP9S30,TAJV27F0CWU0H9701,Chevrolet,Onix,hatch,2022,BR,BSB,Brasilia Internacional,on_rent,AGR-2645723,CUST-873182,"Rodrigues, R.",119635,TRK802501
PXC3N21,FLMYJ40F988473611,Chevrolet,Tracker,suv,2025,BR,POA,Porto Alegre Salgado Filho,on_rent,AGR-9503512,CUST-632839,"Costa, C.",70422,TRK802502
SKP2Y32,CPUMZGNDRZ42N3270,Hyundai,HB20,hatch,2025,BR,SSA,Salvador Deputado Magalhaes,available,,,,73590,TRK802503
ZGB-9842,CBSEHNSN4E1XA6360,Hyundai,Elantra,sedan,2024,NA,DFW,Dallas Fort Worth,on_rent,AGR-6041207,CUST-994540,"Anderson, L.",25504,TRK802504
AUW-3986,SDLB8VFXA8TCU1829,Jeep,Grand Cherokee,suv,2024,NA,ATL,Atlanta Hartsfield,on_rent,AGR-2849216,CUST-498785,"Martinez, C.",52836,TRK802505
EJU-6254,AGLWDPKB47CMX6470,Kia,Telluride,suv,2022,NA,ORD,Chicago O'Hare,on_rent,AGR-6199992,CUST-374552,"Jones, A.",87902,TRK802506
WTC-2805,AYRKUNM2SPF0B0110,Tesla,Model 3,sedan,2022,NA,LAX,Los Angeles International,on_rent,AGR-8105699,CUST-663434,"Taylor, N.",14738,TRK802507
IOA-5286,FTKZL34CSX8JM0327,Toyota,Camry,sedan,2024,NA,MCO,Orlando International,on_rent,AGR-4976966,CUST-247626,"Taylor, B.",99073,TRK802508
SHF-7278,WKJRKE618781Y7138,Toyota,RAV4,suv,2025,NA,DEN,Denver International,on_rent,AGR-6730134,CUST-644875,"Brown, M.",125172,TRK802509
TFO-9107,WGJDBG1YG9SZ01955,Chevrolet,Malibu,sedan,2024,NA,PHX,Phoenix Sky Harbor,on_rent,AGR-6908892,CUST-163953,"Johnson, R.",12281,TRK802510
ZWY-9439,DMRCUUK0T07B10309,Chevrolet,Equinox,suv,2023,NA,YYZ,Toronto Pearson,available,,,,131808,TRK802511
JO61 KTK,KKBZM0CYA4D1K1505,Skoda,Octavia,sedan,2024,EU,LHR,London Heathrow,on_rent,AGR-1285985,CUST-645246,"Schmidt, K.",102215,TRK802512
RP39 RJH,EFDPSEJCYTZ9N2103,Opel,Corsa,hatch,2023,EU,CDG,Paris Charles de Gaulle,available,,,,48535,TRK802513
TL51 ZOL,LHTEP1UNG4C1X4491,BMW,1 Series,hatch,2023,EU,FRA,Frankfurt am Main,on_rent,AGR-5166833,CUST-233699,"Murphy, S.",126054,TRK802514
VX67 VAV,HEX8ZX3BU13N81001,Mercedes-Benz,A-Class,hatch,2024,EU,MAD,Madrid Barajas,on_rent,AGR-2923322,CUST-131978,"Silva, K.",108495,TRK802515
KG27 HRM,GYXXXDSJ97VMX2628,Fiat,500e,hatch,2023,EU,MXP,Milan Malpensa,on_rent,AGR-9637178,CUST-854672,"Schmidt, A.",60280,TRK802516
XG80 BYU,UPW5536XKLM8V5243,Seat,Leon,hatch,2025,EU,AMS,Amsterdam Schiphol,on_rent,AGR-4337569,CUST-619894,"Muller, A.",105067,TRK802517
CC60 TEP,SXBFE4EUG1FUL7380,Ford,Puma,suv,2022,EU,MUC,Munich Franz Josef Strauss,on_rent,AGR-8104107,CUST-653324,"Silva, S.",11989,TRK802518
AL72 YIJ,TSAE5Y6XHXJ1X2991,Citroen,C3,hatch,2023,EU,LIS,Lisbon Humberto Delgado,on_rent,AGR-3391702,CUST-651456,"Jansen, G.",34241,TRK802519
ZWB7F49,PWH7PZMB6U9PE9855,Fiat,Cronos,sedan,2023,BR,GRU,Sao Paulo Guarulhos,on_rent,AGR-7541886,CUST-324109,"Nascimento, J.",25739,TRK802520
GZI2M96,VFPEKGKD0G71P5050,Fiat,Argo,hatch,2023,BR,CGH,Sao Paulo Congonhas,on_rent,AGR-9888404,CUST-740761,"Costa, A.",111616,TRK802521
NMX8A62,GKLW71W6WZ1TN5303,Fiat,Mobi,hatch,2022,BR,GIG,Rio Galeao,on_rent,AGR-3885254,CUST-548163,"Lima, S.",62479,TRK802522
MLP9N50,RMT5DKEJHWVRA3799,Volkswagen,Polo,hatch,2024,BR,CNF,Belo Horizonte Confins,on_rent,AGR-7455823,CUST-527698,"Carvalho, H.",32070,TRK802523
TPP6P92,XJBGN1SAN575N6112,Volkswagen,T-Cross,suv,2024,BR,CWB,Curitiba Afonso Pena,in_service,,,,89363,TRK802524
DUG6E33,YUAHUXXECFM397598,Chevrolet,Onix,hatch,2024,BR,BSB,Brasilia Internacional,available,,,,127596,TRK802525
DIC3K95,BGZVL5K4B14416305,Chevrolet,Tracker,suv,2024,BR,POA,Porto Alegre Salgado Filho,available,,,,50145,TRK802526
JON1D42,LUKXCZK00743N2313,Hyundai,HB20,hatch,2022,BR,SSA,Salvador Deputado Magalhaes,on_rent,AGR-3817684,CUST-377372,"Silva, S.",100700,TRK802527
MJL-4303,HTGWED72VKVS13163,Hyundai,Elantra,sedan,2022,NA,DFW,Dallas Fort Worth,available,,,,56507,TRK802528
JCF-8878,MSV0BW83CMAP42531,Jeep,Grand Cherokee,suv,2022,NA,ATL,Atlanta Hartsfield,on_rent,AGR-9900483,CUST-575790,"Garcia, L.",102846,TRK802529
OBD-3175,TAUW2CH67SCT40576,Kia,Telluride,suv,2022,NA,ORD,Chicago O'Hare,available,,,,33597,TRK802530
EZO-1358,BLP2ZTCJ5R8K69811,Tesla,Model 3,sedan,2023,NA,LAX,Los Angeles International,available,,,,103395,TRK802531
XCY-9885,GVLXTNCECLR8H1844,Toyota,Camry,sedan,2024,NA,MCO,Orlando International,on_rent,AGR-6819164,CUST-186746,"Davis, W.",129920,TRK802532
ULN-9397,SVNWCWPR2LTUN2343,Toyota,RAV4,suv,2022,NA,DEN,Denver International,available,,,,98836,TRK802533
MXI-9541,ADBM75ZJ8RK702571,Chevrolet,Malibu,sedan,2023,NA,PHX,Phoenix Sky Harbor,on_rent,AGR-1847194,CUST-483480,"Martinez, H.",71005,TRK802534
MFX-8332,HYUBVS1UW2S9P0073,Chevrolet,Equinox,suv,2024,NA,YYZ,Toronto Pearson,on_rent,AGR-2350832,CUST-802705,"Davis, F.",133759,TRK802535
NW17 ZMU,VWHBF8CUYFSMG0781,Skoda,Octavia,sedan,2022,EU,LHR,London Heathrow,on_rent,AGR-8996197,CUST-324426,"Dubois, C.",26776,TRK802536
PJ95 VUD,WWH8VFEH1MSFL4761,Opel,Corsa,hatch,2024,EU,CDG,Paris Charles de Gaulle,on_rent,AGR-4106974,CUST-361722,"Rossi, N.",28097,TRK802537
MH85 AOI,EYNUDDZ5B910B3645,BMW,1 Series,hatch,2025,EU,FRA,Frankfurt am Main,available,,,,97585,TRK802538
YV35 CJC,RYHFR7AEDC5GM4582,Mercedes-Benz,A-Class,hatch,2025,EU,MAD,Madrid Barajas,on_rent,AGR-8410823,CUST-468338,"Dubois, L.",82136,TRK802539
YM68 WCH,EEYEV11F6FKSK4777,Fiat,500e,hatch,2023,EU,MXP,Milan Malpensa,in_service,,,,120250,TRK802540
RH34 WEV,PMB07B4ZKERKM9842,Seat,Leon,hatch,2022,EU,AMS,Amsterdam Schiphol,available,,,,15555,TRK802541
ZS85 CUG,KPU2R1RNS497Y5096,Ford,Puma,suv,2024,EU,MUC,Munich Franz Josef Strauss,in_service,,,,48097,TRK802542
WO73 EPY,LXGTRY3VDK8618362,Citroen,C3,hatch,2024,EU,LIS,Lisbon Humberto Delgado,on_rent,AGR-4426595,CUST-213933,"Andersson, T.",103144,TRK802543
HWJ2V81,ALPSZ1WENASVL6365,Fiat,Cronos,sedan,2023,BR,GRU,Sao Paulo Guarulhos,available,,,,107904,TRK802544
LHU0Z24,NDA1HU1M6016M0053,Fiat,Argo,hatch,2022,BR,CGH,Sao Paulo Congonhas,in_service,,,,30387,TRK802545
NOL2A46,VHLG5PYAFYGBG7591,Fiat,Mobi,hatch,2023,BR,GIG,Rio Galeao,on_rent,AGR-3502653,CUST-781645,"Pereira, W.",49721,TRK802546
CSR4N87,MNG7S1DBZGXK68091,Volkswagen,Polo,hatch,2023,BR,CNF,Belo Horizonte Confins,on_rent,AGR-8223422,CUST-902289,"Souza, M.",74384,TRK802547
DJG0V19,MEB081JAT2XBL3874,Volkswagen,T-Cross,suv,2023,BR,CWB,Curitiba Afonso Pena,available,,,,134021,TRK802548
BYN1M08,HDX97W5UBSUSZ7806,Chevrolet,Onix,hatch,2023,BR,BSB,Brasilia Internacional,on_rent,AGR-3348099,CUST-267990,"Souza, H.",46029,TRK802549
YKJ9X47,RCY5V0JGK4PCR1992,Chevrolet,Tracker,suv,2023,BR,POA,Porto Alegre Salgado Filho,on_rent,AGR-6618853,CUST-996432,"Santos, W.",38323,TRK802550
PZB4S13,MND03Y8U3WRZN1159,Hyundai,HB20,hatch,2024,BR,SSA,Salvador Deputado Magalhaes,on_rent,AGR-5884185,CUST-879935,"Silva, P.",80860,TRK802551
DXZ-3200,TFS8GA47UUJXA4420,Hyundai,Elantra,sedan,2024,NA,DFW,Dallas Fort Worth,on_rent,AGR-5133670,CUST-933905,"Williams, L.",80813,TRK802552
GPL-4248,HJMBD5ZY7SGRV5644,Jeep,Grand Cherokee,suv,2024,NA,ATL,Atlanta Hartsfield,in_service,,,,25949,TRK802553
JUZ-8474,PTBX8MXVN4C5L4563,Kia,Telluride,suv,2024,NA,ORD,Chicago O'Hare,available,,,,27954,TRK802554
ETJ-5515,JRXBY8KNLYRYL1103,Tesla,Model 3,sedan,2022,NA,LAX,Los Angeles International,on_rent,AGR-5784941,CUST-654178,"Wilson, H.",125353,TRK802555
ACJ-5451,SDMWY4GHMPS5G0633,Toyota,Camry,sedan,2024,NA,MCO,Orlando International,available,,,,19118,TRK802556
MIA-6334,HMEEB8WSYC3LW2958,Toyota,RAV4,suv,2022,NA,DEN,Denver International,on_rent,AGR-9557910,CUST-551689,"Jones, L.",94849,TRK802557
ISS-4637,XZWHNAAV60NLG8050,Chevrolet,Malibu,sedan,2022,NA,PHX,Phoenix Sky Harbor,on_rent,AGR-1933313,CUST-842012,"Miller, W.",8634,TRK802558
ALX-7692,XHHSG3VT9AV5A9138,Chevrolet,Equinox,suv,2024,NA,YYZ,Toronto Pearson,available,,,,40303,TRK802559
OF57 JBO,SJU4TZ90HDA587564,Skoda,Octavia,sedan,2024,EU,LHR,London Heathrow,on_rent,AGR-4656204,CUST-218608,"Kowalski, R.",30323,TRK802560
IG71 RVR,SFJ8WNZ5H1RL35431,Opel,Corsa,hatch,2024,EU,CDG,Paris Charles de Gaulle,available,,,,56807,TRK802561
OB57 TUI,UURMCH2XDBJNR8896,BMW,1 Series,hatch,2024,EU,FRA,Frankfurt am Main,available,,,,139122,TRK802562
CB80 FER,DVJ3DCGXWNFDR7253,Mercedes-Benz,A-Class,hatch,2024,EU,MAD,Madrid Barajas,available,,,,53035,TRK802563
NP91 QDG,TYEE66TYSHVLF3990,Fiat,500e,hatch,2023,EU,MXP,Milan Malpensa,available,,,,126732,TRK802564
FF67 AMV,XVSYWYF2KBZL37380,Seat,Leon,hatch,2024,EU,AMS,Amsterdam Schiphol,available,,,,19786,TRK802565
NZ39 MVH,EACNKR484G5BB8791,Ford,Puma,suv,2025,EU,MUC,Munich Franz Josef Strauss,available,,,,95596,TRK802566
SI83 EUN,YLY67MZ3B0BD55310,Citroen,C3,hatch,2025,EU,LIS,Lisbon Humberto Delgado,on_rent,AGR-3791745,CUST-206439,"Schmidt, W.",49057,TRK802567
JXH5X92,WSH03TLX9XC366819,Fiat,Cronos,sedan,2025,BR,GRU,Sao Paulo Guarulhos,on_rent,AGR-6675656,CUST-679498,"Lima, M.",53690,TRK802568
KNQ1Y41,JXAPA6VXBU89B3716,Fiat,Argo,hatch,2025,BR,CGH,Sao Paulo Congonhas,on_rent,AGR-5750585,CUST-883317,"Costa, S.",94856,TRK802569
MXV6O83,JXA06KWURPCNR0384,Fiat,Mobi,hatch,2024,BR,GIG,Rio Galeao,on_rent,AGR-2467566,CUST-252839,"Lima, B.",55411,TRK802570
MFF4Y58,DUBC4JFW63JLB6223,Volkswagen,Polo,hatch,2022,BR,CNF,Belo Horizonte Confins,available,,,,11453,TRK802571
SOK2F09,RTATTYVKZ4ZC01099,Volkswagen,T-Cross,suv,2024,BR,CWB,Curitiba Afonso Pena,on_rent,AGR-4403280,CUST-823190,"Carvalho, P.",119382,TRK802572
CRS1H40,LWPPWAW9Y7ZG74985,Chevrolet,Onix,hatch,2024,BR,BSB,Brasilia Internacional,on_rent,AGR-7376004,CUST-293884,"Carvalho, H.",72512,TRK802573
OVP1X52,JCT7GT3G59EUC2378,Chevrolet,Tracker,suv,2023,BR,POA,Porto Alegre Salgado Filho,on_rent,AGR-9702278,CUST-130956,"Araujo, F.",111685,TRK802574
BSN7H68,PNSN4UPDVRW1F2835,Hyundai,HB20,hatch,2024,BR,SSA,Salvador Deputado Magalhaes,on_rent,AGR-6061619,CUST-750983,"Nascimento, C.",134034,TRK802575
RUG-4483,NBDJUY7N45BY33945,Hyundai,Elantra,sedan,2023,NA,DFW,Dallas Fort Worth,on_rent,AGR-3847606,CUST-411073,"Taylor, T.",125199,TRK802576
YXH-5969,AUC8YMZHAYVPK7401,Jeep,Grand Cherokee,suv,2024,NA,ATL,Atlanta Hartsfield,on_rent,AGR-4120285,CUST-990851,"Williams, R.",86107,TRK802577
TUM-4367,HSD4CL7W1W7TL0866,Kia,Telluride,suv,2024,NA,ORD,Chicago O'Hare,on_rent,AGR-2842360,CUST-590476,"Smith, G.",36666,TRK802578
NSI-6398,HZZGLMKAW8HHV5665,Tesla,Model 3,sedan,2023,NA,LAX,Los Angeles International,in_service,,,,91162,TRK802579
VBC-5626,TEWACXBPRTL0R6839,Toyota,Camry,sedan,2022,NA,MCO,Orlando International,available,,,,52451,TRK802580
LAH-6307,MMU633TS1NUXX3043,Toyota,RAV4,suv,2025,NA,DEN,Denver International,on_rent,AGR-2760856,CUST-296922,"Miller, A.",121081,TRK802581
NHX-4833,STEFU70YVA46R3242,Chevrolet,Malibu,sedan,2025,NA,PHX,Phoenix Sky Harbor,available,,,,22536,TRK802582
IPF-2667,LGLX21DMZV5Y33050,Chevrolet,Equinox,suv,2022,NA,YYZ,Toronto Pearson,on_rent,AGR-1882677,CUST-792347,"Taylor, M.",94237,TRK802583
SA17 UKF,VWJ9E8NNGCCGA3451,Skoda,Octavia,sedan,2023,EU,LHR,London Heathrow,in_service,,,,47909,TRK802584
UG41 WAG,NXCF88YU0GXGK8134,Opel,Corsa,hatch,2025,EU,CDG,Paris Charles de Gaulle,on_rent,AGR-4858145,CUST-112537,"Murphy, T.",66824,TRK802585
RP63 MPQ,KLGCJCFNWZKEW0645,BMW,1 Series,hatch,2022,EU,FRA,Frankfurt am Main,available,,,,14059,TRK802586
CG60 GPW,LAP1L3EFP67SF7841,Mercedes-Benz,A-Class,hatch,2024,EU,MAD,Madrid Barajas,in_service,,,,54712,TRK802587
ZF54 HAH,JYX8U0AVFB8S87377,Fiat,500e,hatch,2023,EU,MXP,Milan Malpensa,on_rent,AGR-9683231,CUST-586526,"Muller, E.",85618,TRK802588
AY33 SHT,XZJ0TNTWNRHN57236,Seat,Leon,hatch,2022,EU,AMS,Amsterdam Schiphol,available,,,,125837,TRK802589
XF23 GRJ,GGE5FE233JAMR0023,Ford,Puma,suv,2023,EU,MUC,Munich Franz Josef Strauss,on_rent,AGR-1484654,CUST-888589,"Rossi, G.",72809,TRK802590
LE16 AWF,LMND5ZU0UAE7H3961,Citroen,C3,hatch,2024,EU,LIS,Lisbon Humberto Delgado,available,,,,40418,TRK802591
TNE7N30,ABVYREBL8WFVR7959,Fiat,Cronos,sedan,2023,BR,GRU,Sao Paulo Guarulhos,in_service,,,,20489,TRK802592
LYM9J08,KHCK16FXKAPFC7568,Fiat,Argo,hatch,2022,BR,CGH,Sao Paulo Congonhas,on_rent,AGR-9630792,CUST-714653,"Lima, F.",100180,TRK802593
LNV3Q01,FYUM94933J5SH9080,Fiat,Mobi,hatch,2025,BR,GIG,Rio Galeao,available,,,,54458,TRK802594
BGE1Q59,AHWP2HAEPG0846747,Volkswagen,Polo,hatch,2024,BR,CNF,Belo Horizonte Confins,on_rent,AGR-1758387,CUST-546242,"Almeida, C.",102007,TRK802595
YFN5L52,DMYYV8EMN5X8W4596,Volkswagen,T-Cross,suv,2025,BR,CWB,Curitiba Afonso Pena,on_rent,AGR-5975076,CUST-577484,"Nascimento, F.",43119,TRK802596
HMB6W64,KKS0UYK04AR198310,Chevrolet,Onix,hatch,2024,BR,BSB,Brasilia Internacional,on_rent,AGR-1916123,CUST-124511,"Araujo, R.",47123,TRK802597
ELV8M72,WXT136JKKRMG41115,Chevrolet,Tracker,suv,2023,BR,POA,Porto Alegre Salgado Filho,available,,,,87008,TRK802598
CHZ8F93,DSZAL94TUV9DT7913,Hyundai,HB20,hatch,2023,BR,SSA,Salvador Deputado Magalhaes,on_rent,AGR-8213913,CUST-854367,"Rodrigues, P.",81576,TRK802599
VQL-6473,VRD5X8J7V1UCD7836,Hyundai,Elantra,sedan,2025,NA,DFW,Dallas Fort Worth,available,,,,28164,TRK802600
XGF-7314,TDHT4MESK3XS80752,Jeep,Grand Cherokee,suv,2025,NA,ATL,Atlanta Hartsfield,available,,,,79093,TRK802601
PJU-6274,ZWPBH5F9HM68F1194,Kia,Telluride,suv,2023,NA,ORD,Chicago O'Hare,available,,,,115127,TRK802602
YKX-2920,JHKD9N33R82N40982,Tesla,Model 3,sedan,2023,NA,LAX,Los Angeles International,on_rent,AGR-5214280,CUST-826880,"Johnson, M.",112132,TRK802603
JEQ-5045,MER3T0VX4HXSJ2339,Toyota,Camry,sedan,2023,NA,MCO,Orlando International,on_rent,AGR-7638075,CUST-742992,"Johnson, S.",122961,TRK802604
UOS-3489,ZCY6W32PAJLS00393,Toyota,RAV4,suv,2022,NA,DEN,Denver International,on_rent,AGR-3672291,CUST-889308,"Davis, D.",79128,TRK802605
USI-4216,CMF75Y7XTBNS56031,Chevrolet,Malibu,sedan,2024,NA,PHX,Phoenix Sky Harbor,available,,,,43994,TRK802606
AJY-6308,NVN0TANERYKA48660,Chevrolet,Equinox,suv,2024,NA,YYZ,Toronto Pearson,on_rent,AGR-2280844,CUST-949767,"Johnson, G.",46204,TRK802607
CW28 VPX,BPKLKXD1HX51F0654,Skoda,Octavia,sedan,2025,EU,LHR,London Heathrow,in_service,,,,23263,TRK802608
FT69 MOB,PJK0D1LXVU5J06278,Opel,Corsa,hatch,2024,EU,CDG,Paris Charles de Gaulle,on_rent,AGR-3575480,CUST-510826,"Muller, B.",53996,TRK802609
KD66 JIJ,KCH8LBFNM9SEW3368,BMW,1 Series,hatch,2023,EU,FRA,Frankfurt am Main,on_rent,AGR-9981710,CUST-902975,"Muller, N.",75656,TRK802610
BA60 GDA,LWXN1WS7G0GZU8291,Mercedes-Benz,A-Class,hatch,2024,EU,MAD,Madrid Barajas,on_rent,AGR-2892545,CUST-792114,"Andersson, B.",37796,TRK802611
TD24 ITX,TWE7RN1ZHWCER4211,Fiat,500e,hatch,2024,EU,MXP,Milan Malpensa,on_rent,AGR-1187380,CUST-759352,"Andersson, D.",38891,TRK802612
VG80 UWF,FHMDWLLY8W2M85193,Seat,Leon,hatch,2022,EU,AMS,Amsterdam Schiphol,available,,,,91138,TRK802613
ML66 PMP,RUTX7C0ZGZDY80024,Ford,Puma,suv,2022,EU,MUC,Munich Franz Josef Strauss,on_rent,AGR-7573600,CUST-837367,"Andersson, G.",79408,TRK802614
YY41 MOU,APCYN00D4K3GD9147,Citroen,C3,hatch,2024,EU,LIS,Lisbon Humberto Delgado,on_rent,AGR-1040985,CUST-192601,"Jansen, G.",107380,TRK802615
JWR5U71,KFLMS4H4VKDVR0461,Fiat,Cronos,sedan,2022,BR,GRU,Sao Paulo Guarulhos,available,,,,110831,TRK802616
WMT5W85,HXM9GTCU3GBL14229,Fiat,Argo,hatch,2025,BR,CGH,Sao Paulo Congonhas,on_rent,AGR-1121070,CUST-172307,"Nascimento, H.",81959,TRK802617
WFI4Z46,SZKEKBLN4A9SM2332,Fiat,Mobi,hatch,2024,BR,GIG,Rio Galeao,on_rent,AGR-4726695,CUST-874078,"Araujo, T.",79098,TRK802618
WOH5T04,CGFNW1KJ5GZ994574,Volkswagen,Polo,hatch,2023,BR,CNF,Belo Horizonte Confins,on_rent,AGR-1307072,CUST-292167,"Pereira, L.",117180,TRK802619
TPI2U51,AUMN28SAP7HFL3567,Volkswagen,T-Cross,suv,2024,BR,CWB,Curitiba Afonso Pena,available,,,,61757,TRK802620
APB3N89,SWUZDXCRE36NB7728,Chevrolet,Onix,hatch,2024,BR,BSB,Brasilia Internacional,on_rent,AGR-4370385,CUST-590871,"Lima, W.",44360,TRK802621
DRJ4B72,ABFMLWZ9LWC7D0364,Chevrolet,Tracker,suv,2023,BR,POA,Porto Alegre Salgado Filho,on_rent,AGR-3626067,CUST-949500,"Silva, H.",53756,TRK802622
GVV4Y00,DPJWP3T2ECY4R5784,Hyundai,HB20,hatch,2024,BR,SSA,Salvador Deputado Magalhaes,available,,,,124605,TRK802623
XJM-6285,JUDDBA1S4NAL11304,Hyundai,Elantra,sedan,2024,NA,DFW,Dallas Fort Worth,available,,,,75347,TRK802624
JOU-1519,ANF8L24VYM4WJ8952,Jeep,Grand Cherokee,suv,2025,NA,ATL,Atlanta Hartsfield,on_rent,AGR-1624955,CUST-729274,"Williams, G.",124305,TRK802625
XYU-1311,PPBNYRL8XDF462615,Kia,Telluride,suv,2025,NA,ORD,Chicago O'Hare,on_rent,AGR-6457476,CUST-721392,"Martinez, F.",86999,TRK802626
JVI-5401,MCNT5DY0FG1JX8534,Tesla,Model 3,sedan,2023,NA,LAX,Los Angeles International,on_rent,AGR-4770540,CUST-227763,"Garcia, B.",68168,TRK802627
WDS-2658,YNMHLH1T83L8Y5478,Toyota,Camry,sedan,2024,NA,MCO,Orlando International,in_service,,,,28723,TRK802628
TGG-4597,AEBTB90LDZJMA9104,Toyota,RAV4,suv,2022,NA,DEN,Denver International,available,,,,116645,TRK802629
HEM-7169,CBG977TB0L28P5227,Chevrolet,Malibu,sedan,2022,NA,PHX,Phoenix Sky Harbor,on_rent,AGR-5064252,CUST-149184,"Wilson, N.",112202,TRK802630
APA-4583,KLNB4NNM8YG976543,Chevrolet,Equinox,suv,2024,NA,YYZ,Toronto Pearson,on_rent,AGR-2728425,CUST-712546,"Garcia, S.",23234,TRK802631
BN51 JXP,TEW9K3ZRUS46V0941,Skoda,Octavia,sedan,2022,EU,LHR,London Heathrow,on_rent,AGR-8353657,CUST-382506,"Murphy, W.",80712,TRK802632
NO69 ZKF,DPGPAGHKN1VUL5022,Opel,Corsa,hatch,2024,EU,CDG,Paris Charles de Gaulle,on_rent,AGR-9856895,CUST-636987,"Murphy, D.",90211,TRK802633
VD49 EKW,TASJ9A7A0CXDT0199,BMW,1 Series,hatch,2022,EU,FRA,Frankfurt am Main,on_rent,AGR-2781151,CUST-416646,"Jansen, F.",90352,TRK802634
IY22 PSG,ZVLEZJC0X4ZKT7062,Mercedes-Benz,A-Class,hatch,2022,EU,MAD,Madrid Barajas,available,,,,93688,TRK802635
GH22 HSG,NBMX93VC54PTY6759,Fiat,500e,hatch,2025,EU,MXP,Milan Malpensa,available,,,,55374,TRK802636
DW58 CQB,GBYDVHASDJ0NJ8078,Seat,Leon,hatch,2023,EU,AMS,Amsterdam Schiphol,on_rent,AGR-7249225,CUST-176280,"Jansen, N.",32826,TRK802637
CF74 UAT,CVCWX15BYW7WM6625,Ford,Puma,suv,2024,EU,MUC,Munich Franz Josef Strauss,available,,,,115807,TRK802638
PW46 XIJ,DMNPVJDXMBJ4D2383,Citroen,C3,hatch,2024,EU,LIS,Lisbon Humberto Delgado,on_rent,AGR-2953665,CUST-630306,"Muller, D.",74364,TRK802639
KFM4B57,DZK5C62GUP9YK0907,Fiat,Cronos,sedan,2025,BR,GRU,Sao Paulo Guarulhos,in_service,,,,112845,TRK802640
QFN5D19,VJRB8SECV22N71137,Fiat,Argo,hatch,2023,BR,CGH,Sao Paulo Congonhas,on_rent,AGR-2394198,CUST-812145,"Oliveira, E.",21047,TRK802641
RYP4F20,HDUMZD5DAXNY13273,Fiat,Mobi,hatch,2023,BR,GIG,Rio Galeao,on_rent,AGR-1483184,CUST-753285,"Rodrigues, D.",117224,TRK802642
OUI8X13,URG7XL8XUJAZG6393,Volkswagen,Polo,hatch,2024,BR,CNF,Belo Horizonte Confins,on_rent,AGR-6321665,CUST-230289,"Nascimento, E.",109440,TRK802643
OWW4F84,WBX3E7S728Z561738,Volkswagen,T-Cross,suv,2022,BR,CWB,Curitiba Afonso Pena,on_rent,AGR-9219270,CUST-135197,"Lima, A.",94930,TRK802644
EDX7X00,EBSFX35TE7U8L8428,Chevrolet,Onix,hatch,2022,BR,BSB,Brasilia Internacional,on_rent,AGR-1868865,CUST-970954,"Rodrigues, S.",65331,TRK802645
BMI8K70,YTUJKH8JM3HZZ6619,Chevrolet,Tracker,suv,2023,BR,POA,Porto Alegre Salgado Filho,on_rent,AGR-6939748,CUST-332937,"Almeida, P.",22118,TRK802646
OHD5L22,LJCWDB559R6TP0391,Hyundai,HB20,hatch,2024,BR,SSA,Salvador Deputado Magalhaes,on_rent,AGR-4600303,CUST-412705,"Pereira, T.",72920,TRK802647
QXR-4007,PZHKBKBDPBX015437,Hyundai,Elantra,sedan,2023,NA,DFW,Dallas Fort Worth,on_rent,AGR-6859157,CUST-186076,"Brown, N.",51259,TRK802648
UIA-9988,JTRG9T7NKW7A46152,Jeep,Grand Cherokee,suv,2023,NA,ATL,Atlanta Hartsfield,on_rent,AGR-8922286,CUST-492351,"Davis, G.",11270,TRK802649
ZHN-6658,EWZXJ0ACENAFL8463,Kia,Telluride,suv,2025,NA,ORD,Chicago O'Hare,available,,,,113832,TRK802650
QJM-2021,RKV4S7LLLU6CU0841,Tesla,Model 3,sedan,2025,NA,LAX,Los Angeles International,available,,,,23371,TRK802651
EKR-5256,NMTDCFMX5VUPC8319,Toyota,Camry,sedan,2023,NA,MCO,Orlando International,on_rent,AGR-5534769,CUST-123047,"Martinez, J.",89207,TRK802652
OXC-5865,AAYJRG3Y6XFU78338,Toyota,RAV4,suv,2024,NA,DEN,Denver International,on_rent,AGR-6655423,CUST-571880,"Taylor, L.",23214,TRK802653
CDX-9475,BTFLGL85587PK6924,Chevrolet,Malibu,sedan,2023,NA,PHX,Phoenix Sky Harbor,on_rent,AGR-4158475,CUST-359287,"Martinez, D.",96580,TRK802654
BDO-8654,ANW3MECW37FRE9883,Chevrolet,Equinox,suv,2025,NA,YYZ,Toronto Pearson,on_rent,AGR-9771457,CUST-945523,"Taylor, P.",92612,TRK802655
MW99 SBL,KZLB42ASX7BLH0184,Skoda,Octavia,sedan,2023,EU,LHR,London Heathrow,on_rent,AGR-9292783,CUST-534885,"Muller, T.",65857,TRK802656
SO42 BUP,PTMRHG9LMEFGZ6243,Opel,Corsa,hatch,2024,EU,CDG,Paris Charles de Gaulle,on_rent,AGR-6355127,CUST-423294,"Andersson, W.",95842,TRK802657
XP95 LWT,LVP8XG8DEK79F4711,BMW,1 Series,hatch,2023,EU,FRA,Frankfurt am Main,on_rent,AGR-8895724,CUST-124573,"Garcia, R.",63084,TRK802658
CM92 TDG,WJNEF8XSS5RDZ4604,Mercedes-Benz,A-Class,hatch,2024,EU,MAD,Madrid Barajas,in_service,,,,110917,TRK802659
JQ25 LZG,FKP3REZ60MNHB0575,Fiat,500e,hatch,2024,EU,MXP,Milan Malpensa,on_rent,AGR-1038612,CUST-740102,"Schmidt, H.",15309,TRK802660
GK10 MDP,RFGZ82WN47FKU5562,Seat,Leon,hatch,2024,EU,AMS,Amsterdam Schiphol,on_rent,AGR-8026434,CUST-840774,"Silva, D.",42251,TRK802661
TW90 KYW,KGC9GTYG00J0K3999,Ford,Puma,suv,2024,EU,MUC,Munich Franz Josef Strauss,on_rent,AGR-2693850,CUST-398518,"Dubois, D.",118978,TRK802662
WH43 BLZ,CGB2NWBEPDBV78318,Citroen,C3,hatch,2023,EU,LIS,Lisbon Humberto Delgado,in_service,,,,23670,TRK802663
XWR1V59,LKU5JJ8FEN96L6643,Fiat,Cronos,sedan,2022,BR,GRU,Sao Paulo Guarulhos,on_rent,AGR-3361253,CUST-327709,"Carvalho, F.",115814,TRK802664
QPS2P10,UMM4EW3DNVW1Y8293,Fiat,Argo,hatch,2025,BR,CGH,Sao Paulo Congonhas,in_service,,,,63176,TRK802665
TYG6T28,VKWMYB183DLA71012,Fiat,Mobi,hatch,2023,BR,GIG,Rio Galeao,on_rent,AGR-2614095,CUST-224361,"Lima, P.",119915,TRK802666
HCG8N25,YYK8DL8HCY72H1629,Volkswagen,Polo,hatch,2024,BR,CNF,Belo Horizonte Confins,in_service,,,,51888,TRK802667
DAH0Z09,PJBH1EWS8771U0606,Volkswagen,T-Cross,suv,2023,BR,CWB,Curitiba Afonso Pena,in_service,,,,22231,TRK802668
SZD2A48,EJK4L14TTJ5M19916,Chevrolet,Onix,hatch,2024,BR,BSB,Brasilia Internacional,on_rent,AGR-7172927,CUST-618500,"Araujo, L.",38279,TRK802669
THD4S29,WET9ADPSFHXAU2725,Chevrolet,Tracker,suv,2025,BR,POA,Porto Alegre Salgado Filho,available,,,,108692,TRK802670
FOV7X25,AUS8G0ESJ20AN4706,Hyundai,HB20,hatch,2022,BR,SSA,Salvador Deputado Magalhaes,on_rent,AGR-8239314,CUST-843901,"Lima, N.",16595,TRK802671
KYH-3572,VDEDRLMUJG6GC0072,Hyundai,Elantra,sedan,2022,NA,DFW,Dallas Fort Worth,in_service,,,,36874,TRK802672
BSF-3263,YTHKCRHKPRUC19723,Jeep,Grand Cherokee,suv,2025,NA,ATL,Atlanta Hartsfield,on_rent,AGR-1746069,CUST-497267,"Miller, L.",88878,TRK802673
JNL-2091,LRDY9E308ZCH88787,Kia,Telluride,suv,2023,NA,ORD,Chicago O'Hare,on_rent,AGR-5978056,CUST-447796,"Garcia, B.",116003,TRK802674
PSV-5486,JAB040MUXX3EU4217,Tesla,Model 3,sedan,2024,NA,LAX,Los Angeles International,on_rent,AGR-7318729,CUST-418608,"Jones, E.",116741,TRK802675
WQN-8973,VRVEJZLUCPX883270,Toyota,Camry,sedan,2025,NA,MCO,Orlando International,on_rent,AGR-2425100,CUST-431205,"Williams, N.",45780,TRK802676
BCX-7044,KKRP4BGPYFXHZ0621,Toyota,RAV4,suv,2025,NA,DEN,Denver International,on_rent,AGR-1956654,CUST-253807,"Smith, H.",92958,TRK802677
MWC-8842,THE8P36PPVEAB2383,Chevrolet,Malibu,sedan,2023,NA,PHX,Phoenix Sky Harbor,available,,,,19893,TRK802678
XWQ-9529,GFB58H9DKC2T58468,Chevrolet,Equinox,suv,2023,NA,YYZ,Toronto Pearson,on_rent,AGR-6566912,CUST-525207,"Taylor, S.",11114,TRK802679
SJ81 JPW,RCJSXED397FV21843,Skoda,Octavia,sedan,2024,EU,LHR,London Heathrow,available,,,,128084,TRK802680
NS46 UXP,JHJ57PVUP5P391585,Opel,Corsa,hatch,2024,EU,CDG,Paris Charles de Gaulle,in_service,,,,81943,TRK802681
PN41 QNC,UXW1NK0E3C9NE6063,BMW,1 Series,hatch,2023,EU,FRA,Frankfurt am Main,on_rent,AGR-6536607,CUST-718624,"Murphy, M.",124678,TRK802682
AA91 NWY,KEAB9PYFTW3V50699,Mercedes-Benz,A-Class,hatch,2024,EU,MAD,Madrid Barajas,available,,,,107776,TRK802683
EF37 VFH,MZKECYGLDUMS22252,Fiat,500e,hatch,2024,EU,MXP,Milan Malpensa,on_rent,AGR-8978779,CUST-839017,"Novak, D.",135451,TRK802684
FF39 TUP,EJZGDU3R3WC505732,Seat,Leon,hatch,2022,EU,AMS,Amsterdam Schiphol,available,,,,90846,TRK802685
CN57 GWK,VZYP4PC93AEPF4459,Ford,Puma,suv,2023,EU,MUC,Munich Franz Josef Strauss,in_service,,,,100982,TRK802686
WX97 RAB,PJTT7LVWDBHSS4356,Citroen,C3,hatch,2024,EU,LIS,Lisbon Humberto Delgado,in_service,,,,65218,TRK802687
NQA1F90,PNVC32LKVSHAJ4456,Fiat,Cronos,sedan,2023,BR,GRU,Sao Paulo Guarulhos,on_rent,AGR-3381263,CUST-878005,"Almeida, F.",33405,TRK802688
XTC7U68,FRFWB7FU1SU1A2115,Fiat,Argo,hatch,2024,BR,CGH,Sao Paulo Congonhas,on_rent,AGR-7749707,CUST-339968,"Santos, P.",44373,TRK802689
JDP6A85,YWS7CYXXDRK1G7629,Fiat,Mobi,hatch,2022,BR,GIG,Rio Galeao,on_rent,AGR-5558632,CUST-964177,"Oliveira, B.",61436,TRK802690
SVI3A89,ZCE8RK7LFLGC78264,Volkswagen,Polo,hatch,2024,BR,CNF,Belo Horizonte Confins,on_rent,AGR-1214761,CUST-777655,"Carvalho, M.",127518,TRK802691
THF2I01,ZTK1YJCFG5T8F2384,Volkswagen,T-Cross,suv,2023,BR,CWB,Curitiba Afonso Pena,on_rent,AGR-3228518,CUST-634634,"Rodrigues, J.",22923,TRK802692
GSF1S13,PLT2RGDZPM48Z6951,Chevrolet,Onix,hatch,2024,BR,BSB,Brasilia Internacional,on_rent,AGR-4959946,CUST-996318,"Santos, T.",113849,TRK802693
JMG5A63,SHDMFWWPFDNG29339,Chevrolet,Tracker,suv,2023,BR,POA,Porto Alegre Salgado Filho,on_rent,AGR-5093900,CUST-957901,"Souza, F.",138066,TRK802694
MSY8Y37,KHG1ALHY5BX0S6187,Hyundai,HB20,hatch,2023,BR,SSA,Salvador Deputado Magalhaes,available,,,,135798,TRK802695
WMQ-3796,NTML79X366DT36478,Hyundai,Elantra,sedan,2023,NA,DFW,Dallas Fort Worth,available,,,,9584,TRK802696
KKJ-6852,PZL6MH5HBET4K5161,Jeep,Grand Cherokee,suv,2022,NA,ATL,Atlanta Hartsfield,in_service,,,,81261,TRK802697
IWB-2388,XAD71N2KKA6TK5197,Kia,Telluride,suv,2024,NA,ORD,Chicago O'Hare,on_rent,AGR-1586397,CUST-780314,"Taylor, T.",38001,TRK802698
GJW-5468,MLPPAJYT8LGNY2178,Tesla,Model 3,sedan,2023,NA,LAX,Los Angeles International,on_rent,AGR-1804478,CUST-488531,"Smith, D.",26511,TRK802699
PNX-2988,VFB8WSFVVMNPV4868,Toyota,Camry,sedan,2025,NA,MCO,Orlando International,on_rent,AGR-4896107,CUST-208730,"Anderson, G.",20215,TRK802700
THY-7517,FVX5XCWMFW8XN1618,Toyota,RAV4,suv,2023,NA,DEN,Denver International,on_rent,AGR-2305016,CUST-917514,"Garcia, T.",17609,TRK802701
PVO-6505,KXX3VGNFDH56B3576,Chevrolet,Malibu,sedan,2024,NA,PHX,Phoenix Sky Harbor,in_service,,,,115914,TRK802702
WEX-1100,NJRK0MP1EXL076706,Chevrolet,Equinox,suv,2022,NA,YYZ,Toronto Pearson,on_rent,AGR-6417492,CUST-482110,"Davis, B.",96274,TRK802703
RP40 LPM,TMPG9TND3LJX58137,Skoda,Octavia,sedan,2025,EU,LHR,London Heathrow,on_rent,AGR-8356856,CUST-940469,"Novak, D.",44751,TRK802704
KD94 UNA,AUAGJDPEM603T7719,Opel,Corsa,hatch,2022,EU,CDG,Paris Charles de Gaulle,available,,,,11232,TRK802705
YL38 ABU,ZRXCH5P9XH9598805,BMW,1 Series,hatch,2022,EU,FRA,Frankfurt am Main,available,,,,47064,TRK802706
RB79 PWL,GRK6BT11AUVHM8404,Mercedes-Benz,A-Class,hatch,2024,EU,MAD,Madrid Barajas,on_rent,AGR-2235083,CUST-963354,"Silva, J.",119050,TRK802707
AF81 ELG,PML991LCJ3E0B5780,Fiat,500e,hatch,2022,EU,MXP,Milan Malpensa,on_rent,AGR-6773230,CUST-588695,"Dubois, N.",102396,TRK802708
JJ23 RLV,BRC4DZCN4GUFP4761,Seat,Leon,hatch,2024,EU,AMS,Amsterdam Schiphol,on_rent,AGR-7706016,CUST-485449,"Silva, J.",109714,TRK802709
NF10 NSH,ZXKZRYDW1B6XS1977,Ford,Puma,suv,2024,EU,MUC,Munich Franz Josef Strauss,available,,,,48046,TRK802710
FL56 DJL,UTL17B05063AR4019,Citroen,C3,hatch,2024,EU,LIS,Lisbon Humberto Delgado,on_rent,AGR-1662468,CUST-113649,"Schmidt, D.",82902,TRK802711
GTB6V00,RYS4WBY3CGL3P8933,Fiat,Cronos,sedan,2025,BR,GRU,Sao Paulo Guarulhos,on_rent,AGR-9453852,CUST-873462,"Oliveira, B.",109116,TRK802712
YPJ2E41,SSVZE0K86HLDZ2625,Fiat,Argo,hatch,2023,BR,CGH,Sao Paulo Congonhas,on_rent,AGR-5025157,CUST-276726,"Santos, G.",36922,TRK802713
EMO2H43,PDCJCT6JYLR8V9137,Fiat,Mobi,hatch,2024,BR,GIG,Rio Galeao,on_rent,AGR-3512614,CUST-359189,"Pereira, L.",78308,TRK802714
WZM9B38,TTGMSCJY6U36X7498,Volkswagen,Polo,hatch,2022,BR,CNF,Belo Horizonte Confins,on_rent,AGR-1972188,CUST-671538,"Araujo, P.",60306,TRK802715
JYC4Y04,SRDG951LKFM5C7248,Volkswagen,T-Cross,suv,2022,BR,CWB,Curitiba Afonso Pena,on_rent,AGR-9505552,CUST-345221,"Araujo, J.",100503,TRK802716
RBO7R47,YTL5BZ97WUU3E8704,Chevrolet,Onix,hatch,2023,BR,BSB,Brasilia Internacional,on_rent,AGR-5389604,CUST-614848,"Almeida, P.",103296,TRK802717
AKA3K04,WAXYS46G1WUV13791,Chevrolet,Tracker,suv,2023,BR,POA,Porto Alegre Salgado Filho,on_rent,AGR-8798447,CUST-121531,"Silva, T.",47701,TRK802718
LBU7I58,PFCFDLE04SZGV1004,Hyundai,HB20,hatch,2024,BR,SSA,Salvador Deputado Magalhaes,on_rent,AGR-2108127,CUST-718646,"Nascimento, E.",18322,TRK802719
JFR-8475,LXNVC7637WRR02986,Hyundai,Elantra,sedan,2024,NA,DFW,Dallas Fort Worth,available,,,,17984,TRK802720
QVL-7566,WCAECK733FCKM3442,Jeep,Grand Cherokee,suv,2024,NA,ATL,Atlanta Hartsfield,in_service,,,,25124,TRK802721
DCL-8813,VCGRVMFV93RFR8934,Kia,Telluride,suv,2023,NA,ORD,Chicago O'Hare,on_rent,AGR-5380015,CUST-647372,"Johnson, S.",88970,TRK802722
XQF-6369,BUKDHB57A6BA64249,Tesla,Model 3,sedan,2023,NA,LAX,Los Angeles International,available,,,,95247,TRK802723
FCE-6254,VZMJC9HJDBB3W8428,Toyota,Camry,sedan,2025,NA,MCO,Orlando International,on_rent,AGR-2842672,CUST-956725,"Smith, L.",81656,TRK802724
BXR-2353,NXRAFDSFP62WD8405,Toyota,RAV4,suv,2023,NA,DEN,Denver International,available,,,,90959,TRK802725
JCL-5714,YAWKT6VHPLTCY9103,Chevrolet,Malibu,sedan,2022,NA,PHX,Phoenix Sky Harbor,on_rent,AGR-3020511,CUST-645569,"Davis, D.",9249,TRK802726
DFU-3693,NEYER77PVWVTJ2158,Chevrolet,Equinox,suv,2023,NA,YYZ,Toronto Pearson,on_rent,AGR-8840994,CUST-656306,"Taylor, T.",11989,TRK802727
YZ11 YHG,ZZL16BEA0367A4365,Skoda,Octavia,sedan,2024,EU,LHR,London Heathrow,on_rent,AGR-4956001,CUST-393758,"Dubois, M.",26392,TRK802728
LC23 BRR,AZWM3RTPEMS6H0959,Opel,Corsa,hatch,2022,EU,CDG,Paris Charles de Gaulle,available,,,,25018,TRK802729
RM11 MRS,ECSKGY1XGMB8J9951,BMW,1 Series,hatch,2024,EU,FRA,Frankfurt am Main,in_service,,,,66455,TRK802730
BO60 SJC,ZPLW14N8N3TFM4864,Mercedes-Benz,A-Class,hatch,2022,EU,MAD,Madrid Barajas,on_rent,AGR-8272117,CUST-565109,"Silva, L.",69423,TRK802731
QV18 RUM,HEXKDCL0N578W4257,Fiat,500e,hatch,2024,EU,MXP,Milan Malpensa,available,,,,63498,TRK802732
AK64 VNA,LZVC94WHSPSD96094,Seat,Leon,hatch,2024,EU,AMS,Amsterdam Schiphol,on_rent,AGR-1772446,CUST-265069,"Silva, R.",65980,TRK802733
ZD12 EUB,USZK2BETM12F49999,Ford,Puma,suv,2022,EU,MUC,Munich Franz Josef Strauss,on_rent,AGR-9925486,CUST-431428,"Kowalski, W.",43887,TRK802734
ML26 ZBO,SKTR3BNTEXZ556357,Citroen,C3,hatch,2024,EU,LIS,Lisbon Humberto Delgado,in_service,,,,66300,TRK802735
YPY7S60,JUJ0PABT58V9T0106,Fiat,Cronos,sedan,2024,BR,GRU,Sao Paulo Guarulhos,on_rent,AGR-6685603,CUST-601355,"Costa, T.",109169,TRK802736
JDX9O64,NTBGAYZALSV9J1994,Fiat,Argo,hatch,2024,BR,CGH,Sao Paulo Congonhas,available,,,,70397,TRK802737
OFZ8S17,MSPNMM4GUPZE44400,Fiat,Mobi,hatch,2023,BR,GIG,Rio Galeao,on_rent,AGR-1950639,CUST-723587,"Nascimento, M.",119142,TRK802738
BKV8X48,MJUDEZ2UY66YJ2841,Volkswagen,Polo,hatch,2023,BR,CNF,Belo Horizonte Confins,on_rent,AGR-2382304,CUST-638316,"Carvalho, P.",58011,TRK802739
YOU5X16,KYBWNR6FEHXGP0697,Volkswagen,T-Cross,suv,2022,BR,CWB,Curitiba Afonso Pena,available,,,,55255,TRK802740
NBG0P99,XZWKFREHS5LUL8934,Chevrolet,Onix,hatch,2024,BR,BSB,Brasilia Internacional,available,,,,46545,TRK802741
TXH8W33,CGS1VX1EC35H41837,Chevrolet,Tracker,suv,2024,BR,POA,Porto Alegre Salgado Filho,on_rent,AGR-3514328,CUST-506394,"Carvalho, B.",30126,TRK802742
IUM7A99,LSKA0N23202496854,Hyundai,HB20,hatch,2022,BR,SSA,Salvador Deputado Magalhaes,on_rent,AGR-7700831,CUST-294072,"Silva, D.",117942,TRK802743
TBS-1887,KFH9TTEHNSKM24344,Hyundai,Elantra,sedan,2022,NA,DFW,Dallas Fort Worth,available,,,,27446,TRK802744
FCH-6353,EASTGFMD9PT7Z3312,Jeep,Grand Cherokee,suv,2025,NA,ATL,Atlanta Hartsfield,on_rent,AGR-8881092,CUST-141973,"Johnson, L.",19346,TRK802745
KXS-9430,KYXHX5UET6YLR9063,Kia,Telluride,suv,2023,NA,ORD,Chicago O'Hare,on_rent,AGR-7702552,CUST-660814,"Johnson, J.",11997,TRK802746
AAJ-1267,DSGEWM56AT4E78546,Tesla,Model 3,sedan,2024,NA,LAX,Los Angeles International,available,,,,19939,TRK802747
TXW-7063,VKFNFL8PFV0K90471,Toyota,Camry,sedan,2025,NA,MCO,Orlando International,on_rent,AGR-7511257,CUST-474864,"Wilson, L.",80527,TRK802748
UVQ-3295,DXLKUC0ZFXX8M1858,Toyota,RAV4,suv,2024,NA,DEN,Denver International,on_rent,AGR-9402694,CUST-339914,"Brown, W.",115938,TRK802749
TRX-7841,KVHPJGY0VMLJP3122,Chevrolet,Malibu,sedan,2024,NA,PHX,Phoenix Sky Harbor,on_rent,AGR-3857425,CUST-263377,"Brown, J.",74401,TRK802750
JGQ-3362,PST9AVNVR2W425832,Chevrolet,Equinox,suv,2022,NA,YYZ,Toronto Pearson,in_service,,,,115330,TRK802751
UQ58 XVG,JMTYAERFR9MZJ9627,Skoda,Octavia,sedan,2024,EU,LHR,London Heathrow,on_rent,AGR-2240484,CUST-210909,"Schmidt, J.",68662,TRK802752
QA56 BWO,KLD7MBJW4V5120396,Opel,Corsa,hatch,2023,EU,CDG,Paris Charles de Gaulle,in_service,,,,25643,TRK802753
UF77 MHE,JWKYZFU229ZKP5878,BMW,1 Series,hatch,2025,EU,FRA,Frankfurt am Main,on_rent,AGR-4080944,CUST-945326,"Silva, C.",123363,TRK802754
SD36 QRP,EDS8FS0URUZHG8937,Mercedes-Benz,A-Class,hatch,2024,EU,MAD,Madrid Barajas,on_rent,AGR-5828291,CUST-739419,"Garcia, C.",11944,TRK802755
AO30 OJG,LTYPRD8ZYGFJ80855,Fiat,500e,hatch,2023,EU,MXP,Milan Malpensa,available,,,,117726,TRK802756
WJ54 BGO,HMABRBMAU4XP56004,Seat,Leon,hatch,2023,EU,AMS,Amsterdam Schiphol,on_rent,AGR-2457343,CUST-648553,"Silva, E.",67624,TRK802757
CG87 SSZ,FGEDZVHJM6A9W6889,Ford,Puma,suv,2025,EU,MUC,Munich Franz Josef Strauss,on_rent,AGR-1044342,CUST-978485,"Kowalski, W.",100201,TRK802758
OB73 PDH,XMY9FF5BZL75Z7042,Citroen,C3,hatch,2025,EU,LIS,Lisbon Humberto Delgado,on_rent,AGR-1046155,CUST-464033,"Novak, E.",29843,TRK802759
TIM6W63,KNZLM1PVL4HEG2095,Fiat,Cronos,sedan,2023,BR,GRU,Sao Paulo Guarulhos,on_rent,AGR-5644217,CUST-625632,"Oliveira, L.",107220,TRK802760
IOW5X01,YKPPDGAMK99Z13738,Fiat,Argo,hatch,2025,BR,CGH,Sao Paulo Congonhas,available,,,,93438,TRK802761
JYR0K58,WPZVCDNA26WS51394,Fiat,Mobi,hatch,2022,BR,GIG,Rio Galeao,in_service,,,,136420,TRK802762
NNX5H46,ZYU4NW6VA5GSA3856,Volkswagen,Polo,hatch,2024,BR,CNF,Belo Horizonte Confins,on_rent,AGR-6994590,CUST-461608,"Santos, M.",40427,TRK802763
RAI8V00,TCFY8YHU025755990,Volkswagen,T-Cross,suv,2024,BR,CWB,Curitiba Afonso Pena,on_rent,AGR-7970179,CUST-346891,"Carvalho, D.",127740,TRK802764
UGT3Q12,EJA6JYSRSHGU55435,Chevrolet,Onix,hatch,2024,BR,BSB,Brasilia Internacional,on_rent,AGR-2782349,CUST-128578,"Santos, K.",94664,TRK802765
IGV1Y08,GTRL0C40T6XEM5655,Chevrolet,Tracker,suv,2025,BR,POA,Porto Alegre Salgado Filho,available,,,,71147,TRK802766
NMJ0Z10,NFLMCGPHWX81Z9777,Hyundai,HB20,hatch,2023,BR,SSA,Salvador Deputado Magalhaes,available,,,,115732,TRK802767
TRG-9129,YLA6K72AY1FSH6640,Hyundai,Elantra,sedan,2023,NA,DFW,Dallas Fort Worth,available,,,,91081,TRK802768
PFG-9174,MKGLKXX37LBU08031,Jeep,Grand Cherokee,suv,2023,NA,ATL,Atlanta Hartsfield,in_service,,,,52471,TRK802769
RYI-8332,WDZSSL5JKGN1E2929,Kia,Telluride,suv,2025,NA,ORD,Chicago O'Hare,on_rent,AGR-4287387,CUST-229484,"Williams, J.",82863,TRK802770
VKQ-2685,MWNLKM9XDWB1G1874,Tesla,Model 3,sedan,2024,NA,LAX,Los Angeles International,on_rent,AGR-9515934,CUST-945049,"Wilson, G.",77191,TRK802771
AMA-7464,SATYS8H1Z8DD30506,Toyota,Camry,sedan,2025,NA,MCO,Orlando International,on_rent,AGR-4065243,CUST-591548,"Brown, H.",118985,TRK802772
WMV-9130,FCUANY4PVYE7X5386,Toyota,RAV4,suv,2023,NA,DEN,Denver International,available,,,,109688,TRK802773
QIH-7699,UFFZCDT4MV6XD0168,Chevrolet,Malibu,sedan,2022,NA,PHX,Phoenix Sky Harbor,on_rent,AGR-4257210,CUST-129549,"Anderson, M.",86494,TRK802774
EVR-8428,LXUDC6F185LYF2531,Chevrolet,Equinox,suv,2022,NA,YYZ,Toronto Pearson,on_rent,AGR-9965458,CUST-319202,"Taylor, P.",32452,TRK802775
CA85 QEB,KTDT64CFUBPX31689,Skoda,Octavia,sedan,2023,EU,LHR,London Heathrow,on_rent,AGR-7838021,CUST-595375,"Dubois, P.",120600,TRK802776
TQ15 ZGE,XYRDTURB14DWJ1101,Opel,Corsa,hatch,2023,EU,CDG,Paris Charles de Gaulle,on_rent,AGR-4506248,CUST-854878,"Murphy, C.",72146,TRK802777
FE98 AWI,SYYE168G1VHZB4559,BMW,1 Series,hatch,2022,EU,FRA,Frankfurt am Main,available,,,,36566,TRK802778
VC92 SAD,JZSEH8WBB3P011725,Mercedes-Benz,A-Class,hatch,2023,EU,MAD,Madrid Barajas,on_rent,AGR-2255302,CUST-586286,"Novak, W.",24891,TRK802779
IH90 RTI,CMFFNB3824SSP1728,Fiat,500e,hatch,2023,EU,MXP,Milan Malpensa,on_rent,AGR-2173552,CUST-585577,"Novak, S.",40079,TRK802780
JO89 QVZ,YKXUM0DFN1HRZ0769,Seat,Leon,hatch,2025,EU,AMS,Amsterdam Schiphol,on_rent,AGR-2715495,CUST-436329,"Bianchi, E.",90519,TRK802781
WQ53 NTV,GZWTE8B7GMYRF4179,Ford,Puma,suv,2023,EU,MUC,Munich Franz Josef Strauss,on_rent,AGR-5156908,CUST-727279,"Murphy, S.",13002,TRK802782
WV69 UBM,DWTX35W4TRCH50897,Citroen,C3,hatch,2023,EU,LIS,Lisbon Humberto Delgado,available,,,,97365,TRK802783
ZIE0U83,RTKBW7W4CVMSK9127,Fiat,Cronos,sedan,2024,BR,GRU,Sao Paulo Guarulhos,in_service,,,,117220,TRK802784
SHM1O40,WATZX039P6A7S0741,Fiat,Argo,hatch,2023,BR,CGH,Sao Paulo Congonhas,in_service,,,,46466,TRK802785
DAF2B09,HVE4T189CW0YB6858,Fiat,Mobi,hatch,2023,BR,GIG,Rio Galeao,in_service,,,,37282,TRK802786
AEZ3F69,ZLF79H02R88H67917,Volkswagen,Polo,hatch,2023,BR,CNF,Belo Horizonte Confins,available,,,,43488,TRK802787
QXF4O88,PWAA0BWS1HL2B0268,Volkswagen,T-Cross,suv,2025,BR,CWB,Curitiba Afonso Pena,available,,,,103270,TRK802788
VTP2X42,GVTCYJLEVH34B6301,Chevrolet,Onix,hatch,2024,BR,BSB,Brasilia Internacional,on_rent,AGR-5473605,CUST-890003,"Nascimento, B.",63068,TRK802789
THD2I66,HUFV3RLKMVFGM4464,Chevrolet,Tracker,suv,2022,BR,POA,Porto Alegre Salgado Filho,on_rent,AGR-4645164,CUST-980300,"Oliveira, H.",32261,TRK802790
YVR1T85,RGYCGKM90GN9H2385,Hyundai,HB20,hatch,2025,BR,SSA,Salvador Deputado Magalhaes,in_service,,,,72914,TRK802791
TAU-8398,NDH7XREMJ21A80143,Hyundai,Elantra,sedan,2025,NA,DFW,Dallas Fort Worth,available,,,,68167,TRK802792
SLD-3574,SALY1AXC1EB330138,Jeep,Grand Cherokee,suv,2025,NA,ATL,Atlanta Hartsfield,available,,,,22438,TRK802793
RFD-1060,GUTXZ6M7J6WZA6970,Kia,Telluride,suv,2023,NA,ORD,Chicago O'Hare,on_rent,AGR-5789167,CUST-157919,"Johnson, N.",54925,TRK802794
QPB-8835,VCLKAB3PC8EX46141,Tesla,Model 3,sedan,2024,NA,LAX,Los Angeles International,in_service,,,,88525,TRK802795
JMM-1951,KSFGZH9B1106J3666,Toyota,Camry,sedan,2022,NA,MCO,Orlando International,on_rent,AGR-1667034,CUST-170872,"Miller, B.",68658,TRK802796
TGL-1512,TZAPHBDENYJ4N1981,Toyota,RAV4,suv,2024,NA,DEN,Denver International,on_rent,AGR-3063778,CUST-886582,"Brown, J.",22938,TRK802797
HSX-1152,LHR6NMY9XRK666943,Chevrolet,Malibu,sedan,2023,NA,PHX,Phoenix Sky Harbor,available,,,,101006,TRK802798
JVD-2386,RYXCLE9PKH1ML4391,Chevrolet,Equinox,suv,2025,NA,YYZ,Toronto Pearson,on_rent,AGR-7473703,CUST-347870,"Anderson, E.",121683,TRK802799
XE64 RND,BUKKXT2YYZRAT8164,Skoda,Octavia,sedan,2023,EU,LHR,London Heathrow,available,,,,92835,TRK802800
ZK29 KYZ,UTBKSANANL1F75363,Opel,Corsa,hatch,2023,EU,CDG,Paris Charles de Gaulle,on_rent,AGR-6622508,CUST-941738,"Garcia, C.",119911,TRK802801
KC67 IHY,CWFT85VF6KPVB7003,BMW,1 Series,hatch,2025,EU,FRA,Frankfurt am Main,on_rent,AGR-7164623,CUST-416253,"Rossi, L.",8513,TRK802802
XI61 WDD,PAU71YKMANKS75405,Mercedes-Benz,A-Class,hatch,2022,EU,MAD,Madrid Barajas,in_service,,,,14468,TRK802803
AG11 MVD,MKS53LWW3FW6D1817,Fiat,500e,hatch,2022,EU,MXP,Milan Malpensa,available,,,,127935,TRK802804
GN59 NAN,GEUX4NHMU3SML9697,Seat,Leon,hatch,2024,EU,AMS,Amsterdam Schiphol,on_rent,AGR-2804298,CUST-446413,"Rossi, J.",88249,TRK802805
UV60 IIY,HCNAE01F01KNA0707,Ford,Puma,suv,2024,EU,MUC,Munich Franz Josef Strauss,on_rent,AGR-3664700,CUST-312612,"Jansen, A.",134049,TRK802806
HC21 JSM,GZTTYTGGH49747913,Citroen,C3,hatch,2022,EU,LIS,Lisbon Humberto Delgado,available,,,,73956,TRK802807
NXA3E01,AGY1A7MK8NK9Z4058,Fiat,Cronos,sedan,2024,BR,GRU,Sao Paulo Guarulhos,on_rent,AGR-2705616,CUST-215523,"Oliveira, D.",126930,TRK802808
EWG6A89,ELPYFBA7V6AFB0860,Fiat,Argo,hatch,2024,BR,CGH,Sao Paulo Congonhas,available,,,,124757,TRK802809
MWQ8N73,DJU3D1STPSC119965,Fiat,Mobi,hatch,2022,BR,GIG,Rio Galeao,on_rent,AGR-5154336,CUST-632910,"Carvalho, S.",139666,TRK802810
HGI4H02,ZJS5KBY80N5CN4671,Volkswagen,Polo,hatch,2022,BR,CNF,Belo Horizonte Confins,on_rent,AGR-5877501,CUST-696924,"Santos, P.",27815,TRK802811
NUC9M22,HEXST9P5CWX9X6490,Volkswagen,T-Cross,suv,2025,BR,CWB,Curitiba Afonso Pena,available,,,,9473,TRK802812
GDA3I39,PWJD3VJZB3XSZ1219,Chevrolet,Onix,hatch,2023,BR,BSB,Brasilia Internacional,available,,,,118296,TRK802813
UFE6T72,MCW3TAKK91PB13292,Chevrolet,Tracker,suv,2022,BR,POA,Porto Alegre Salgado Filho,available,,,,120075,TRK802814
GGV4Q02,XUA4CU3KJYG874529,Hyundai,HB20,hatch,2023,BR,SSA,Salvador Deputado Magalhaes,on_rent,AGR-6645500,CUST-375280,"Araujo, W.",81561,TRK802815
SNF-6837,UZKX1X97XUP3N3700,Hyundai,Elantra,sedan,2022,NA,DFW,Dallas Fort Worth,on_rent,AGR-5399402,CUST-381016,"Brown, C.",15426,TRK802816
TLT-1822,SABVJ3WFFYDL70403,Jeep,Grand Cherokee,suv,2024,NA,ATL,Atlanta Hartsfield,available,,,,35774,TRK802817
HVS-9578,YLV4GRFSRRE430690,Kia,Telluride,suv,2024,NA,ORD,Chicago O'Hare,on_rent,AGR-2973047,CUST-625045,"Taylor, A.",20568,TRK802818
CTP-4356,JTN2V5WYLJP1Y5950,Tesla,Model 3,sedan,2025,NA,LAX,Los Angeles International,on_rent,AGR-7635763,CUST-627668,"Anderson, P.",131337,TRK802819
BCZ-4113,UZUPVW45FB47Y0901,Toyota,Camry,sedan,2025,NA,MCO,Orlando International,available,,,,85840,TRK802820
VPS-8472,YVGZ8SH5EFP8N4566,Toyota,RAV4,suv,2025,NA,DEN,Denver International,available,,,,46338,TRK802821
JXX-4946,CZPTN7G1CSG289479,Chevrolet,Malibu,sedan,2024,NA,PHX,Phoenix Sky Harbor,on_rent,AGR-2512603,CUST-554239,"Martinez, S.",36066,TRK802822
RKQ-5364,SEV7MP6LB6CT93503,Chevrolet,Equinox,suv,2025,NA,YYZ,Toronto Pearson,on_rent,AGR-1466688,CUST-661774,"Johnson, R.",71579,TRK802823
JI19 KMR,YEX3X9XJH37BR6948,Skoda,Octavia,sedan,2023,EU,LHR,London Heathrow,in_service,,,,115203,TRK802824
UM67 IBQ,XPMT21ABMY1EK9674,Opel,Corsa,hatch,2023,EU,CDG,Paris Charles de Gaulle,available,,,,70699,TRK802825
PM70 TTH,PUW7NB2KRFJYV7663,BMW,1 Series,hatch,2023,EU,FRA,Frankfurt am Main,on_rent,AGR-2760115,CUST-463684,"Novak, P.",97883,TRK802826
AF84 CJG,VJE3VGZ34MPWA0928,Mercedes-Benz,A-Class,hatch,2023,EU,MAD,Madrid Barajas,on_rent,AGR-7457133,CUST-429700,"Rossi, F.",63473,TRK802827
UB83 MOA,THG0UWFC8ZXZ57247,Fiat,500e,hatch,2023,EU,MXP,Milan Malpensa,in_service,,,,32020,TRK802828
DG65 TYT,FTS611BDXV1HE1096,Seat,Leon,hatch,2023,EU,AMS,Amsterdam Schiphol,on_rent,AGR-5895072,CUST-472190,"Bianchi, M.",116195,TRK802829
VZ24 BLO,LJZ47405TU0672544,Ford,Puma,suv,2024,EU,MUC,Munich Franz Josef Strauss,on_rent,AGR-2868546,CUST-414123,"Kowalski, D.",12278,TRK802830
JA97 YGG,LWP33W2MLD1U88055,Citroen,C3,hatch,2024,EU,LIS,Lisbon Humberto Delgado,available,,,,62162,TRK802831
NFM0T86,JWEXKPFXPSTAS0955,Fiat,Cronos,sedan,2025,BR,GRU,Sao Paulo Guarulhos,on_rent,AGR-7756244,CUST-733088,"Oliveira, W.",89548,TRK802832
GBH3K06,AGRRS22BLL3DH7192,Fiat,Argo,hatch,2022,BR,CGH,Sao Paulo Congonhas,available,,,,133087,TRK802833
OHN7E31,ZCB71JNWN6F162713,Fiat,Mobi,hatch,2022,BR,GIG,Rio Galeao,on_rent,AGR-9372926,CUST-334464,"Silva, W.",23202,TRK802834
FZK7Z58,FPCLKFR7AYCNN8923,Volkswagen,Polo,hatch,2025,BR,CNF,Belo Horizonte Confins,on_rent,AGR-3458658,CUST-404183,"Souza, K.",116862,TRK802835
FVG6F30,VCP6FM09KMLBM6405,Volkswagen,T-Cross,suv,2024,BR,CWB,Curitiba Afonso Pena,on_rent,AGR-8485006,CUST-825061,"Carvalho, B.",35278,TRK802836
ZSQ9R18,BMK5FWBB6BV5S4647,Chevrolet,Onix,hatch,2023,BR,BSB,Brasilia Internacional,available,,,,114558,TRK802837
QIC1Z54,BFX34A968NKY93873,Chevrolet,Tracker,suv,2024,BR,POA,Porto Alegre Salgado Filho,on_rent,AGR-8731815,CUST-951584,"Lima, T.",99736,TRK802838
WEF5B72,DGMW5DXHB6K5L7705,Hyundai,HB20,hatch,2022,BR,SSA,Salvador Deputado Magalhaes,on_rent,AGR-7283462,CUST-238814,"Santos, B.",90019,TRK802839
JJX-8960,YPY6JHCJ0N35E6804,Hyundai,Elantra,sedan,2024,NA,DFW,Dallas Fort Worth,on_rent,AGR-2693427,CUST-971690,"Wilson, K.",68080,TRK802840
FHK-7064,TWR8LP0NP9H460052,Jeep,Grand Cherokee,suv,2024,NA,ATL,Atlanta Hartsfield,available,,,,9375,TRK802841
VVG-5741,PNFVAPJENHPLW3062,Kia,Telluride,suv,2024,NA,ORD,Chicago O'Hare,on_rent,AGR-4474077,CUST-415345,"Martinez, M.",14334,TRK802842
FTM-8487,UFUSR5Z8ZL1H26863,Tesla,Model 3,sedan,2023,NA,LAX,Los Angeles International,on_rent,AGR-1892840,CUST-696951,"Anderson, K.",9467,TRK802843
ADZ-4211,BDCF8RFFTZKTU6826,Toyota,Camry,sedan,2024,NA,MCO,Orlando International,in_service,,,,105040,TRK802844
SZZ-2413,FFC0GCS2LT3HF6766,Toyota,RAV4,suv,2025,NA,DEN,Denver International,on_rent,AGR-6085610,CUST-832820,"Taylor, J.",58311,TRK802845
WCA-7721,RAW2PD2EAT5M69099,Chevrolet,Malibu,sedan,2024,NA,PHX,Phoenix Sky Harbor,available,,,,48333,TRK802846
ZMH-9704,VUV99K24KGY2M8089,Chevrolet,Equinox,suv,2025,NA,YYZ,Toronto Pearson,on_rent,AGR-4679760,CUST-441906,"Martinez, B.",64971,TRK802847
LB10 NVV,VFDMC10L1TXJZ2026,Skoda,Octavia,sedan,2024,EU,LHR,London Heathrow,on_rent,AGR-1923148,CUST-311396,"Schmidt, H.",39071,TRK802848
QD37 WAW,DECW1JJLW44DG1868,Opel,Corsa,hatch,2022,EU,CDG,Paris Charles de Gaulle,available,,,,126654,TRK802849
RY52 GNC,BPS1WSRX0BL787779,BMW,1 Series,hatch,2022,EU,FRA,Frankfurt am Main,available,,,,60521,TRK802850
UP78 YCB,METJ4TUE4ZNP85198,Mercedes-Benz,A-Class,hatch,2024,EU,MAD,Madrid Barajas,available,,,,88558,TRK802851
DC64 VXM,WCCNDJ1L9K8UT9598,Fiat,500e,hatch,2024,EU,MXP,Milan Malpensa,on_rent,AGR-8483550,CUST-531133,"Silva, P.",138268,TRK802852
MA43 DYH,SVZUH2JX2DFK60046,Seat,Leon,hatch,2023,EU,AMS,Amsterdam Schiphol,in_service,,,,71981,TRK802853
HA97 VPQ,KWAZBGNR0JE911954,Ford,Puma,suv,2023,EU,MUC,Munich Franz Josef Strauss,on_rent,AGR-1740073,CUST-258386,"Rossi, G.",43914,TRK802854
RI42 PFU,RUC87RLXEP5LJ9291,Citroen,C3,hatch,2024,EU,LIS,Lisbon Humberto Delgado,on_rent,AGR-1807169,CUST-804885,"Andersson, P.",43195,TRK802855
URH4Q41,KVRM6MY21LZE96918,Fiat,Cronos,sedan,2025,BR,GRU,Sao Paulo Guarulhos,on_rent,AGR-8905403,CUST-767085,"Souza, N.",105877,TRK802856
QUE1X05,WLWBYFEBMREGL1904,Fiat,Argo,hatch,2022,BR,CGH,Sao Paulo Congonhas,available,,,,137614,TRK802857
GQE2F53,EWGRMZEHR3M924957,Fiat,Mobi,hatch,2024,BR,GIG,Rio Galeao,on_rent,AGR-3375602,CUST-432197,"Oliveira, N.",105344,TRK802858
SJB9J65,RCT85W0YST6PG5857,Volkswagen,Polo,hatch,2025,BR,CNF,Belo Horizonte Confins,on_rent,AGR-9705789,CUST-873043,"Silva, P.",137788,TRK802859
CNG5O50,WDHSKVBMNRHB62813,Volkswagen,T-Cross,suv,2023,BR,CWB,Curitiba Afonso Pena,on_rent,AGR-9590551,CUST-730870,"Almeida, L.",21512,TRK802860
SIF6O29,NGEL6NF52GE114769,Chevrolet,Onix,hatch,2023,BR,BSB,Brasilia Internacional,in_service,,,,50779,TRK802861
ZPN9C59,DHML4ZHT6X9ZK7750,Chevrolet,Tracker,suv,2022,BR,POA,Porto Alegre Salgado Filho,on_rent,AGR-3414445,CUST-574081,"Santos, E.",117037,TRK802862
GBN5L84,WRN4FNM88098V7114,Hyundai,HB20,hatch,2022,BR,SSA,Salvador Deputado Magalhaes,on_rent,AGR-9219461,CUST-579184,"Carvalho, A.",80809,TRK802863
FUS-5437,UUZFE75ZUFPK26034,Hyundai,Elantra,sedan,2023,NA,DFW,Dallas Fort Worth,on_rent,AGR-6437613,CUST-773660,"Miller, J.",53155,TRK802864
BQR-6518,AVCMYBYL0UFTA2498,Jeep,Grand Cherokee,suv,2024,NA,ATL,Atlanta Hartsfield,on_rent,AGR-3960201,CUST-905261,"Williams, L.",121975,TRK802865
IEB-5339,CTJJHUA2HBKMY9587,Kia,Telluride,suv,2024,NA,ORD,Chicago O'Hare,on_rent,AGR-4132821,CUST-569694,"Brown, C.",133212,TRK802866
BQY-3616,YVH2WHDMWB2E81376,Tesla,Model 3,sedan,2025,NA,LAX,Los Angeles International,available,,,,116731,TRK802867
OHX-4108,RNC3W8VWYTMYF2486,Toyota,Camry,sedan,2023,NA,MCO,Orlando International,on_rent,AGR-8040580,CUST-128192,"Garcia, S.",125049,TRK802868
YLQ-4583,NZTAM4W39HNP96149,Toyota,RAV4,suv,2024,NA,DEN,Denver International,on_rent,AGR-5289530,CUST-556425,"Wilson, H.",108121,TRK802869
CGA-4033,YSGB81KKJ010H5821,Chevrolet,Malibu,sedan,2023,NA,PHX,Phoenix Sky Harbor,on_rent,AGR-6032414,CUST-402859,"Jones, N.",135080,TRK802870
EPF-5522,HGJWVA1GGJFYR2387,Chevrolet,Equinox,suv,2025,NA,YYZ,Toronto Pearson,on_rent,AGR-3523834,CUST-452820,"Anderson, M.",81821,TRK802871
LT80 PNY,XYVG6F10ZV53U2405,Skoda,Octavia,sedan,2023,EU,LHR,London Heathrow,on_rent,AGR-6633415,CUST-904915,"Murphy, D.",32370,TRK802872
IY59 VJS,LNZRMST0B1YU94582,Opel,Corsa,hatch,2025,EU,CDG,Paris Charles de Gaulle,available,,,,15871,TRK802873
EO38 JWQ,LSWKK4JKAULHL3651,BMW,1 Series,hatch,2024,EU,FRA,Frankfurt am Main,available,,,,54387,TRK802874
JI86 DKV,AFEAM4PVRZ54R5169,Mercedes-Benz,A-Class,hatch,2023,EU,MAD,Madrid Barajas,on_rent,AGR-1092156,CUST-969572,"Bianchi, T.",77251,TRK802875
OI80 YAB,KTYU209RYZ9AG9390,Fiat,500e,hatch,2022,EU,MXP,Milan Malpensa,available,,,,48946,TRK802876
OQ47 OKF,FTCPM4LSBKEY89703,Seat,Leon,hatch,2024,EU,AMS,Amsterdam Schiphol,on_rent,AGR-6295406,CUST-942380,"Bianchi, E.",15676,TRK802877
LT86 UYX,SZFZKRPZMWT1P0284,Ford,Puma,suv,2025,EU,MUC,Munich Franz Josef Strauss,on_rent,AGR-6403069,CUST-593002,"Jansen, S.",29597,TRK802878
UV23 TIB,MJTGTNB5CP3PC0826,Citroen,C3,hatch,2024,EU,LIS,Lisbon Humberto Delgado,on_rent,AGR-7466176,CUST-953153,"Silva, E.",121927,TRK802879
DCP3Y64,KWN9VGFTKP2V11091,Fiat,Cronos,sedan,2023,BR,GRU,Sao Paulo Guarulhos,on_rent,AGR-6073617,CUST-245807,"Oliveira, H.",48492,TRK802880
BVN2B65,XBE0763G59PZZ6733,Fiat,Argo,hatch,2025,BR,CGH,Sao Paulo Congonhas,on_rent,AGR-1738516,CUST-406112,"Nascimento, N.",90183,TRK802881
KKF6C62,ETZ8Y28R78P8V9511,Fiat,Mobi,hatch,2024,BR,GIG,Rio Galeao,on_rent,AGR-7808048,CUST-104738,"Lima, B.",127347,TRK802882
ISL2K33,BAGP7ZDHLYRJK7251,Volkswagen,Polo,hatch,2024,BR,CNF,Belo Horizonte Confins,on_rent,AGR-8616466,CUST-751037,"Oliveira, N.",17350,TRK802883
NWV4M48,NYXDBUUE5Z8VZ7530,Volkswagen,T-Cross,suv,2024,BR,CWB,Curitiba Afonso Pena,available,,,,76595,TRK802884
CMN2N28,LRLJZJMBK1NH76767,Chevrolet,Onix,hatch,2024,BR,BSB,Brasilia Internacional,available,,,,31466,TRK802885
OFU3Z66,BGFV3LMKH0AYJ1530,Chevrolet,Tracker,suv,2023,BR,POA,Porto Alegre Salgado Filho,available,,,,115947,TRK802886
XXP9A82,JXERU6FRWTCKP2168,Hyundai,HB20,hatch,2024,BR,SSA,Salvador Deputado Magalhaes,on_rent,AGR-6458929,CUST-817264,"Oliveira, L.",20620,TRK802887
FXP-7514,TLMSLA45XY10A8200,Hyundai,Elantra,sedan,2022,NA,DFW,Dallas Fort Worth,available,,,,136185,TRK802888
BMJ-3012,NSY1A5KB3WZCH0017,Jeep,Grand Cherokee,suv,2022,NA,ATL,Atlanta Hartsfield,available,,,,97301,TRK802889
SRK-4558,BXP0ZHCZ95FPC9687,Kia,Telluride,suv,2023,NA,ORD,Chicago O'Hare,available,,,,23522,TRK802890
EOI-3850,WGH5WNU4CUC775949,Tesla,Model 3,sedan,2024,NA,LAX,Los Angeles International,available,,,,90773,TRK802891
VCX-8511,UBUMMYSFG7UBP3649,Toyota,Camry,sedan,2022,NA,MCO,Orlando International,available,,,,100153,TRK802892
BXI-7028,ZZRH68U1FXX1M4244,Toyota,RAV4,suv,2023,NA,DEN,Denver International,on_rent,AGR-6351372,CUST-920728,"Brown, C.",69224,TRK802893
UXY-8500,YTUY9WZ9RM03D1290,Chevrolet,Malibu,sedan,2025,NA,PHX,Phoenix Sky Harbor,in_service,,,,75731,TRK802894
KHT-7160,SDUD9DMC094MM9329,Chevrolet,Equinox,suv,2023,NA,YYZ,Toronto Pearson,on_rent,AGR-4121653,CUST-263723,"Brown, H.",95416,TRK802895
RX52 BUP,VSEAZ637ZV0M30682,Skoda,Octavia,sedan,2022,EU,LHR,London Heathrow,available,,,,21235,TRK802896
HM12 SMA,GHSHS4AS0V8Z37704,Opel,Corsa,hatch,2024,EU,CDG,Paris Charles de Gaulle,on_rent,AGR-5179608,CUST-828375,"Novak, K.",8343,TRK802897
HO84 XUX,YTBHHS00Y5GAD5412,BMW,1 Series,hatch,2024,EU,FRA,Frankfurt am Main,on_rent,AGR-3672000,CUST-163028,"Rossi, S.",15241,TRK802898
PQ14 KKY,BDKHE0664UY1N1722,Mercedes-Benz,A-Class,hatch,2023,EU,MAD,Madrid Barajas,available,,,,132742,TRK802899
JV31 XHN,MYGXNPG68BRKB5002,Fiat,500e,hatch,2024,EU,MXP,Milan Malpensa,available,,,,89872,TRK802900
KU78 KIX,RHWF05U7BX9KB6194,Seat,Leon,hatch,2023,EU,AMS,Amsterdam Schiphol,on_rent,AGR-9645261,CUST-992203,"Dubois, C.",23884,TRK802901
EY25 PDC,JNRLD25LY3MNV0597,Ford,Puma,suv,2022,EU,MUC,Munich Franz Josef Strauss,in_service,,,,27287,TRK802902
OU89 VSD,YTEHH0H9E8GA10675,Citroen,C3,hatch,2024,EU,LIS,Lisbon Humberto Delgado,available,,,,113831,TRK802903
TOT6P50,KEPFED7CANTB52838,Fiat,Cronos,sedan,2025,BR,GRU,Sao Paulo Guarulhos,available,,,,98861,TRK802904
VYE9O59,EWCS7TEHT5WKS4131,Fiat,Argo,hatch,2024,BR,CGH,Sao Paulo Congonhas,on_rent,AGR-8573769,CUST-756039,"Araujo, T.",121021,TRK802905
PKP0I80,NJUCW5LD3CYTC1838,Fiat,Mobi,hatch,2024,BR,GIG,Rio Galeao,in_service,,,,137033,TRK802906
ZED8F58,EMVTWEJYLC6XJ1337,Volkswagen,Polo,hatch,2024,BR,CNF,Belo Horizonte Confins,on_rent,AGR-5195216,CUST-583690,"Araujo, L.",130358,TRK802907
LOT6D84,JEUBEH8A3VZU82523,Volkswagen,T-Cross,suv,2023,BR,CWB,Curitiba Afonso Pena,on_rent,AGR-6464822,CUST-992568,"Souza, J.",93103,TRK802908
VPG2K72,UXVR3FJYNPZFK4263,Chevrolet,Onix,hatch,2023,BR,BSB,Brasilia Internacional,on_rent,AGR-3553406,CUST-872544,"Almeida, B.",97068,TRK802909
WDP1L97,KTVGL3PFR8FU07237,Chevrolet,Tracker,suv,2024,BR,POA,Porto Alegre Salgado Filho,on_rent,AGR-3723633,CUST-553702,"Souza, R.",119068,TRK802910
EZC5P18,KUWMRSLHUJDZX9816,Hyundai,HB20,hatch,2023,BR,SSA,Salvador Deputado Magalhaes,on_rent,AGR-1068388,CUST-870771,"Rodrigues, A.",15856,TRK802911
LVF-3185,ZPD8KY7C1MA0S4387,Hyundai,Elantra,sedan,2025,NA,DFW,Dallas Fort Worth,available,,,,16415,TRK802912
OXA-7526,PVHLJZ61A57G19662,Jeep,Grand Cherokee,suv,2022,NA,ATL,Atlanta Hartsfield,available,,,,72615,TRK802913
SOA-5787,WTGLTFBXX3DS49580,Kia,Telluride,suv,2023,NA,ORD,Chicago O'Hare,on_rent,AGR-3510280,CUST-628857,"Martinez, S.",122606,TRK802914
FMI-5092,RWYYYM8MK86W59890,Tesla,Model 3,sedan,2022,NA,LAX,Los Angeles International,in_service,,,,100111,TRK802915
XMG-6083,ZVKL2LDWPH3HM1954,Toyota,Camry,sedan,2022,NA,MCO,Orlando International,in_service,,,,8900,TRK802916
UFM-1283,MWKV6CYC8RRUP8340,Toyota,RAV4,suv,2022,NA,DEN,Denver International,on_rent,AGR-9891124,CUST-310042,"Davis, A.",101201,TRK802917
KIT-9118,BSM6JYTYK339S7953,Chevrolet,Malibu,sedan,2023,NA,PHX,Phoenix Sky Harbor,available,,,,67842,TRK802918
LBI-8801,UUEMPRT6BAK399090,Chevrolet,Equinox,suv,2025,NA,YYZ,Toronto Pearson,on_rent,AGR-8582579,CUST-867465,"Williams, R.",57904,TRK802919
IJ83 CUN,YASC19XPYGC905864,Skoda,Octavia,sedan,2022,EU,LHR,London Heathrow,on_rent,AGR-1509139,CUST-140798,"Murphy, J.",106349,TRK802920
LI97 FFG,GPATGCKV8UEA65407,Opel,Corsa,hatch,2023,EU,CDG,Paris Charles de Gaulle,on_rent,AGR-7052991,CUST-701416,"Andersson, C.",75182,TRK802921
DR75 ENI,WYX0G5BPKX8KU3343,BMW,1 Series,hatch,2023,EU,FRA,Frankfurt am Main,available,,,,99492,TRK802922
IG15 QSJ,HXPTTJY2MKX6S1930,Mercedes-Benz,A-Class,hatch,2023,EU,MAD,Madrid Barajas,on_rent,AGR-1776314,CUST-557868,"Murphy, M.",10567,TRK802923
QP77 KFP,ZEJK1TMCP4Y5W2042,Fiat,500e,hatch,2022,EU,MXP,Milan Malpensa,available,,,,40717,TRK802924
XC36 EUY,UBA26MK0XGN1D3333,Seat,Leon,hatch,2023,EU,AMS,Amsterdam Schiphol,on_rent,AGR-7924329,CUST-565387,"Muller, M.",43262,TRK802925
LN32 XAT,JTKS539Z9DZJC7786,Ford,Puma,suv,2024,EU,MUC,Munich Franz Josef Strauss,on_rent,AGR-3104520,CUST-208893,"Dubois, T.",136370,TRK802926
BT92 PFV,AJTS693H488M26800,Citroen,C3,hatch,2024,EU,LIS,Lisbon Humberto Delgado,on_rent,AGR-4983833,CUST-286376,"Dubois, J.",95261,TRK802927
NGC4N71,SAJ56P7TTMLC81406,Fiat,Cronos,sedan,2024,BR,GRU,Sao Paulo Guarulhos,on_rent,AGR-2655092,CUST-988072,"Araujo, D.",41073,TRK802928
RTT0P06,RSH1FABB970875740,Fiat,Argo,hatch,2023,BR,CGH,Sao Paulo Congonhas,on_rent,AGR-4287035,CUST-382284,"Carvalho, T.",136379,TRK802929
KOC7O76,CTM2SK6WYE81D6473,Fiat,Mobi,hatch,2022,BR,GIG,Rio Galeao,available,,,,46382,TRK802930
GOQ4Y35,MSXTWUD7J7D6B9910,Volkswagen,Polo,hatch,2023,BR,CNF,Belo Horizonte Confins,on_rent,AGR-4124902,CUST-286133,"Araujo, H.",78535,TRK802931
NOD5M84,NGNLU342YDGB34540,Volkswagen,T-Cross,suv,2023,BR,CWB,Curitiba Afonso Pena,on_rent,AGR-1179269,CUST-478053,"Rodrigues, G.",15816,TRK802932
OEE3P03,VDJKAGMD5U0JR0652,Chevrolet,Onix,hatch,2024,BR,BSB,Brasilia Internacional,available,,,,73311,TRK802933
EQO5B37,MHZ98KPZ38LWS9538,Chevrolet,Tracker,suv,2025,BR,POA,Porto Alegre Salgado Filho,on_rent,AGR-7286646,CUST-637547,"Nascimento, G.",108230,TRK802934
RWR5V47,CUVPLEHNCHNAD8599,Hyundai,HB20,hatch,2025,BR,SSA,Salvador Deputado Magalhaes,on_rent,AGR-7133713,CUST-277461,"Santos, K.",18611,TRK802935
SXW-5607,FFHH6F9KATAZD6158,Hyundai,Elantra,sedan,2023,NA,DFW,Dallas Fort Worth,on_rent,AGR-2929549,CUST-745120,"Garcia, P.",61877,TRK802936
GSX-7165,JCSSMW0XVG6B00816,Jeep,Grand Cherokee,suv,2023,NA,ATL,Atlanta Hartsfield,on_rent,AGR-3179860,CUST-485712,"Martinez, N.",62501,TRK802937
EWN-7840,ZRDXD8DDXY6D12615,Kia,Telluride,suv,2025,NA,ORD,Chicago O'Hare,on_rent,AGR-9093248,CUST-174261,"Anderson, M.",27317,TRK802938
ZNH-9157,NFSKA3S32B6794917,Tesla,Model 3,sedan,2022,NA,LAX,Los Angeles International,on_rent,AGR-7781239,CUST-774922,"Jones, J.",122294,TRK802939
UCO-5267,UZKZXG7P90D6K7612,Toyota,Camry,sedan,2023,NA,MCO,Orlando International,on_rent,AGR-6182954,CUST-810782,"Martinez, T.",132321,TRK802940
NTJ-8997,DTGJHNRJW9NPF6951,Toyota,RAV4,suv,2023,NA,DEN,Denver International,on_rent,AGR-7180048,CUST-429276,"Miller, A.",33116,TRK802941
YSD-4728,ZXATE6B8M2FG53158,Chevrolet,Malibu,sedan,2023,NA,PHX,Phoenix Sky Harbor,on_rent,AGR-1614741,CUST-624006,"Taylor, B.",50145,TRK802942
YRX-7301,FDS20ZXZ4CB561797,Chevrolet,Equinox,suv,2022,NA,YYZ,Toronto Pearson,available,,,,92719,TRK802943
LU74 EPH,JMWRNB3NBHLM03087,Skoda,Octavia,sedan,2025,EU,LHR,London Heathrow,on_rent,AGR-2584963,CUST-552415,"Garcia, B.",53739,TRK802944
LC26 WXF,MGSTK99G53H817323,Opel,Corsa,hatch,2022,EU,CDG,Paris Charles de Gaulle,on_rent,AGR-1655758,CUST-192053,"Bianchi, M.",105842,TRK802945
PM92 IJT,GYF9CC2YKAC9F1459,BMW,1 Series,hatch,2025,EU,FRA,Frankfurt am Main,available,,,,79454,TRK802946
GO27 CVG,PPZ7PBABHUFAP6183,Mercedes-Benz,A-Class,hatch,2024,EU,MAD,Madrid Barajas,on_rent,AGR-8399934,CUST-199838,"Andersson, C.",115696,TRK802947
CU39 ABC,BLU76GGEK8GH45526,Fiat,500e,hatch,2025,EU,MXP,Milan Malpensa,on_rent,AGR-7495116,CUST-229404,"Garcia, M.",82319,TRK802948
VN25 SCC,FWK0J249X8K7Y5786,Seat,Leon,hatch,2022,EU,AMS,Amsterdam Schiphol,on_rent,AGR-3545352,CUST-633517,"Silva, R.",54136,TRK802949
OL66 POV,RUGA4RVDDV9RL7076,Ford,Puma,suv,2025,EU,MUC,Munich Franz Josef Strauss,on_rent,AGR-9833419,CUST-309935,"Kowalski, F.",114191,TRK802950
CK18 PVR,ERHEM3B7KA6Y81433,Citroen,C3,hatch,2024,EU,LIS,Lisbon Humberto Delgado,in_service,,,,25176,TRK802951
EQE3J32,EWY3V7B9F1AMD0195,Fiat,Cronos,sedan,2022,BR,GRU,Sao Paulo Guarulhos,on_rent,AGR-8873426,CUST-259794,"Souza, E.",43559,TRK802952
OJU8R57,BMLG02NWBM9GK3765,Fiat,Argo,hatch,2022,BR,CGH,Sao Paulo Congonhas,on_rent,AGR-9707171,CUST-836868,"Oliveira, G.",125546,TRK802953
FYZ3H19,BCTT6RASJNR3Z0696,Fiat,Mobi,hatch,2024,BR,GIG,Rio Galeao,on_rent,AGR-9746103,CUST-562610,"Oliveira, C.",81211,TRK802954
ZFP4T25,AYBEZAPPERE5N7576,Volkswagen,Polo,hatch,2025,BR,CNF,Belo Horizonte Confins,on_rent,AGR-4954027,CUST-578090,"Silva, H.",25062,TRK802955
MYA6G44,VVX1RV08E6WM28637,Volkswagen,T-Cross,suv,2022,BR,CWB,Curitiba Afonso Pena,on_rent,AGR-1275148,CUST-436136,"Souza, L.",133738,TRK802956
DZD9Q92,PKJX5CEH56A6R8872,Chevrolet,Onix,hatch,2024,BR,BSB,Brasilia Internacional,on_rent,AGR-1852572,CUST-496764,"Oliveira, L.",17471,TRK802957
QIQ7Q48,SSR4412FCA0VS2954,Chevrolet,Tracker,suv,2023,BR,POA,Porto Alegre Salgado Filho,in_service,,,,56936,TRK802958
VWC6T08,MUX91510FUUWL8789,Hyundai,HB20,hatch,2022,BR,SSA,Salvador Deputado Magalhaes,on_rent,AGR-4034636,CUST-601079,"Souza, H.",67534,TRK802959
CWL-9528,WGNLXJMZSMXEB5985,Hyundai,Elantra,sedan,2024,NA,DFW,Dallas Fort Worth,on_rent,AGR-5952923,CUST-425142,"Brown, H.",134711,TRK802960
ESG-2785,CVZTZTB76FYPU4619,Jeep,Grand Cherokee,suv,2024,NA,ATL,Atlanta Hartsfield,available,,,,73524,TRK802961
GRJ-3496,TCTBSPJ1341E01639,Kia,Telluride,suv,2023,NA,ORD,Chicago O'Hare,available,,,,41939,TRK802962
BFS-8304,HVVM9YK2CEA4E2482,Tesla,Model 3,sedan,2024,NA,LAX,Los Angeles International,on_rent,AGR-4490848,CUST-976398,"Wilson, B.",42591,TRK802963
GSH-6997,DHAEK824CC3DK2449,Toyota,Camry,sedan,2023,NA,MCO,Orlando International,on_rent,AGR-6615299,CUST-835414,"Johnson, W.",24669,TRK802964
JWR-5816,PZYJPPT0DCSNH5206,Toyota,RAV4,suv,2023,NA,DEN,Denver International,on_rent,AGR-3089606,CUST-768213,"Garcia, S.",56939,TRK802965
STT-7213,BJHB3U7597W0H3493,Chevrolet,Malibu,sedan,2024,NA,PHX,Phoenix Sky Harbor,on_rent,AGR-8062017,CUST-899788,"Garcia, A.",109978,TRK802966
JSB-8231,UFST6X7TJ93YG3701,Chevrolet,Equinox,suv,2024,NA,YYZ,Toronto Pearson,on_rent,AGR-6294264,CUST-814777,"Johnson, R.",48491,TRK802967
NK93 QRP,URC4SXGYWMD5R2419,Skoda,Octavia,sedan,2025,EU,LHR,London Heathrow,on_rent,AGR-8840841,CUST-743150,"Kowalski, B.",86765,TRK802968
BH29 RTE,PEKWMFTTS0AKT1651,Opel,Corsa,hatch,2025,EU,CDG,Paris Charles de Gaulle,available,,,,120848,TRK802969
PY53 KYS,MTG95NV1PTKR89938,BMW,1 Series,hatch,2023,EU,FRA,Frankfurt am Main,available,,,,8448,TRK802970
HX62 YYJ,JVHXKX0ZXUDZH9531,Mercedes-Benz,A-Class,hatch,2022,EU,MAD,Madrid Barajas,on_rent,AGR-8197673,CUST-709118,"Kowalski, D.",106349,TRK802971
JR13 MYH,ZGL5T9SGWY3DU7463,Fiat,500e,hatch,2024,EU,MXP,Milan Malpensa,in_service,,,,91053,TRK802972
DT40 TBF,BACHL24U8JKK00439,Seat,Leon,hatch,2024,EU,AMS,Amsterdam Schiphol,on_rent,AGR-1532193,CUST-339057,"Kowalski, E.",27936,TRK802973
VV12 KUR,BUEC31SWBZJSC9492,Ford,Puma,suv,2023,EU,MUC,Munich Franz Josef Strauss,on_rent,AGR-6646726,CUST-458109,"Andersson, J.",120908,TRK802974
TO99 ADV,CVAZ2HWK2N5PJ8471,Citroen,C3,hatch,2024,EU,LIS,Lisbon Humberto Delgado,on_rent,AGR-9510444,CUST-236293,"Jansen, T.",109380,TRK802975
OFK8D82,CJDUZM2SNVC6E2844,Fiat,Cronos,sedan,2024,BR,GRU,Sao Paulo Guarulhos,available,,,,69435,TRK802976
ODU9B22,GGZR9V3W1YKYA0883,Fiat,Argo,hatch,2023,BR,CGH,Sao Paulo Congonhas,on_rent,AGR-3228460,CUST-722374,"Santos, S.",38439,TRK802977
SZU8I92,GDDAJ2R0GFSTL8087,Fiat,Mobi,hatch,2022,BR,GIG,Rio Galeao,available,,,,51089,TRK802978
MIF1T55,HKN50VLS1VTF52727,Volkswagen,Polo,hatch,2023,BR,CNF,Belo Horizonte Confins,on_rent,AGR-1593602,CUST-435907,"Rodrigues, E.",107755,TRK802979
CMB6W08,XXK2DL5NVE20X4793,Volkswagen,T-Cross,suv,2024,BR,CWB,Curitiba Afonso Pena,on_rent,AGR-7098807,CUST-239177,"Lima, T.",19376,TRK802980
JKH3J90,WLP9H06EMUGTJ8534,Chevrolet,Onix,hatch,2022,BR,BSB,Brasilia Internacional,in_service,,,,95721,TRK802981
JQP4U24,EHPAZALMM56H26163,Chevrolet,Tracker,suv,2024,BR,POA,Porto Alegre Salgado Filho,on_rent,AGR-5575824,CUST-888705,"Silva, A.",45663,TRK802982
EBV1C96,DPY9B3NPSH70E9535,Hyundai,HB20,hatch,2025,BR,SSA,Salvador Deputado Magalhaes,on_rent,AGR-8642003,CUST-110081,"Araujo, S.",47577,TRK802983
ZKN-2089,YFDXNAPGY3VDP9702,Hyundai,Elantra,sedan,2023,NA,DFW,Dallas Fort Worth,available,,,,128470,TRK802984
RNU-6926,ZLA0X26KD0PKV1376,Jeep,Grand Cherokee,suv,2024,NA,ATL,Atlanta Hartsfield,on_rent,AGR-4582384,CUST-390933,"Jones, D.",113731,TRK802985
BGN-1427,DFSBW06YU2AG02148,Kia,Telluride,suv,2025,NA,ORD,Chicago O'Hare,in_service,,,,109556,TRK802986
ZLK-3597,VVD23S84UUX2C2326,Tesla,Model 3,sedan,2023,NA,LAX,Los Angeles International,on_rent,AGR-8679636,CUST-680499,"Williams, M.",110216,TRK802987
JBA-5081,XUCR3R1C9T5BG4272,Toyota,Camry,sedan,2023,NA,MCO,Orlando International,on_rent,AGR-4754220,CUST-571430,"Jones, M.",131439,TRK802988
IPB-8265,EKPBMYUT83MM16198,Toyota,RAV4,suv,2024,NA,DEN,Denver International,in_service,,,,76976,TRK802989
GGS-2341,WWTT8XX18YGBB3976,Chevrolet,Malibu,sedan,2022,NA,PHX,Phoenix Sky Harbor,in_service,,,,85089,TRK802990
DEH-2017,PXMNCCN6VKRJR8879,Chevrolet,Equinox,suv,2023,NA,YYZ,Toronto Pearson,on_rent,AGR-8210510,CUST-614970,"Johnson, K.",37925,TRK802991
ND93 PFI,ALHGWV9C4EECR1619,Skoda,Octavia,sedan,2023,EU,LHR,London Heathrow,on_rent,AGR-4626287,CUST-403802,"Schmidt, L.",58579,TRK802992
WP38 WAG,GJCR0KRA3X2M21251,Opel,Corsa,hatch,2023,EU,CDG,Paris Charles de Gaulle,on_rent,AGR-3339823,CUST-599989,"Jansen, M.",39007,TRK802993
CX41 NHF,JWHHMW5PUT5J85596,BMW,1 Series,hatch,2022,EU,FRA,Frankfurt am Main,on_rent,AGR-5384855,CUST-526517,"Dubois, N.",123399,TRK802994
DC79 KMH,APV3TU5C6B78W4171,Mercedes-Benz,A-Class,hatch,2024,EU,MAD,Madrid Barajas,available,,,,21491,TRK802995
GJ64 WDC,VENDDC22UN99E0071,Fiat,500e,hatch,2022,EU,MXP,Milan Malpensa,on_rent,AGR-5521849,CUST-504795,"Garcia, K.",84966,TRK802996
NV80 VSU,CJV284A1C0BWD7039,Seat,Leon,hatch,2023,EU,AMS,Amsterdam Schiphol,on_rent,AGR-7405309,CUST-454667,"Andersson, S.",109870,TRK802997
RE30 OUK,AXKJTLRV27T9Z5845,Ford,Puma,suv,2024,EU,MUC,Munich Franz Josef Strauss,in_service,,,,139063,TRK802998
JS18 IJD,NTN1NBNVEHZM03531,Citroen,C3,hatch,2022,EU,LIS,Lisbon Humberto Delgado,available,,,,43559,TRK802999
BAT1K93,JFF5KCAD0XHZW4718,Fiat,Cronos,sedan,2025,BR,GRU,Sao Paulo Guarulhos,available,,,,121043,TRK803000
OUJ9U06,EXMYCPWA3KSTV4830,Fiat,Argo,hatch,2024,BR,CGH,Sao Paulo Congonhas,on_rent,AGR-5947969,CUST-734779,"Souza, E.",89027,TRK803001
CWQ9O94,FHWZMWZ3SUTNL2410,Fiat,Mobi,hatch,2023,BR,GIG,Rio Galeao,on_rent,AGR-9661779,CUST-689583,"Pereira, H.",64509,TRK803002
VAB9L27,NMXUXCYBBTZYR1175,Volkswagen,Polo,hatch,2025,BR,CNF,Belo Horizonte Confins,on_rent,AGR-3297050,CUST-905962,"Almeida, W.",38559,TRK803003
NTA8Q63,SLSYCPHJTFHBZ6064,Volkswagen,T-Cross,suv,2023,BR,CWB,Curitiba Afonso Pena,on_rent,AGR-6889661,CUST-594199,"Lima, P.",61851,TRK803004
UMK5E67,VTB35YSRSUY7L6708,Chevrolet,Onix,hatch,2025,BR,BSB,Brasilia Internacional,available,,,,65885,TRK803005
OTO7U49,NUB21AVD6FW8T5436,Chevrolet,Tracker,suv,2022,BR,POA,Porto Alegre Salgado Filho,on_rent,AGR-3258940,CUST-439932,"Pereira, W.",57408,TRK803006
WCD9T07,NKGUVWJGWWJA25720,Hyundai,HB20,hatch,2022,BR,SSA,Salvador Deputado Magalhaes,on_rent,AGR-4590890,CUST-207744,"Almeida, F.",95304,TRK803007
NXY-8853,ZRC1SSHVF38C87596,Hyundai,Elantra,sedan,2024,NA,DFW,Dallas Fort Worth,on_rent,AGR-2722036,CUST-847130,"Davis, T.",107732,TRK803008
UAJ-6652,DFVV6TW5R4FX21677,Jeep,Grand Cherokee,suv,2024,NA,ATL,Atlanta Hartsfield,on_rent,AGR-3040573,CUST-202370,"Smith, R.",119329,TRK803009
WCA-7067,YZGZDKVWH6NRX9711,Kia,Telluride,suv,2024,NA,ORD,Chicago O'Hare,on_rent,AGR-9684189,CUST-123005,"Martinez, P.",99937,TRK803010
GJM-2193,ZRT6YX53A3DYU4233,Tesla,Model 3,sedan,2022,NA,LAX,Los Angeles International,on_rent,AGR-3084166,CUST-668969,"Wilson, K.",83569,TRK803011
RNY-5058,UFJRV5TNN4E5A7943,Toyota,Camry,sedan,2025,NA,MCO,Orlando International,on_rent,AGR-8869035,CUST-323832,"Johnson, L.",78731,TRK803012
MUD-3298,VDZL7RDJM5AM43173,Toyota,RAV4,suv,2022,NA,DEN,Denver International,on_rent,AGR-9420118,CUST-727807,"Martinez, C.",21399,TRK803013
OEZ-5319,TGKF3TXJ4SY783860,Chevrolet,Malibu,sedan,2024,NA,PHX,Phoenix Sky Harbor,on_rent,AGR-9796012,CUST-675347,"Wilson, D.",135356,TRK803014
TPZ-3900,JGS8KDUWM8CPT3961,Chevrolet,Equinox,suv,2024,NA,YYZ,Toronto Pearson,on_rent,AGR-2686913,CUST-116632,"Anderson, T.",34837,TRK803015
VA78 KEJ,SCVPEND2WV87Z7644,Skoda,Octavia,sedan,2022,EU,LHR,London Heathrow,on_rent,AGR-7340147,CUST-794914,"Garcia, K.",72320,TRK803016
ZW70 JDG,MHD8CGTAYZEV31168,Opel,Corsa,hatch,2023,EU,CDG,Paris Charles de Gaulle,on_rent,AGR-5700119,CUST-613880,"Dubois, B.",37699,TRK803017
SO87 OUI,JLFYUTRBK9ZBC8001,BMW,1 Series,hatch,2024,EU,FRA,Frankfurt am Main,on_rent,AGR-7749689,CUST-329600,"Kowalski, T.",116066,TRK803018
PR62 RSI,HGUCUGNK9VFPG9001,Mercedes-Benz,A-Class,hatch,2025,EU,MAD,Madrid Barajas,on_rent,AGR-2656608,CUST-534943,"Andersson, D.",99982,TRK803019
FX89 NQU,EWEKN3HX96MNR3883,Fiat,500e,hatch,2023,EU,MXP,Milan Malpensa,available,,,,57341,TRK803020
QL92 QEC,EYK39DZ7G1G3W3847,Seat,Leon,hatch,2022,EU,AMS,Amsterdam Schiphol,available,,,,96496,TRK803021
YW80 ASM,HXJZFTMJPNX057562,Ford,Puma,suv,2023,EU,MUC,Munich Franz Josef Strauss,in_service,,,,114338,TRK803022
WX69 IXZ,LZSDUH7G8SJ079159,Citroen,C3,hatch,2022,EU,LIS,Lisbon Humberto Delgado,in_service,,,,124223,TRK803023
CAO9N83,HNN080M60CBA62899,Fiat,Cronos,sedan,2025,BR,GRU,Sao Paulo Guarulhos,available,,,,106354,TRK803024
YSQ1Z27,LEUFF8MLYTXRC0891,Fiat,Argo,hatch,2023,BR,CGH,Sao Paulo Congonhas,available,,,,76564,TRK803025
ABB0A35,YNTCN9K6M3WTN2601,Fiat,Mobi,hatch,2025,BR,GIG,Rio Galeao,in_service,,,,105752,TRK803026
DNK0S17,WTY3SN6N8V2697926,Volkswagen,Polo,hatch,2023,BR,CNF,Belo Horizonte Confins,on_rent,AGR-1020479,CUST-863188,"Santos, E.",109792,TRK803027
XKJ7N63,CVE8KW9A7F8N18182,Volkswagen,T-Cross,suv,2024,BR,CWB,Curitiba Afonso Pena,on_rent,AGR-2613653,CUST-813766,"Oliveira, E.",110530,TRK803028
DEY1D17,GRW9Z5G39AZCM8401,Chevrolet,Onix,hatch,2024,BR,BSB,Brasilia Internacional,in_service,,,,94531,TRK803029
IFW8X65,HHM45NAX0AGPA8552,Chevrolet,Tracker,suv,2023,BR,POA,Porto Alegre Salgado Filho,on_rent,AGR-3934562,CUST-330545,"Lima, K.",30742,TRK803030
CPE3S48,HXC162WU9FYZP5664,Hyundai,HB20,hatch,2024,BR,SSA,Salvador Deputado Magalhaes,on_rent,AGR-8739632,CUST-215291,"Oliveira, G.",73713,TRK803031
DYE-1469,PNHAUVEPJZF9R4868,Hyundai,Elantra,sedan,2025,NA,DFW,Dallas Fort Worth,on_rent,AGR-7908871,CUST-383850,"Johnson, E.",62407,TRK803032
QEH-4605,CSSYEUJFDLGS57753,Jeep,Grand Cherokee,suv,2025,NA,ATL,Atlanta Hartsfield,available,,,,70712,TRK803033
BMM-9297,XNN3RN1XPRTDS2857,Kia,Telluride,suv,2023,NA,ORD,Chicago O'Hare,on_rent,AGR-4274208,CUST-660139,"Martinez, J.",135086,TRK803034
WIT-7057,PYP3DLUBC19ML6091,Tesla,Model 3,sedan,2024,NA,LAX,Los Angeles International,on_rent,AGR-2449917,CUST-605943,"Wilson, K.",53675,TRK803035
BUE-4339,RMN62GBHGS8K56977,Toyota,Camry,sedan,2025,NA,MCO,Orlando International,on_rent,AGR-9360963,CUST-385159,"Wilson, R.",111217,TRK803036
QGZ-2837,TEC67KP2U6VUF4151,Toyota,RAV4,suv,2025,NA,DEN,Denver International,on_rent,AGR-5710608,CUST-124331,"Miller, B.",31555,TRK803037
UEF-9127,UGA5VBBC3ZNNE2655,Chevrolet,Malibu,sedan,2024,NA,PHX,Phoenix Sky Harbor,available,,,,57153,TRK803038
GOC-9771,CYXR9KXUTL0MC4382,Chevrolet,Equinox,suv,2024,NA,YYZ,Toronto Pearson,in_service,,,,46402,TRK803039
SR42 KLL,JLP8DB4W6H06R4215,Skoda,Octavia,sedan,2023,EU,LHR,London Heathrow,on_rent,AGR-6785556,CUST-856075,"Kowalski, C.",87230,TRK803040
BE83 ILK,YKPXBU5G9HKDG1635,Opel,Corsa,hatch,2025,EU,CDG,Paris Charles de Gaulle,in_service,,,,14654,TRK803041
UN85 JIM,MMCWDX8FJ8EZ93313,BMW,1 Series,hatch,2024,EU,FRA,Frankfurt am Main,on_rent,AGR-3593080,CUST-449811,"Andersson, L.",102754,TRK803042
EQ70 IUE,XLWHCXFP74NZ08220,Mercedes-Benz,A-Class,hatch,2023,EU,MAD,Madrid Barajas,on_rent,AGR-5618213,CUST-614826,"Andersson, N.",25341,TRK803043
EF24 NSH,HSMCS5HDASPDX6916,Fiat,500e,hatch,2024,EU,MXP,Milan Malpensa,on_rent,AGR-3586500,CUST-405157,"Muller, C.",23494,TRK803044
OA41 IUR,WWZC5BSKAZA5W4115,Seat,Leon,hatch,2023,EU,AMS,Amsterdam Schiphol,on_rent,AGR-5443416,CUST-475443,"Murphy, T.",83713,TRK803045
QO33 XAB,CAEBW7880KGRY5638,Ford,Puma,suv,2022,EU,MUC,Munich Franz Josef Strauss,on_rent,AGR-9175114,CUST-484141,"Muller, J.",97144,TRK803046
GZ88 UYW,PZKM2SYU5KS767447,Citroen,C3,hatch,2024,EU,LIS,Lisbon Humberto Delgado,on_rent,AGR-7381891,CUST-863552,"Murphy, N.",88715,TRK803047
RGW9O93,GVL9WDTXK6C2H5865,Fiat,Cronos,sedan,2022,BR,GRU,Sao Paulo Guarulhos,available,,,,26101,TRK803048
OZH9A93,ZAS7DTL73U6DM5673,Fiat,Argo,hatch,2023,BR,CGH,Sao Paulo Congonhas,on_rent,AGR-8318039,CUST-707693,"Araujo, J.",120479,TRK803049
YLT5K15,BRFMGPW0AYB975044,Fiat,Mobi,hatch,2024,BR,GIG,Rio Galeao,on_rent,AGR-7382212,CUST-236078,"Oliveira, T.",32840,TRK803050
ZBW8J54,DRMBTLDZVZL878487,Volkswagen,Polo,hatch,2024,BR,CNF,Belo Horizonte Confins,on_rent,AGR-7606171,CUST-502066,"Rodrigues, E.",51055,TRK803051
NHL8B70,AMXX4UDFBA54R2815,Volkswagen,T-Cross,suv,2023,BR,CWB,Curitiba Afonso Pena,on_rent,AGR-4505559,CUST-657508,"Silva, D.",103295,TRK803052
BMU6M83,LXLYM6G8C5K106596,Chevrolet,Onix,hatch,2024,BR,BSB,Brasilia Internacional,on_rent,AGR-7934335,CUST-353804,"Araujo, E.",8658,TRK803053
PSU9I45,BMJNA98GRWKA90187,Chevrolet,Tracker,suv,2023,BR,POA,Porto Alegre Salgado Filho,on_rent,AGR-9476381,CUST-461427,"Nascimento, F.",124782,TRK803054
VHV7H19,VSF5K3B9UZ27J6527,Hyundai,HB20,hatch,2025,BR,SSA,Salvador Deputado Magalhaes,available,,,,51550,TRK803055
NUU-6190,KBS7FW1MX77EA7268,Hyundai,Elantra,sedan,2025,NA,DFW,Dallas Fort Worth,on_rent,AGR-3799082,CUST-345331,"Garcia, P.",81795,TRK803056
MQJ-5615,MNLL936CCA0PY3332,Jeep,Grand Cherokee,suv,2024,NA,ATL,Atlanta Hartsfield,in_service,,,,44949,TRK803057
FPP-9131,DWC36UGR2987A7290,Kia,Telluride,suv,2023,NA,ORD,Chicago O'Hare,on_rent,AGR-7566177,CUST-469986,"Anderson, R.",88570,TRK803058
GUB-3685,FVG0JM555S1R81892,Tesla,Model 3,sedan,2024,NA,LAX,Los Angeles International,on_rent,AGR-5873306,CUST-739264,"Jones, F.",77077,TRK803059
RZL-4333,DSFU85NMTY5801241,Toyota,Camry,sedan,2023,NA,MCO,Orlando International,on_rent,AGR-5367593,CUST-624595,"Jones, K.",45894,TRK803060
CRS-1444,SZUC4L9FGCY8T9660,Toyota,RAV4,suv,2024,NA,DEN,Denver International,on_rent,AGR-7188026,CUST-203636,"Wilson, D.",52010,TRK803061
QLQ-1811,JTFWSJ9CCTD074898,Chevrolet,Malibu,sedan,2025,NA,PHX,Phoenix Sky Harbor,on_rent,AGR-8802396,CUST-287644,"Smith, A.",56167,TRK803062
MOX-4805,GTBTRM8NTX1MP3326,Chevrolet,Equinox,suv,2023,NA,YYZ,Toronto Pearson,on_rent,AGR-4255298,CUST-429014,"Brown, M.",71969,TRK803063
KP44 AJI,VWFX542ZCX3V24306,Skoda,Octavia,sedan,2022,EU,LHR,London Heathrow,available,,,,68497,TRK803064
XJ95 QRB,ADY8LF2MDB7NR3202,Opel,Corsa,hatch,2024,EU,CDG,Paris Charles de Gaulle,on_rent,AGR-1482436,CUST-933362,"Novak, A.",53939,TRK803065
JS45 ZKE,THCMEFZT062PB9004,BMW,1 Series,hatch,2023,EU,FRA,Frankfurt am Main,on_rent,AGR-4145606,CUST-560936,"Schmidt, L.",50950,TRK803066
WV49 UGM,GFFL1E9JSVXZ78190,Mercedes-Benz,A-Class,hatch,2025,EU,MAD,Madrid Barajas,on_rent,AGR-4771202,CUST-841078,"Rossi, E.",18521,TRK803067
XW73 OOQ,KENLWKERB24X61846,Fiat,500e,hatch,2022,EU,MXP,Milan Malpensa,available,,,,107245,TRK803068
UO28 YYM,BXHKSC7VZ0BFS8039,Seat,Leon,hatch,2023,EU,AMS,Amsterdam Schiphol,on_rent,AGR-8119617,CUST-940878,"Garcia, P.",66239,TRK803069
IK35 RWQ,HEE5XK09Z9F4S4390,Ford,Puma,suv,2023,EU,MUC,Munich Franz Josef Strauss,on_rent,AGR-1469393,CUST-331400,"Jansen, B.",10120,TRK803070
KH81 CFV,ZAKJTVNMFSSMG5790,Citroen,C3,hatch,2023,EU,LIS,Lisbon Humberto Delgado,on_rent,AGR-3802665,CUST-915972,"Dubois, T.",124738,TRK803071
QNH4R61,CTHBM2S163ZKL2883,Fiat,Cronos,sedan,2025,BR,GRU,Sao Paulo Guarulhos,available,,,,125833,TRK803072
EPI3I10,TJEHDL1GZ7JNE9823,Fiat,Argo,hatch,2025,BR,CGH,Sao Paulo Congonhas,on_rent,AGR-7659019,CUST-634277,"Souza, C.",89592,TRK803073
PEK7O25,APHPPR423RFKA5613,Fiat,Mobi,hatch,2024,BR,GIG,Rio Galeao,in_service,,,,57721,TRK803074
NEE9P64,FJT58KLPEVAH90636,Volkswagen,Polo,hatch,2022,BR,CNF,Belo Horizonte Confins,available,,,,87074,TRK803075
TLE8A63,BSYW45MLA9WDP6524,Volkswagen,T-Cross,suv,2023,BR,CWB,Curitiba Afonso Pena,available,,,,51752,TRK803076
NOB9V62,HTWD659Z561721418,Chevrolet,Onix,hatch,2023,BR,BSB,Brasilia Internacional,on_rent,AGR-9592219,CUST-772696,"Carvalho, B.",52878,TRK803077
IWR9A22,CRRB3WJKX88XU4233,Chevrolet,Tracker,suv,2023,BR,POA,Porto Alegre Salgado Filho,on_rent,AGR-2102089,CUST-216828,"Rodrigues, F.",66936,TRK803078
WEU8Y57,AJTLNCYX9R6UX1204,Hyundai,HB20,hatch,2025,BR,SSA,Salvador Deputado Magalhaes,available,,,,123753,TRK803079
XDC-9449,KSNAVGGV5S7X50002,Hyundai,Elantra,sedan,2023,NA,DFW,Dallas Fort Worth,available,,,,132176,TRK803080
SZB-2824,XMSE0JN9C56CG3440,Jeep,Grand Cherokee,suv,2025,NA,ATL,Atlanta Hartsfield,available,,,,46275,TRK803081
MKZ-5917,EBWSRSJN3V2YC1856,Kia,Telluride,suv,2024,NA,ORD,Chicago O'Hare,available,,,,29500,TRK803082
SXB-2476,NSKKDR5ELCLZ84846,Tesla,Model 3,sedan,2022,NA,LAX,Los Angeles International,available,,,,84325,TRK803083
QXC-4314,LEJSBHV2B4XV32104,Toyota,Camry,sedan,2023,NA,MCO,Orlando International,available,,,,100403,TRK803084
XSP-8393,VDAB80SPZAP4X4615,Toyota,RAV4,suv,2024,NA,DEN,Denver International,available,,,,112077,TRK803085
AKR-2621,DVL8ET6FYVLFK2998,Chevrolet,Malibu,sedan,2023,NA,PHX,Phoenix Sky Harbor,on_rent,AGR-6901201,CUST-974400,"Wilson, C.",102226,TRK803086
VIZ-4247,GDDHPD93YX3CP4522,Chevrolet,Equinox,suv,2022,NA,YYZ,Toronto Pearson,in_service,,,,90176,TRK803087
UI56 WIR,GBGU3ULP597848646,Skoda,Octavia,sedan,2023,EU,LHR,London Heathrow,available,,,,100807,TRK803088
OR32 JHG,NDN0UC3BPFRR94660,Opel,Corsa,hatch,2022,EU,CDG,Paris Charles de Gaulle,on_rent,AGR-7475109,CUST-901873,"Garcia, T.",135382,TRK803089
LH77 OMO,VTWVTKJDE5ALH8008,BMW,1 Series,hatch,2025,EU,FRA,Frankfurt am Main,in_service,,,,67847,TRK803090
JD49 UCT,UZD39L1YLCVDF5341,Mercedes-Benz,A-Class,hatch,2022,EU,MAD,Madrid Barajas,on_rent,AGR-4060130,CUST-905353,"Muller, P.",34610,TRK803091
NT59 YPM,SCKFSKXZXCZ499287,Fiat,500e,hatch,2023,EU,MXP,Milan Malpensa,on_rent,AGR-7301289,CUST-485606,"Kowalski, P.",44143,TRK803092
AF56 TVM,UCPUK05YH327E0390,Seat,Leon,hatch,2025,EU,AMS,Amsterdam Schiphol,on_rent,AGR-4093734,CUST-686557,"Kowalski, T.",16155,TRK803093
OW21 JNY,ZSX3C58ZT5F974584,Ford,Puma,suv,2024,EU,MUC,Munich Franz Josef Strauss,in_service,,,,31959,TRK803094
WR64 GFE,FCS3N3VMW0HXH1056,Citroen,C3,hatch,2023,EU,LIS,Lisbon Humberto Delgado,available,,,,76939,TRK803095
HEN8Y49,PRW37TR66HWR82219,Fiat,Cronos,sedan,2023,BR,GRU,Sao Paulo Guarulhos,on_rent,AGR-2452928,CUST-372772,"Rodrigues, C.",62056,TRK803096
OYH9X41,KJSMNU8LGAWY79215,Fiat,Argo,hatch,2023,BR,CGH,Sao Paulo Congonhas,on_rent,AGR-6255789,CUST-181635,"Costa, W.",16492,TRK803097
UQW0H47,NRP74NTJ3LYDK2931,Fiat,Mobi,hatch,2023,BR,GIG,Rio Galeao,on_rent,AGR-4023827,CUST-476785,"Souza, W.",77969,TRK803098
BTY0X22,BNT4DU78GW6FY3519,Volkswagen,Polo,hatch,2024,BR,CNF,Belo Horizonte Confins,on_rent,AGR-9212319,CUST-824916,"Oliveira, J.",112125,TRK803099
BWY4S11,DHU345EXW9H4V4171,Volkswagen,T-Cross,suv,2023,BR,CWB,Curitiba Afonso Pena,on_rent,AGR-3174165,CUST-796409,"Costa, L.",15151,TRK803100
YDZ3V25,JBRZ4GBUSFBYL9285,Chevrolet,Onix,hatch,2023,BR,BSB,Brasilia Internacional,available,,,,56142,TRK803101
TPR7U88,VVPFAFUUKBWG92537,Chevrolet,Tracker,suv,2023,BR,POA,Porto Alegre Salgado Filho,on_rent,AGR-6214569,CUST-193974,"Araujo, R.",134006,TRK803102
POL3N17,DAEYEM43V39JY6048,Hyundai,HB20,hatch,2024,BR,SSA,Salvador Deputado Magalhaes,in_service,,,,129415,TRK803103
BFY-2117,JSJPL25H8DHVE2013,Hyundai,Elantra,sedan,2024,NA,DFW,Dallas Fort Worth,available,,,,50801,TRK803104
PZR-4229,NSP1SUW8RF3AL3628,Jeep,Grand Cherokee,suv,2025,NA,ATL,Atlanta Hartsfield,on_rent,AGR-1590364,CUST-119536,"Garcia, J.",66790,TRK803105
FFI-1783,YPPT1SG2RGRAW8632,Kia,Telluride,suv,2024,NA,ORD,Chicago O'Hare,on_rent,AGR-8133628,CUST-526853,"Brown, T.",120647,TRK803106
QBO-8414,NRRNF7D59YZPM2496,Tesla,Model 3,sedan,2024,NA,LAX,Los Angeles International,available,,,,93688,TRK803107
UND-2866,GVMLHEJ3LH5SB5314,Toyota,Camry,sedan,2023,NA,MCO,Orlando International,on_rent,AGR-1941074,CUST-926224,"Martinez, C.",60948,TRK803108
OYH-8077,AMD40CNDNFL8L8219,Toyota,RAV4,suv,2022,NA,DEN,Denver International,on_rent,AGR-1877999,CUST-127424,"Wilson, P.",12238,TRK803109
MMZ-6680,WHRDL352D20S69784,Chevrolet,Malibu,sedan,2023,NA,PHX,Phoenix Sky Harbor,on_rent,AGR-9401533,CUST-897932,"Anderson, S.",47600,TRK803110
TFH-5574,UFEBJW5NL7L5M2603,Chevrolet,Equinox,suv,2024,NA,YYZ,Toronto Pearson,available,,,,137485,TRK803111
TN91 TZZ,AEDEUS46EKYL98033,Skoda,Octavia,sedan,2025,EU,LHR,London Heathrow,on_rent,AGR-2678919,CUST-251288,"Murphy, A.",31208,TRK803112
JJ39 GUP,GAW322SB5E3G60216,Opel,Corsa,hatch,2025,EU,CDG,Paris Charles de Gaulle,on_rent,AGR-5716555,CUST-996270,"Muller, N.",60179,TRK803113
MC88 XYC,LUZND2TWGSF4J5625,BMW,1 Series,hatch,2023,EU,FRA,Frankfurt am Main,on_rent,AGR-4343862,CUST-861669,"Andersson, E.",62151,TRK803114
ID92 ENH,FXXTBEXTDHLRA7101,Mercedes-Benz,A-Class,hatch,2023,EU,MAD,Madrid Barajas,on_rent,AGR-7216601,CUST-992940,"Schmidt, G.",116351,TRK803115
BP64 MNY,BVPLKNALHJM4V7062,Fiat,500e,hatch,2023,EU,MXP,Milan Malpensa,available,,,,32117,TRK803116
RZ70 NCA,BYLG9X2T2W7D57561,Seat,Leon,hatch,2023,EU,AMS,Amsterdam Schiphol,on_rent,AGR-9556207,CUST-461853,"Silva, B.",14306,TRK803117
AY26 QQV,XGPPYT25N0GFD9994,Ford,Puma,suv,2024,EU,MUC,Munich Franz Josef Strauss,on_rent,AGR-2398518,CUST-784201,"Silva, P.",8789,TRK803118
BP73 FBO,YTBBAWE2ZMEXW5067,Citroen,C3,hatch,2024,EU,LIS,Lisbon Humberto Delgado,on_rent,AGR-7545106,CUST-754381,"Garcia, A.",116168,TRK803119
GPR4T65,PBBPK8P4ZU3NN0287,Fiat,Cronos,sedan,2024,BR,GRU,Sao Paulo Guarulhos,available,,,,83536,TRK803120
VAX9D68,CKWDM2AUN9X2L7347,Fiat,Argo,hatch,2023,BR,CGH,Sao Paulo Congonhas,available,,,,106885,TRK803121
XRD3B47,RLJ610C6TR94D9394,Fiat,Mobi,hatch,2023,BR,GIG,Rio Galeao,on_rent,AGR-4301824,CUST-657283,"Santos, N.",41245,TRK803122
FUT2Q88,KAPJMDEKPAKVG1751,Volkswagen,Polo,hatch,2024,BR,CNF,Belo Horizonte Confins,in_service,,,,78824,TRK803123
QLG3E25,DWM7A6MHVY2VK6313,Volkswagen,T-Cross,suv,2024,BR,CWB,Curitiba Afonso Pena,in_service,,,,97383,TRK803124
YMV3C03,UEHB477M0BJZT1471,Chevrolet,Onix,hatch,2025,BR,BSB,Brasilia Internacional,on_rent,AGR-2650974,CUST-411390,"Santos, P.",109691,TRK803125
CJL7J61,HMMWLYRX4REKH8184,Chevrolet,Tracker,suv,2024,BR,POA,Porto Alegre Salgado Filho,on_rent,AGR-8501128,CUST-346413,"Souza, C.",53624,TRK803126
WJK3O06,SJYY6D4GDT9T59297,Hyundai,HB20,hatch,2025,BR,SSA,Salvador Deputado Magalhaes,on_rent,AGR-3143301,CUST-651930,"Oliveira, R.",13045,TRK803127
BYS-8185,KYDG7YKL166MN4058,Hyundai,Elantra,sedan,2022,NA,DFW,Dallas Fort Worth,on_rent,AGR-7233674,CUST-606262,"Taylor, C.",60997,TRK803128
RSJ-5163,GWRRA51ZYGNKA0724,Jeep,Grand Cherokee,suv,2024,NA,ATL,Atlanta Hartsfield,on_rent,AGR-5999240,CUST-867488,"Taylor, W.",100572,TRK803129
IPO-3015,TPZXE0NRBRBEB4382,Kia,Telluride,suv,2022,NA,ORD,Chicago O'Hare,on_rent,AGR-6965628,CUST-192823,"Brown, K.",96031,TRK803130
ICE-6258,JDTM17SHXXCXR5149,Tesla,Model 3,sedan,2022,NA,LAX,Los Angeles International,available,,,,54778,TRK803131
ELE-8536,KYR0HRMV5WEVW1096,Toyota,Camry,sedan,2023,NA,MCO,Orlando International,available,,,,31527,TRK803132
ZRZ-2340,WFACZAUDPLEAM8237,Toyota,RAV4,suv,2024,NA,DEN,Denver International,on_rent,AGR-9762997,CUST-620842,"Smith, E.",43052,TRK803133
ZJD-7955,DYNRHMKZD1XH53529,Chevrolet,Malibu,sedan,2024,NA,PHX,Phoenix Sky Harbor,available,,,,54699,TRK803134
SPI-4454,JSN9U64V7FS2C8474,Chevrolet,Equinox,suv,2024,NA,YYZ,Toronto Pearson,on_rent,AGR-3132115,CUST-171707,"Miller, P.",25097,TRK803135
IC58 LMP,GTYU0LU40RA7W5405,Skoda,Octavia,sedan,2024,EU,LHR,London Heathrow,in_service,,,,37475,TRK803136
HC28 JNX,SNSYCV10ZKDZH9198,Opel,Corsa,hatch,2023,EU,CDG,Paris Charles de Gaulle,available,,,,116198,TRK803137
FV18 FJS,MJGA1C9MDT6KH3644,BMW,1 Series,hatch,2024,EU,FRA,Frankfurt am Main,on_rent,AGR-1147073,CUST-461018,"Dubois, L.",105109,TRK803138
HY47 BJW,PPM3JUFZBBEAT6812,Mercedes-Benz,A-Class,hatch,2024,EU,MAD,Madrid Barajas,available,,,,18835,TRK803139
ON68 JNM,FZBCMTR3GHRYP5700,Fiat,500e,hatch,2022,EU,MXP,Milan Malpensa,on_rent,AGR-1839064,CUST-367880,"Kowalski, P.",77816,TRK803140
RE82 MRT,YUC940ZV6YS975721,Seat,Leon,hatch,2024,EU,AMS,Amsterdam Schiphol,on_rent,AGR-6389382,CUST-636441,"Silva, N.",38233,TRK803141
VD20 VHM,HCYYVUBR06EPX9188,Ford,Puma,suv,2023,EU,MUC,Munich Franz Josef Strauss,in_service,,,,103827,TRK803142
AN56 RAJ,NVLXMPLBRUUSG1117,Citroen,C3,hatch,2023,EU,LIS,Lisbon Humberto Delgado,on_rent,AGR-7028694,CUST-579870,"Muller, C.",88200,TRK803143
VGQ8W09,TZAG20MSDKGME2462,Fiat,Cronos,sedan,2025,BR,GRU,Sao Paulo Guarulhos,on_rent,AGR-3638453,CUST-950712,"Santos, S.",53092,TRK803144
DYZ7L72,PGCDTHCSB6YRG0863,Fiat,Argo,hatch,2023,BR,CGH,Sao Paulo Congonhas,available,,,,38423,TRK803145
LZC4X92,EDJMJV4USNN928805,Fiat,Mobi,hatch,2024,BR,GIG,Rio Galeao,on_rent,AGR-3992937,CUST-138770,"Rodrigues, N.",17599,TRK803146
QSI7W98,MRUSA4Z16TFS22804,Volkswagen,Polo,hatch,2022,BR,CNF,Belo Horizonte Confins,on_rent,AGR-7865965,CUST-231263,"Almeida, P.",41930,TRK803147
TVT9P44,RBP7P6RZZTB3K3481,Volkswagen,T-Cross,suv,2025,BR,CWB,Curitiba Afonso Pena,available,,,,95100,TRK803148
ARW8F49,LEMVNU2VACGK34196,Chevrolet,Onix,hatch,2024,BR,BSB,Brasilia Internacional,on_rent,AGR-9037451,CUST-322055,"Lima, A.",16976,TRK803149
GSI6G36,GCMB0BPZ388M56868,Chevrolet,Tracker,suv,2025,BR,POA,Porto Alegre Salgado Filho,on_rent,AGR-3815074,CUST-661113,"Santos, N.",96608,TRK803150
CAB1E64,HZJHA3YE41ZDY0328,Hyundai,HB20,hatch,2025,BR,SSA,Salvador Deputado Magalhaes,on_rent,AGR-9944116,CUST-742893,"Silva, L.",84073,TRK803151
LER-5824,KLK3RHYWUX3D93601,Hyundai,Elantra,sedan,2025,NA,DFW,Dallas Fort Worth,on_rent,AGR-9821609,CUST-413237,"Martinez, D.",21109,TRK803152
MTZ-4393,YMJ5ZDB2FULLL2757,Jeep,Grand Cherokee,suv,2023,NA,ATL,Atlanta Hartsfield,available,,,,133059,TRK803153
CKO-9775,VVHY2CX8S87WZ8524,Kia,Telluride,suv,2023,NA,ORD,Chicago O'Hare,available,,,,17869,TRK803154
XWX-6107,RNWF9MXBR3JJ12218,Tesla,Model 3,sedan,2023,NA,LAX,Los Angeles International,on_rent,AGR-3510019,CUST-918714,"Anderson, E.",12649,TRK803155
HLE-5083,KUKV69GKXXYBU8404,Toyota,Camry,sedan,2023,NA,MCO,Orlando International,on_rent,AGR-7892725,CUST-431609,"Garcia, A.",39396,TRK803156
EIN-5345,MFF2EJ2NFF6PJ3977,Toyota,RAV4,suv,2024,NA,DEN,Denver International,on_rent,AGR-9991244,CUST-977382,"Williams, P.",47647,TRK803157
RYU-6461,FCKNWMXSYS1BJ4613,Chevrolet,Malibu,sedan,2022,NA,PHX,Phoenix Sky Harbor,available,,,,46103,TRK803158
IQQ-1076,HSF6YVKK4N3PS9138,Chevrolet,Equinox,suv,2025,NA,YYZ,Toronto Pearson,on_rent,AGR-3318247,CUST-683797,"Miller, B.",114712,TRK803159
KJ28 FWR,HVFKYB15WAYPN2220,Skoda,Octavia,sedan,2023,EU,LHR,London Heathrow,available,,,,30774,TRK803160
OJ23 WCV,DFDFL76SXCVGY7061,Opel,Corsa,hatch,2023,EU,CDG,Paris Charles de Gaulle,on_rent,AGR-3871211,CUST-146867,"Rossi, D.",40007,TRK803161
VO52 RIG,RJA8Y1R819AVM1650,BMW,1 Series,hatch,2023,EU,FRA,Frankfurt am Main,available,,,,124606,TRK803162
BI55 VUZ,DZJAKSUDX62SH1472,Mercedes-Benz,A-Class,hatch,2023,EU,MAD,Madrid Barajas,available,,,,79125,TRK803163
DD27 SCS,RJEUH745V8DGU6406,Fiat,500e,hatch,2022,EU,MXP,Milan Malpensa,on_rent,AGR-4912888,CUST-646051,"Muller, A.",77026,TRK803164
ZC38 WIO,WED2E9Y7X5ZLR0545,Seat,Leon,hatch,2024,EU,AMS,Amsterdam Schiphol,on_rent,AGR-8904137,CUST-220646,"Novak, W.",77298,TRK803165
DA99 PVH,YMMZC41U95AZZ9758,Ford,Puma,suv,2025,EU,MUC,Munich Franz Josef Strauss,on_rent,AGR-2887222,CUST-532796,"Murphy, K.",106230,TRK803166
QF89 AGD,DUP037SRRUM3P6626,Citroen,C3,hatch,2023,EU,LIS,Lisbon Humberto Delgado,on_rent,AGR-5228831,CUST-443414,"Jansen, L.",98072,TRK803167
MKR5D31,SWSAYLGN5JE093157,Fiat,Cronos,sedan,2025,BR,GRU,Sao Paulo Guarulhos,on_rent,AGR-5810750,CUST-465998,"Nascimento, E.",120751,TRK803168
RKL5Y57,PALZX7VRD09RH0551,Fiat,Argo,hatch,2024,BR,CGH,Sao Paulo Congonhas,on_rent,AGR-3121548,CUST-199253,"Almeida, J.",109258,TRK803169
ZKT9N29,CUTY7XZBCN7U19326,Fiat,Mobi,hatch,2023,BR,GIG,Rio Galeao,available,,,,97032,TRK803170
VOS1E23,MDLXMDZ27PZH32169,Volkswagen,Polo,hatch,2024,BR,CNF,Belo Horizonte Confins,on_rent,AGR-2604054,CUST-884242,"Silva, J.",120723,TRK803171
FSG6F40,UKBJ1CFVDBR208325,Volkswagen,T-Cross,suv,2023,BR,CWB,Curitiba Afonso Pena,available,,,,78756,TRK803172
WKM6L37,YTP838RDRM2004140,Chevrolet,Onix,hatch,2024,BR,BSB,Brasilia Internacional,available,,,,120036,TRK803173
CNL1C55,YGWC6WFE3ZSZF7911,Chevrolet,Tracker,suv,2024,BR,POA,Porto Alegre Salgado Filho,available,,,,54185,TRK803174
SSK2S06,HAPPTJPYK7KL68672,Hyundai,HB20,hatch,2024,BR,SSA,Salvador Deputado Magalhaes,available,,,,122013,TRK803175
HJK-3911,AEZ6FJ93BHTDC8201,Hyundai,Elantra,sedan,2023,NA,DFW,Dallas Fort Worth,available,,,,69685,TRK803176
DDO-4855,RCRKPYMRBLXHC3455,Jeep,Grand Cherokee,suv,2022,NA,ATL,Atlanta Hartsfield,on_rent,AGR-2852977,CUST-535004,"Jones, R.",52136,TRK803177
PJW-4113,HVU20WN3KFE6P9301,Kia,Telluride,suv,2024,NA,ORD,Chicago O'Hare,available,,,,111899,TRK803178
CKT-5095,GNTZE276T0TH56296,Tesla,Model 3,sedan,2024,NA,LAX,Los Angeles International,on_rent,AGR-9559027,CUST-931041,"Johnson, H.",96990,TRK803179
SYO-3787,DTH5T2ZWKPFN58567,Toyota,Camry,sedan,2025,NA,MCO,Orlando International,in_service,,,,52691,TRK803180
OWE-7589,RVM2DLNZ2MDCA5222,Toyota,RAV4,suv,2023,NA,DEN,Denver International,available,,,,49145,TRK803181
RPM-8269,BKFB2AKHM3AEY0555,Chevrolet,Malibu,sedan,2025,NA,PHX,Phoenix Sky Harbor,available,,,,27144,TRK803182
DQP-9822,STL9RUY7G5US01452,Chevrolet,Equinox,suv,2023,NA,YYZ,Toronto Pearson,available,,,,21262,TRK803183
YI96 ELU,FPJ1L4YM846XP9483,Skoda,Octavia,sedan,2023,EU,LHR,London Heathrow,on_rent,AGR-3489503,CUST-213066,"Novak, N.",53313,TRK803184
OP62 NJW,BBR81DA9MPV9A8425,Opel,Corsa,hatch,2023,EU,CDG,Paris Charles de Gaulle,available,,,,52531,TRK803185
QM80 BJY,WURM1J86RB4WX6317,BMW,1 Series,hatch,2024,EU,FRA,Frankfurt am Main,on_rent,AGR-8384987,CUST-614511,"Dubois, S.",12357,TRK803186
UT45 JIL,CYXX2E3CRZYEF9775,Mercedes-Benz,A-Class,hatch,2022,EU,MAD,Madrid Barajas,on_rent,AGR-2792261,CUST-448625,"Silva, J.",127856,TRK803187
EP44 YST,GLEK7JEH171K07408,Fiat,500e,hatch,2023,EU,MXP,Milan Malpensa,on_rent,AGR-5507838,CUST-655864,"Silva, B.",38770,TRK803188
YW30 YKA,XWXK8H4KNB5GC0125,Seat,Leon,hatch,2022,EU,AMS,Amsterdam Schiphol,on_rent,AGR-5520081,CUST-785897,"Muller, P.",129019,TRK803189
QJ66 KSK,CTNMR7G1CLHG16630,Ford,Puma,suv,2022,EU,MUC,Munich Franz Josef Strauss,in_service,,,,81592,TRK803190
PJ78 ZMT,SCF40TDPWVFVD4249,Citroen,C3,hatch,2022,EU,LIS,Lisbon Humberto Delgado,in_service,,,,91117,TRK803191
ODD0F41,ZEYRMVEVECK4V2548,Fiat,Cronos,sedan,2025,BR,GRU,Sao Paulo Guarulhos,on_rent,AGR-1152273,CUST-470580,"Silva, J.",80200,TRK803192
EYO1G08,EZK36EBSNFVFE9260,Fiat,Argo,hatch,2024,BR,CGH,Sao Paulo Congonhas,in_service,,,,125641,TRK803193
YUI9T84,FBTRWL27FCKKD7048,Fiat,Mobi,hatch,2023,BR,GIG,Rio Galeao,on_rent,AGR-2869530,CUST-891605,"Pereira, H.",34971,TRK803194
IUE3P99,BJTMP6C6EGETR1207,Volkswagen,Polo,hatch,2022,BR,CNF,Belo Horizonte Confins,on_rent,AGR-4261382,CUST-477316,"Araujo, T.",80788,TRK803195
KAF9O44,YWW034746M1PA8868,Volkswagen,T-Cross,suv,2023,BR,CWB,Curitiba Afonso Pena,available,,,,120319,TRK803196
CVB8P63,VUBYKMTFHXFVA9025,Chevrolet,Onix,hatch,2023,BR,BSB,Brasilia Internacional,on_rent,AGR-2020116,CUST-138473,"Nascimento, G.",57517,TRK803197
YIV2W11,SUYBWV43N15EA5802,Chevrolet,Tracker,suv,2025,BR,POA,Porto Alegre Salgado Filho,on_rent,AGR-6304036,CUST-195006,"Oliveira, C.",14399,TRK803198
NEF6I18,JAB6XHAP6JGXF8997,Hyundai,HB20,hatch,2023,BR,SSA,Salvador Deputado Magalhaes,on_rent,AGR-4730803,CUST-322771,"Costa, S.",135921,TRK803199
TVS-6677,PAL8KK0JYV6122350,Hyundai,Elantra,sedan,2024,NA,DFW,Dallas Fort Worth,available,,,,130012,TRK803200
DDN-5605,WBEKCZURMCSXS3527,Jeep,Grand Cherokee,suv,2022,NA,ATL,Atlanta Hartsfield,on_rent,AGR-8489551,CUST-272347,"Taylor, W.",118805,TRK803201
FVX-2755,GCHFR3VAYJS8A2690,Kia,Telluride,suv,2023,NA,ORD,Chicago O'Hare,in_service,,,,93826,TRK803202
YVT-3227,NPV6XRSCC0BJ55145,Tesla,Model 3,sedan,2025,NA,LAX,Los Angeles International,on_rent,AGR-5339566,CUST-955938,"Jones, P.",115715,TRK803203
MPL-7344,VYKZPUKF1ZZ355344,Toyota,Camry,sedan,2023,NA,MCO,Orlando International,available,,,,115656,TRK803204
LUM-3680,PKY3NML5KPW8A9197,Toyota,RAV4,suv,2022,NA,DEN,Denver International,available,,,,89942,TRK803205
CNS-8548,RUCYRWE7K59GY9681,Chevrolet,Malibu,sedan,2023,NA,PHX,Phoenix Sky Harbor,on_rent,AGR-8147334,CUST-142337,"Garcia, A.",52399,TRK803206
FIU-2855,WAMDR9UCRFLU25938,Chevrolet,Equinox,suv,2025,NA,YYZ,Toronto Pearson,available,,,,60438,TRK803207
SB23 ZUD,SBS866XTHFU2S7672,Skoda,Octavia,sedan,2023,EU,LHR,London Heathrow,in_service,,,,10723,TRK803208
VF55 RXR,SDH8BZXNG911P6476,Opel,Corsa,hatch,2024,EU,CDG,Paris Charles de Gaulle,on_rent,AGR-6081362,CUST-171883,"Silva, E.",51257,TRK803209
GX15 ARM,LYSWY3H6LXG8G3361,BMW,1 Series,hatch,2023,EU,FRA,Frankfurt am Main,on_rent,AGR-2274631,CUST-474952,"Bianchi, P.",32130,TRK803210
PH89 HOB,SGKLTXMK03XGE7228,Mercedes-Benz,A-Class,hatch,2023,EU,MAD,Madrid Barajas,available,,,,15560,TRK803211
MM54 BJH,KJUJSU76VW5T93878,Fiat,500e,hatch,2022,EU,MXP,Milan Malpensa,on_rent,AGR-4077619,CUST-919725,"Novak, T.",74289,TRK803212
BE73 EXX,MSLABTBLLJE7L2837,Seat,Leon,hatch,2025,EU,AMS,Amsterdam Schiphol,on_rent,AGR-3343352,CUST-696866,"Garcia, B.",58626,TRK803213
XR55 ITU,CEKUU336MSF7H3471,Ford,Puma,suv,2024,EU,MUC,Munich Franz Josef Strauss,on_rent,AGR-8746198,CUST-119223,"Schmidt, D.",103628,TRK803214
KE21 ZCB,DSWA3WX2NYX9X6128,Citroen,C3,hatch,2023,EU,LIS,Lisbon Humberto Delgado,on_rent,AGR-4679413,CUST-325433,"Schmidt, L.",85716,TRK803215
RWZ4K23,VNZEEZGYBUX3X2976,Fiat,Cronos,sedan,2024,BR,GRU,Sao Paulo Guarulhos,on_rent,AGR-1176475,CUST-672422,"Rodrigues, H.",91734,TRK803216
BOR3W65,TPMN7DLKSSN988513,Fiat,Argo,hatch,2024,BR,CGH,Sao Paulo Congonhas,available,,,,40689,TRK803217
RRN0C06,FLNAVUV5JUSC87646,Fiat,Mobi,hatch,2024,BR,GIG,Rio Galeao,available,,,,51330,TRK803218
UGY4R35,AGN8LLJKGX8X09461,Volkswagen,Polo,hatch,2023,BR,CNF,Belo Horizonte Confins,on_rent,AGR-7771826,CUST-647496,"Nascimento, T.",102272,TRK803219
TUW2T47,RYURN1N8LSD300808,Volkswagen,T-Cross,suv,2022,BR,CWB,Curitiba Afonso Pena,on_rent,AGR-1617235,CUST-349670,"Araujo, W.",44071,TRK803220
ATC0H09,ETBV9KJVGRABS6336,Chevrolet,Onix,hatch,2023,BR,BSB,Brasilia Internacional,available,,,,59424,TRK803221
IKW5K98,KSAT2YZ3PK0V72761,Chevrolet,Tracker,suv,2024,BR,POA,Porto Alegre Salgado Filho,on_rent,AGR-9769633,CUST-748636,"Nascimento, S.",64366,TRK803222
CIK0V29,HDM8DPALCB9253034,Hyundai,HB20,hatch,2025,BR,SSA,Salvador Deputado Magalhaes,on_rent,AGR-9345489,CUST-963909,"Araujo, K.",87350,TRK803223
DCE-9397,JBDY8EGGSYYPA6513,Hyundai,Elantra,sedan,2024,NA,DFW,Dallas Fort Worth,available,,,,128914,TRK803224
MQC-6204,JEHB5TZ2H44X00283,Jeep,Grand Cherokee,suv,2022,NA,ATL,Atlanta Hartsfield,available,,,,83829,TRK803225
XIH-5250,SXT95WD7JPP0N6731,Kia,Telluride,suv,2025,NA,ORD,Chicago O'Hare,on_rent,AGR-6200660,CUST-772500,"Anderson, F.",129307,TRK803226
EWK-3709,YVFJ830J9NJEB9826,Tesla,Model 3,sedan,2024,NA,LAX,Los Angeles International,on_rent,AGR-2510959,CUST-296773,"Taylor, S.",28575,TRK803227
HGF-8602,TUZJLE1L0UYPL2465,Toyota,Camry,sedan,2023,NA,MCO,Orlando International,on_rent,AGR-9192908,CUST-275382,"Jones, E.",63175,TRK803228
SNI-8148,WADTJH8FV05J45533,Toyota,RAV4,suv,2023,NA,DEN,Denver International,on_rent,AGR-2105130,CUST-870173,"Smith, M.",132643,TRK803229
CUE-4892,MXYZVRRAS355U3939,Chevrolet,Malibu,sedan,2023,NA,PHX,Phoenix Sky Harbor,available,,,,32865,TRK803230
BDU-4453,YDYSV3FF8E6UK9365,Chevrolet,Equinox,suv,2023,NA,YYZ,Toronto Pearson,on_rent,AGR-9959029,CUST-521042,"Jones, C.",80451,TRK803231
XJ63 BDB,WWMZXAHJ455FX3807,Skoda,Octavia,sedan,2022,EU,LHR,London Heathrow,on_rent,AGR-4552581,CUST-955110,"Dubois, B.",108178,TRK803232
YS98 DAO,ZNJF9SD6JBGE92434,Opel,Corsa,hatch,2023,EU,CDG,Paris Charles de Gaulle,available,,,,52277,TRK803233
DB32 JAT,SLFS1STPHD76E0033,BMW,1 Series,hatch,2024,EU,FRA,Frankfurt am Main,on_rent,AGR-7879353,CUST-350540,"Kowalski, S.",128638,TRK803234
QL26 FBJ,GHZ00RBE3L1HV8887,Mercedes-Benz,A-Class,hatch,2023,EU,MAD,Madrid Barajas,on_rent,AGR-8879544,CUST-613193,"Garcia, K.",34608,TRK803235
PX93 VJT,WUTFM57VVFWUS0228,Fiat,500e,hatch,2024,EU,MXP,Milan Malpensa,on_rent,AGR-3780812,CUST-486916,"Murphy, G.",67359,TRK803236
LG88 MMB,TPBKZG04P5JUW3187,Seat,Leon,hatch,2024,EU,AMS,Amsterdam Schiphol,available,,,,47151,TRK803237
CX40 JTX,GZCRXPL1D60CZ2994,Ford,Puma,suv,2024,EU,MUC,Munich Franz Josef Strauss,on_rent,AGR-7101759,CUST-496670,"Garcia, R.",60729,TRK803238
RY12 DSN,FFG6G866BMFH04485,Citroen,C3,hatch,2023,EU,LIS,Lisbon Humberto Delgado,available,,,,124971,TRK803239
XDF5S48,NRVNT67DCNF249537,Fiat,Cronos,sedan,2023,BR,GRU,Sao Paulo Guarulhos,available,,,,84465,TRK803240
LPP8T96,SYSR6AVTP7GAK1770,Fiat,Argo,hatch,2022,BR,CGH,Sao Paulo Congonhas,in_service,,,,10577,TRK803241
UHN6E04,PNP50A255VHP78272,Fiat,Mobi,hatch,2025,BR,GIG,Rio Galeao,on_rent,AGR-9912127,CUST-952529,"Nascimento, H.",22053,TRK803242
QKS7H61,BNDBHLPN7P4E82657,Volkswagen,Polo,hatch,2025,BR,CNF,Belo Horizonte Confins,on_rent,AGR-3235332,CUST-541923,"Costa, L.",71231,TRK803243
WLN9X37,WBJLVHY7GDN4B0219,Volkswagen,T-Cross,suv,2022,BR,CWB,Curitiba Afonso Pena,available,,,,24354,TRK803244
JHM5N64,MUNXGGE19VZ647526,Chevrolet,Onix,hatch,2025,BR,BSB,Brasilia Internacional,available,,,,90680,TRK803245
BIQ3Y39,MXRU8MK4EA4JU0576,Chevrolet,Tracker,suv,2024,BR,POA,Porto Alegre Salgado Filho,on_rent,AGR-8976927,CUST-689679,"Santos, W.",99233,TRK803246
XRI7N44,ALKYRYGHMD5FZ6834,Hyundai,HB20,hatch,2024,BR,SSA,Salvador Deputado Magalhaes,available,,,,98096,TRK803247
IXE-4321,SYK2L5X4VPXEA2397,Hyundai,Elantra,sedan,2024,NA,DFW,Dallas Fort Worth,available,,,,48725,TRK803248
ERP-4983,YKACTBXMR9N984822,Jeep,Grand Cherokee,suv,2023,NA,ATL,Atlanta Hartsfield,available,,,,100957,TRK803249
BQE-7930,YASNZ6VD46U152091,Kia,Telluride,suv,2023,NA,ORD,Chicago O'Hare,available,,,,64355,TRK803250
QDL-8276,ZMZHXNNA42D6E8392,Tesla,Model 3,sedan,2024,NA,LAX,Los Angeles International,on_rent,AGR-7740487,CUST-337411,"Garcia, M.",135736,TRK803251
AHR-6370,XAJHR3635SD930018,Toyota,Camry,sedan,2022,NA,MCO,Orlando International,on_rent,AGR-6226159,CUST-812750,"Williams, D.",128457,TRK803252
BPG-4116,DFMTS4G92R87G0588,Toyota,RAV4,suv,2023,NA,DEN,Denver International,available,,,,79971,TRK803253
JVE-2732,SDY7L89C7BJ5P3004,Chevrolet,Malibu,sedan,2024,NA,PHX,Phoenix Sky Harbor,in_service,,,,55410,TRK803254
HYE-5363,FLJVNLXRBKBT68544,Chevrolet,Equinox,suv,2024,NA,YYZ,Toronto Pearson,on_rent,AGR-6501470,CUST-274932,"Martinez, W.",66816,TRK803255
EE47 VHC,PRE3EKU51TABT5251,Skoda,Octavia,sedan,2024,EU,LHR,London Heathrow,on_rent,AGR-2327831,CUST-728520,"Novak, A.",118582,TRK803256
KM94 ESO,LMVECG7UA7ZN75566,Opel,Corsa,hatch,2023,EU,CDG,Paris Charles de Gaulle,available,,,,81260,TRK803257
SU67 LVH,TKRDRMAYUU47C1668,BMW,1 Series,hatch,2025,EU,FRA,Frankfurt am Main,available,,,,51475,TRK803258
XN56 XWA,JZTX3VAJ270UW6422,Mercedes-Benz,A-Class,hatch,2023,EU,MAD,Madrid Barajas,available,,,,12394,TRK803259
FB95 CQO,GEUMSL33NFZ0N3639,Fiat,500e,hatch,2023,EU,MXP,Milan Malpensa,in_service,,,,34690,TRK803260
GA70 AWH,BUTMHBEKDXTFZ9639,Seat,Leon,hatch,2023,EU,AMS,Amsterdam Schiphol,on_rent,AGR-8008535,CUST-152470,"Silva, S.",60483,TRK803261
CV20 UBR,JGW35UFNYN6GS0329,Ford,Puma,suv,2022,EU,MUC,Munich Franz Josef Strauss,on_rent,AGR-3350264,CUST-430429,"Garcia, A.",101477,TRK803262
JT83 XCX,VMZG07VWJN1CL4476,Citroen,C3,hatch,2023,EU,LIS,Lisbon Humberto Delgado,on_rent,AGR-3101592,CUST-429202,"Garcia, B.",137742,TRK803263
VNZ4A03,UWGVNLS3SSUHC0493,Fiat,Cronos,sedan,2024,BR,GRU,Sao Paulo Guarulhos,on_rent,AGR-8543794,CUST-303551,"Almeida, S.",80194,TRK803264
DRJ8C57,RJLLJ75TR6XFH8074,Fiat,Argo,hatch,2023,BR,CGH,Sao Paulo Congonhas,on_rent,AGR-3989335,CUST-294578,"Santos, C.",8229,TRK803265
DUX0E81,BEXDJBP2S5E1E8353,Fiat,Mobi,hatch,2024,BR,GIG,Rio Galeao,in_service,,,,119993,TRK803266
FRI0B59,TEPD4DAG6633B2100,Volkswagen,Polo,hatch,2023,BR,CNF,Belo Horizonte Confins,on_rent,AGR-2631759,CUST-536447,"Souza, G.",106827,TRK803267
WTD1T68,HDBE3N9V1CGG48763,Volkswagen,T-Cross,suv,2025,BR,CWB,Curitiba Afonso Pena,on_rent,AGR-5592524,CUST-421110,"Silva, K.",137174,TRK803268
YBK5V80,LUNKGL9SJSP1X2696,Chevrolet,Onix,hatch,2025,BR,BSB,Brasilia Internacional,in_service,,,,43982,TRK803269
ERQ4I68,HMSME4K063AS83830,Chevrolet,Tracker,suv,2025,BR,POA,Porto Alegre Salgado Filho,available,,,,139114,TRK803270
EBO9A49,KRGL216XGK45W0681,Hyundai,HB20,hatch,2024,BR,SSA,Salvador Deputado Magalhaes,on_rent,AGR-3630647,CUST-854934,"Souza, A.",139688,TRK803271
STO-9378,TGMZHCH5XUM3F7044,Hyundai,Elantra,sedan,2022,NA,DFW,Dallas Fort Worth,on_rent,AGR-3785058,CUST-729101,"Johnson, G.",16570,TRK803272
YZI-5334,PLEK8UN8CHD3K0701,Jeep,Grand Cherokee,suv,2024,NA,ATL,Atlanta Hartsfield,on_rent,AGR-4678981,CUST-233530,"Garcia, E.",9973,TRK803273
DLJ-5823,RWZM4L07A1DZA1605,Kia,Telluride,suv,2022,NA,ORD,Chicago O'Hare,in_service,,,,124151,TRK803274
LID-9584,HYXZH8DTD6XT59306,Tesla,Model 3,sedan,2024,NA,LAX,Los Angeles International,available,,,,20420,TRK803275
JVT-9231,VWAMTXMZTG3YR1938,Toyota,Camry,sedan,2024,NA,MCO,Orlando International,available,,,,93403,TRK803276
IVB-3008,PNHD6EDEXCS4Y9439,Toyota,RAV4,suv,2024,NA,DEN,Denver International,on_rent,AGR-5912570,CUST-374690,"Anderson, W.",57095,TRK803277
DEI-2033,SMW6TJW1JUK131886,Chevrolet,Malibu,sedan,2025,NA,PHX,Phoenix Sky Harbor,on_rent,AGR-5624516,CUST-718337,"Johnson, G.",69602,TRK803278
MHC-6540,RRP5NWJENL6ER4220,Chevrolet,Equinox,suv,2024,NA,YYZ,Toronto Pearson,on_rent,AGR-5021335,CUST-757968,"Smith, D.",45363,TRK803279
UN66 UFJ,XHKY25KAV63AR8181,Skoda,Octavia,sedan,2023,EU,LHR,London Heathrow,available,,,,117752,TRK803280
BI62 HUN,KGBGHWUYW6LVR0745,Opel,Corsa,hatch,2024,EU,CDG,Paris Charles de Gaulle,in_service,,,,105381,TRK803281
RA12 EJG,CUC20ZAPDDKES5551,BMW,1 Series,hatch,2024,EU,FRA,Frankfurt am Main,in_service,,,,24272,TRK803282
MK82 XKN,RZWX4HUZPVHKM2681,Mercedes-Benz,A-Class,hatch,2024,EU,MAD,Madrid Barajas,available,,,,107218,TRK803283
HG90 XMO,TBY9AWCPNWXV98441,Fiat,500e,hatch,2024,EU,MXP,Milan Malpensa,on_rent,AGR-9445581,CUST-565385,"Rossi, L.",114622,TRK803284
SW74 IUB,MLGYBZPDF4DK04021,Seat,Leon,hatch,2025,EU,AMS,Amsterdam Schiphol,on_rent,AGR-7682633,CUST-147456,"Kowalski, G.",14405,TRK803285
IT15 BYF,TTX0YCCE3J3JY9945,Ford,Puma,suv,2023,EU,MUC,Munich Franz Josef Strauss,on_rent,AGR-2481674,CUST-542479,"Dubois, E.",34166,TRK803286
KP50 XOI,KMUANWHAEYVB14268,Citroen,C3,hatch,2023,EU,LIS,Lisbon Humberto Delgado,available,,,,10109,TRK803287
MRP8O88,DHWN1FPHDCUSN8468,Fiat,Cronos,sedan,2025,BR,GRU,Sao Paulo Guarulhos,on_rent,AGR-2207711,CUST-739580,"Araujo, H.",65109,TRK803288
VNR5O68,UJGKWMN03ZU425121,Fiat,Argo,hatch,2025,BR,CGH,Sao Paulo Congonhas,on_rent,AGR-8830366,CUST-258827,"Costa, L.",98037,TRK803289
KJH9D94,AMC0UPTRVF8AR5459,Fiat,Mobi,hatch,2023,BR,GIG,Rio Galeao,on_rent,AGR-4532788,CUST-320449,"Santos, E.",125554,TRK803290
AVA5C54,PXM9DJE4HRMWJ8470,Volkswagen,Polo,hatch,2022,BR,CNF,Belo Horizonte Confins,in_service,,,,117141,TRK803291
IXH1J25,LPAFG44HUBNMH1668,Volkswagen,T-Cross,suv,2023,BR,CWB,Curitiba Afonso Pena,in_service,,,,44409,TRK803292
KGI0U03,VKPWJ1H65KLWP3481,Chevrolet,Onix,hatch,2023,BR,BSB,Brasilia Internacional,on_rent,AGR-6537286,CUST-805809,"Santos, M.",62887,TRK803293
CFI6U45,GAS9BPM94LVAE1620,Chevrolet,Tracker,suv,2023,BR,POA,Porto Alegre Salgado Filho,on_rent,AGR-8432252,CUST-760741,"Pereira, M.",42483,TRK803294
QRR7K49,VZW0LS839CM8Z7380,Hyundai,HB20,hatch,2024,BR,SSA,Salvador Deputado Magalhaes,available,,,,135964,TRK803295
LUZ-9901,JDR6HWRL50WSP1964,Hyundai,Elantra,sedan,2023,NA,DFW,Dallas Fort Worth,available,,,,36029,TRK803296
QNA-8115,STJKTG57FPAX00356,Jeep,Grand Cherokee,suv,2025,NA,ATL,Atlanta Hartsfield,on_rent,AGR-7377925,CUST-725486,"Martinez, E.",134193,TRK803297
MII-9849,DMVM6WXHFJ3958067,Kia,Telluride,suv,2022,NA,ORD,Chicago O'Hare,on_rent,AGR-3847405,CUST-118739,"Miller, H.",37526,TRK803298
LYF-2659,GUPXK6V7GKZN07623,Tesla,Model 3,sedan,2022,NA,LAX,Los Angeles International,on_rent,AGR-5097978,CUST-687904,"Jones, L.",57984,TRK803299
QIY-4593,UTWDE2GJ4L79D8366,Toyota,Camry,sedan,2025,NA,MCO,Orlando International,in_service,,,,132427,TRK803300
NXA-8972,TBK2DDARC6BM67671,Toyota,RAV4,suv,2024,NA,DEN,Denver International,on_rent,AGR-8129089,CUST-726012,"Martinez, G.",130412,TRK803301
VBQ-6339,JEJ279ZBXC5PJ2444,Chevrolet,Malibu,sedan,2022,NA,PHX,Phoenix Sky Harbor,on_rent,AGR-3198322,CUST-474763,"Martinez, W.",112055,TRK803302
EBS-9644,DKT7PJ3P03M5U8227,Chevrolet,Equinox,suv,2023,NA,YYZ,Toronto Pearson,on_rent,AGR-1256271,CUST-433626,"Williams, H.",126104,TRK803303
EF55 OIM,LXJG2UCGJSZ2A3903,Skoda,Octavia,sedan,2023,EU,LHR,London Heathrow,on_rent,AGR-1420411,CUST-612392,"Muller, F.",135296,TRK803304
RY11 HQD,KLW0Y0W9J5JJJ1541,Opel,Corsa,hatch,2022,EU,CDG,Paris Charles de Gaulle,on_rent,AGR-2981749,CUST-516868,"Bianchi, J.",86257,TRK803305
PV15 TNW,KVNLGP331Z1YF6027,BMW,1 Series,hatch,2022,EU,FRA,Frankfurt am Main,available,,,,44539,TRK803306
VR18 JRS,STH101W7V281B8437,Mercedes-Benz,A-Class,hatch,2022,EU,MAD,Madrid Barajas,on_rent,AGR-2924312,CUST-334549,"Garcia, E.",125681,TRK803307
PG54 NWP,CWKMMTB50T3K13253,Fiat,500e,hatch,2024,EU,MXP,Milan Malpensa,on_rent,AGR-9300450,CUST-434618,"Garcia, M.",97687,TRK803308
ZT55 ZHY,UGRY8MXJ2LVCW6317,Seat,Leon,hatch,2022,EU,AMS,Amsterdam Schiphol,available,,,,99971,TRK803309
QA15 EZI,NCK498M0GZGP71875,Ford,Puma,suv,2022,EU,MUC,Munich Franz Josef Strauss,available,,,,135281,TRK803310
PR43 CZQ,MNRZSDB6RAD8T5795,Citroen,C3,hatch,2025,EU,LIS,Lisbon Humberto Delgado,available,,,,124846,TRK803311
QBO7J33,FCKM2KVGWTJK65663,Fiat,Cronos,sedan,2022,BR,GRU,Sao Paulo Guarulhos,on_rent,AGR-9136769,CUST-747660,"Carvalho, L.",65568,TRK803312
RPW1N77,ZKJGAGXTFMYJR1047,Fiat,Argo,hatch,2022,BR,CGH,Sao Paulo Congonhas,on_rent,AGR-4333793,CUST-655703,"Lima, L.",114616,TRK803313
TVT9A30,AGZX81PTAN1NY5996,Fiat,Mobi,hatch,2025,BR,GIG,Rio Galeao,available,,,,42130,TRK803314
BNV6I49,RPHVS2WR1UJ832180,Volkswagen,Polo,hatch,2023,BR,CNF,Belo Horizonte Confins,in_service,,,,53512,TRK803315
HRI1M90,KVRKXG173XT7E0319,Volkswagen,T-Cross,suv,2025,BR,CWB,Curitiba Afonso Pena,on_rent,AGR-2154550,CUST-929147,"Silva, H.",122781,TRK803316
XTF3M15,DXPWYGVWD4EDH1536,Chevrolet,Onix,hatch,2022,BR,BSB,Brasilia Internacional,in_service,,,,69663,TRK803317
KXL9P31,EYTSX4XYL3BHZ3174,Chevrolet,Tracker,suv,2024,BR,POA,Porto Alegre Salgado Filho,available,,,,96499,TRK803318
SXF8G58,RMF9CNRNN5L798119,Hyundai,HB20,hatch,2025,BR,SSA,Salvador Deputado Magalhaes,on_rent,AGR-6535749,CUST-918370,"Araujo, J.",75854,TRK803319
IME-6370,ZUBJ7447SZ0BZ1913,Hyundai,Elantra,sedan,2023,NA,DFW,Dallas Fort Worth,available,,,,14585,TRK803320
VEA-5467,SCK2Z2GKWPCKE3872,Jeep,Grand Cherokee,suv,2022,NA,ATL,Atlanta Hartsfield,on_rent,AGR-7322571,CUST-512543,"Miller, N.",107431,TRK803321
SEG-9721,FFBP0BN39GUC15483,Kia,Telluride,suv,2023,NA,ORD,Chicago O'Hare,available,,,,118253,TRK803322
NNQ-2919,WUNHUHUULCPAF8559,Tesla,Model 3,sedan,2023,NA,LAX,Los Angeles International,available,,,,93433,TRK803323
ADD-3265,XXHMVFYDEBP249977,Toyota,Camry,sedan,2023,NA,MCO,Orlando International,available,,,,83865,TRK803324
XAH-2964,ALGY7291LFCWY5501,Toyota,RAV4,suv,2023,NA,DEN,Denver International,on_rent,AGR-2287270,CUST-262894,"Martinez, J.",37241,TRK803325
VIX-5683,LAXWGB4XYE13N7726,Chevrolet,Malibu,sedan,2023,NA,PHX,Phoenix Sky Harbor,on_rent,AGR-3874761,CUST-943734,"Garcia, S.",131474,TRK803326
MMY-2276,APXE01XA6ASNF5499,Chevrolet,Equinox,suv,2023,NA,YYZ,Toronto Pearson,on_rent,AGR-3705590,CUST-220964,"Martinez, D.",108226,TRK803327
VZ39 FCI,RKVELGK70YPXY7124,Skoda,Octavia,sedan,2025,EU,LHR,London Heathrow,available,,,,114748,TRK803328
TS89 XGL,JZFVU8D5WX2YV2130,Opel,Corsa,hatch,2023,EU,CDG,Paris Charles de Gaulle,available,,,,120548,TRK803329
FB41 DLS,DLRC6KC1NS7R15945,BMW,1 Series,hatch,2022,EU,FRA,Frankfurt am Main,on_rent,AGR-7062656,CUST-815035,"Muller, H.",34922,TRK803330
AR23 SYR,EFX9F900SLNRK2738,Mercedes-Benz,A-Class,hatch,2023,EU,MAD,Madrid Barajas,on_rent,AGR-6343763,CUST-906541,"Silva, C.",60647,TRK803331
EU32 NDM,RHHST2PCHGLAJ0276,Fiat,500e,hatch,2025,EU,MXP,Milan Malpensa,available,,,,16916,TRK803332
LO86 KHT,ZKLP86L6LKXFR5996,Seat,Leon,hatch,2023,EU,AMS,Amsterdam Schiphol,on_rent,AGR-2482050,CUST-699939,"Garcia, G.",39693,TRK803333
UJ40 SWD,GEFPMU13637JM5019,Ford,Puma,suv,2024,EU,MUC,Munich Franz Josef Strauss,on_rent,AGR-4992261,CUST-548786,"Novak, H.",96915,TRK803334
VR62 WDR,TWCZSCN49GV0H3149,Citroen,C3,hatch,2022,EU,LIS,Lisbon Humberto Delgado,available,,,,25218,TRK803335
WJZ9W19,CJCV6155LJ3A94453,Fiat,Cronos,sedan,2024,BR,GRU,Sao Paulo Guarulhos,on_rent,AGR-2023256,CUST-534976,"Lima, F.",80919,TRK803336
WFN8G75,RBAWCHMC707FU1424,Fiat,Argo,hatch,2022,BR,CGH,Sao Paulo Congonhas,on_rent,AGR-6891316,CUST-141808,"Araujo, N.",97183,TRK803337
PMY4O28,KBXFU6G2S6HLH7121,Fiat,Mobi,hatch,2022,BR,GIG,Rio Galeao,on_rent,AGR-1847438,CUST-638236,"Santos, C.",35013,TRK803338
OPX2M94,CLPHEF7JVSHSE8896,Volkswagen,Polo,hatch,2024,BR,CNF,Belo Horizonte Confins,on_rent,AGR-4850730,CUST-405298,"Almeida, P.",17586,TRK803339
VAW2L19,UJH79PHE7E2FP2932,Volkswagen,T-Cross,suv,2024,BR,CWB,Curitiba Afonso Pena,on_rent,AGR-6211231,CUST-572367,"Oliveira, G.",139218,TRK803340
JZI2G30,YCX5DBVXDH87V7120,Chevrolet,Onix,hatch,2025,BR,BSB,Brasilia Internacional,on_rent,AGR-8638884,CUST-692194,"Rodrigues, B.",89458,TRK803341
AKS7Y76,TYUHPLKAXE0N76734,Chevrolet,Tracker,suv,2023,BR,POA,Porto Alegre Salgado Filho,on_rent,AGR-1149853,CUST-630548,"Santos, T.",55094,TRK803342
QPY9R59,NBL58VY8Z9GUC5684,Hyundai,HB20,hatch,2024,BR,SSA,Salvador Deputado Magalhaes,on_rent,AGR-6791406,CUST-836694,"Nascimento, G.",134204,TRK803343
PRE-3808,PTUP5NN6SMV4T9988,Hyundai,Elantra,sedan,2022,NA,DFW,Dallas Fort Worth,on_rent,AGR-8837386,CUST-258164,"Brown, D.",40536,TRK803344
NZY-9422,VXF31MA3FNVJJ1070,Jeep,Grand Cherokee,suv,2024,NA,ATL,Atlanta Hartsfield,on_rent,AGR-2768994,CUST-399086,"Miller, L.",16619,TRK803345
BWI-7846,MRE46V9ZGDMW33175,Kia,Telluride,suv,2023,NA,ORD,Chicago O'Hare,available,,,,86951,TRK803346
UQW-5902,AHD1PMFBP0ZP14310,Tesla,Model 3,sedan,2025,NA,LAX,Los Angeles International,on_rent,AGR-3349238,CUST-495819,"Davis, E.",105194,TRK803347
OIM-4014,LWRT8GTLH3DM96698,Toyota,Camry,sedan,2023,NA,MCO,Orlando International,in_service,,,,70396,TRK803348
AHC-6246,HWC93G22SCVSE1159,Toyota,RAV4,suv,2023,NA,DEN,Denver International,on_rent,AGR-9455901,CUST-535848,"Wilson, A.",29230,TRK803349
RVH-5668,UYH2ZRFX369UY7974,Chevrolet,Malibu,sedan,2022,NA,PHX,Phoenix Sky Harbor,on_rent,AGR-8392203,CUST-730855,"Jones, C.",42246,TRK803350
FVV-1967,JAC0YHZ00TNPE4142,Chevrolet,Equinox,suv,2024,NA,YYZ,Toronto Pearson,on_rent,AGR-6857035,CUST-824565,"Davis, N.",65746,TRK803351
UA38 FJO,ERZ798KSEKG5J9263,Skoda,Octavia,sedan,2024,EU,LHR,London Heathrow,on_rent,AGR-8318947,CUST-752327,"Garcia, L.",56545,TRK803352
GL36 VNY,ZTPRUT4V2BXWN9359,Opel,Corsa,hatch,2022,EU,CDG,Paris Charles de Gaulle,on_rent,AGR-2458327,CUST-121157,"Kowalski, F.",49656,TRK803353
DA40 VPO,LPMULHSXDMBB69492,BMW,1 Series,hatch,2024,EU,FRA,Frankfurt am Main,on_rent,AGR-8111825,CUST-519948,"Novak, M.",87224,TRK803354
NI52 OWB,BEJS9PRRZ1P449482,Mercedes-Benz,A-Class,hatch,2023,EU,MAD,Madrid Barajas,available,,,,105832,TRK803355
MD31 NVQ,LHCJ002BEXUXD7110,Fiat,500e,hatch,2022,EU,MXP,Milan Malpensa,on_rent,AGR-7183446,CUST-189142,"Kowalski, C.",88483,TRK803356
TP85 RLC,EKN4AMNLTBF4E1846,Seat,Leon,hatch,2025,EU,AMS,Amsterdam Schiphol,on_rent,AGR-5504876,CUST-946377,"Rossi, M.",82260,TRK803357
IU96 QNA,PCYM1HPKZXKD20496,Ford,Puma,suv,2025,EU,MUC,Munich Franz Josef Strauss,on_rent,AGR-3717271,CUST-873882,"Muller, T.",104915,TRK803358
JC79 FPK,KZG2W7K5VKY6P7552,Citroen,C3,hatch,2023,EU,LIS,Lisbon Humberto Delgado,on_rent,AGR-7701045,CUST-876487,"Novak, R.",129947,TRK803359
AFO9V86,JXBGR466VAHV74191,Fiat,Cronos,sedan,2025,BR,GRU,Sao Paulo Guarulhos,on_rent,AGR-8000808,CUST-467484,"Souza, J.",92709,TRK803360
BES8S81,MMZK7WBSXE49D4651,Fiat,Argo,hatch,2022,BR,CGH,Sao Paulo Congonhas,on_rent,AGR-5248891,CUST-577184,"Oliveira, C.",94602,TRK803361
ZPC4B51,EAWRC4VRGV6GF9825,Fiat,Mobi,hatch,2024,BR,GIG,Rio Galeao,available,,,,13136,TRK803362
QMO8A86,AACFC2CJ0BNXM1434,Volkswagen,Polo,hatch,2022,BR,CNF,Belo Horizonte Confins,in_service,,,,115126,TRK803363
BDV5J98,ALNATLP6YLDNJ7372,Volkswagen,T-Cross,suv,2024,BR,CWB,Curitiba Afonso Pena,available,,,,20225,TRK803364
DSL9B31,LSZ3TBAH4F8GB8498,Chevrolet,Onix,hatch,2024,BR,BSB,Brasilia Internacional,in_service,,,,138140,TRK803365
BFB0X63,XZG71RPARXYSW7012,Chevrolet,Tracker,suv,2023,BR,POA,Porto Alegre Salgado Filho,available,,,,17553,TRK803366
CBW6E64,NZJYBC5XR56GV8492,Hyundai,HB20,hatch,2024,BR,SSA,Salvador Deputado Magalhaes,on_rent,AGR-3163097,CUST-419946,"Lima, W.",44841,TRK803367
ILT-2779,MDY4R5F6JZV4M5466,Hyundai,Elantra,sedan,2022,NA,DFW,Dallas Fort Worth,on_rent,AGR-5437314,CUST-499971,"Williams, H.",104117,TRK803368
ZDR-4140,ERNUP8TZPF0VJ5049,Jeep,Grand Cherokee,suv,2022,NA,ATL,Atlanta Hartsfield,in_service,,,,63828,TRK803369
SAF-5490,XPNTHN28W4ZEF2045,Kia,Telluride,suv,2024,NA,ORD,Chicago O'Hare,on_rent,AGR-5366912,CUST-560572,"Anderson, E.",41983,TRK803370
TVV-7592,HCK94M4RZR9794947,Tesla,Model 3,sedan,2023,NA,LAX,Los Angeles International,available,,,,88040,TRK803371
RVW-4077,YDW5LGBSJNY8Z7248,Toyota,Camry,sedan,2023,NA,MCO,Orlando International,on_rent,AGR-7795184,CUST-117462,"Davis, D.",86799,TRK803372
KCW-4222,EWAW7FVDHLCGF5262,Toyota,RAV4,suv,2024,NA,DEN,Denver International,available,,,,104937,TRK803373
JLB-5626,UHER4SXRGMTXK6522,Chevrolet,Malibu,sedan,2024,NA,PHX,Phoenix Sky Harbor,on_rent,AGR-7282170,CUST-563137,"Miller, R.",103730,TRK803374
TBT-8669,BKXUDB9WDPJY55030,Chevrolet,Equinox,suv,2025,NA,YYZ,Toronto Pearson,on_rent,AGR-7010592,CUST-880600,"Garcia, H.",14362,TRK803375
UX43 OST,YYAWCX1VHCHZV5674,Skoda,Octavia,sedan,2025,EU,LHR,London Heathrow,available,,,,82549,TRK803376
TN51 KSB,KFCRZL5UCNYY90111,Opel,Corsa,hatch,2024,EU,CDG,Paris Charles de Gaulle,in_service,,,,126132,TRK803377
LV60 TVH,WUE4S57MAH8V40559,BMW,1 Series,hatch,2024,EU,FRA,Frankfurt am Main,on_rent,AGR-5132797,CUST-157835,"Muller, A.",71812,TRK803378
MT15 XHN,FNJHEE8WMNXG86250,Mercedes-Benz,A-Class,hatch,2023,EU,MAD,Madrid Barajas,on_rent,AGR-9146992,CUST-580316,"Bianchi, R.",64615,TRK803379
LL19 PHS,WZE2L4YW5ZWGG4252,Fiat,500e,hatch,2025,EU,MXP,Milan Malpensa,on_rent,AGR-3968617,CUST-326805,"Dubois, T.",127887,TRK803380
DW98 VSX,RMPEBSX1HNUVT3475,Seat,Leon,hatch,2023,EU,AMS,Amsterdam Schiphol,available,,,,69099,TRK803381
EE36 BGA,TLWEY2NUYUZ3A0309,Ford,Puma,suv,2023,EU,MUC,Munich Franz Josef Strauss,available,,,,31089,TRK803382
OR17 QCA,UUTW3CKHK2WXC8208,Citroen,C3,hatch,2025,EU,LIS,Lisbon Humberto Delgado,on_rent,AGR-4795761,CUST-972026,"Novak, M.",86168,TRK803383
GRS0L05,LFNZTTYRPTH1S0112,Fiat,Cronos,sedan,2022,BR,GRU,Sao Paulo Guarulhos,on_rent,AGR-4530595,CUST-129176,"Souza, R.",135553,TRK803384
TEI9I70,ZJBE6EFCXWHAH2803,Fiat,Argo,hatch,2024,BR,CGH,Sao Paulo Congonhas,on_rent,AGR-6440491,CUST-191321,"Rodrigues, S.",51816,TRK803385
CMK4Z55,HNT3NAGLVM5V26155,Fiat,Mobi,hatch,2025,BR,GIG,Rio Galeao,on_rent,AGR-5829136,CUST-704867,"Pereira, E.",54195,TRK803386
UVM6I22,PZL4WU868STFL0025,Volkswagen,Polo,hatch,2023,BR,CNF,Belo Horizonte Confins,in_service,,,,84312,TRK803387
PQU7N52,XGKBEC8DZFNUA7976,Volkswagen,T-Cross,suv,2025,BR,CWB,Curitiba Afonso Pena,available,,,,18924,TRK803388
AXM0J45,KAWUZBD345DJA6906,Chevrolet,Onix,hatch,2023,BR,BSB,Brasilia Internacional,on_rent,AGR-6572554,CUST-188559,"Oliveira, W.",109743,TRK803389
USK7D39,ZNHX10CMNAW3S5415,Chevrolet,Tracker,suv,2022,BR,POA,Porto Alegre Salgado Filho,available,,,,36055,TRK803390
UNT1D31,DTUFERNH9VZF56907,Hyundai,HB20,hatch,2023,BR,SSA,Salvador Deputado Magalhaes,on_rent,AGR-6969725,CUST-337994,"Rodrigues, N.",102058,TRK803391
RPC-2618,PSDK8AVPK63LV5133,Hyundai,Elantra,sedan,2024,NA,DFW,Dallas Fort Worth,on_rent,AGR-9454467,CUST-450816,"Taylor, K.",22346,TRK803392
KIE-1448,ZVUU1YZGZCCBK2568,Jeep,Grand Cherokee,suv,2025,NA,ATL,Atlanta Hartsfield,on_rent,AGR-9645846,CUST-171035,"Johnson, E.",126135,TRK803393
QQO-8323,SUSC7EL0ENXGF3996,Kia,Telluride,suv,2024,NA,ORD,Chicago O'Hare,in_service,,,,116359,TRK803394
QQM-4710,AJAWJ6ZZZSSF68655,Tesla,Model 3,sedan,2023,NA,LAX,Los Angeles International,on_rent,AGR-7567940,CUST-598413,"Jones, P.",14898,TRK803395
BEZ-9000,NUATX2G3CDJC07111,Toyota,Camry,sedan,2024,NA,MCO,Orlando International,on_rent,AGR-1508672,CUST-921260,"Brown, L.",18261,TRK803396
DEF-2686,UWT1D9UD405FZ9151,Toyota,RAV4,suv,2022,NA,DEN,Denver International,on_rent,AGR-7849308,CUST-268656,"Wilson, N.",23495,TRK803397
LLH-9868,GSXDLXZYFKSF69043,Chevrolet,Malibu,sedan,2023,NA,PHX,Phoenix Sky Harbor,on_rent,AGR-3312723,CUST-219284,"Taylor, J.",84394,TRK803398
BYH-7044,JREPG877HMZNR1967,Chevrolet,Equinox,suv,2024,NA,YYZ,Toronto Pearson,on_rent,AGR-9129522,CUST-635412,"Smith, K.",21042,TRK803399
YA29 SBD,TCU5G2W8HD4400589,Skoda,Octavia,sedan,2024,EU,LHR,London Heathrow,available,,,,98410,TRK803400
HG83 YUQ,RDJ2S4JFBB1CA5974,Opel,Corsa,hatch,2023,EU,CDG,Paris Charles de Gaulle,on_rent,AGR-5746676,CUST-140191,"Silva, D.",101513,TRK803401
VK18 YHN,NMDF1UX5DEGEJ6477,BMW,1 Series,hatch,2023,EU,FRA,Frankfurt am Main,available,,,,59346,TRK803402
ET95 GOQ,VLYJ3HYYXFA3Z2160,Mercedes-Benz,A-Class,hatch,2024,EU,MAD,Madrid Barajas,on_rent,AGR-6110474,CUST-209347,"Silva, W.",50841,TRK803403
MU76 NIU,GPU7945XD40LA1311,Fiat,500e,hatch,2023,EU,MXP,Milan Malpensa,on_rent,AGR-7937884,CUST-291386,"Kowalski, W.",115317,TRK803404
IP59 UTN,LBH04M1VYC1PM9996,Seat,Leon,hatch,2025,EU,AMS,Amsterdam Schiphol,on_rent,AGR-9262901,CUST-570615,"Schmidt, D.",93164,TRK803405
KT95 CZE,BKNKJJS8XG4DY4986,Ford,Puma,suv,2024,EU,MUC,Munich Franz Josef Strauss,on_rent,AGR-7807615,CUST-743796,"Murphy, H.",15799,TRK803406
FY49 RUN,GDY4FHCE5C9067049,Citroen,C3,hatch,2022,EU,LIS,Lisbon Humberto Delgado,on_rent,AGR-8988446,CUST-501057,"Rossi, N.",122043,TRK803407
RJA6Z75,RFFNWBF4862VB6192,Fiat,Cronos,sedan,2023,BR,GRU,Sao Paulo Guarulhos,available,,,,16399,TRK803408
NIO7C51,LGMHFGUK0LY4Z1422,Fiat,Argo,hatch,2024,BR,CGH,Sao Paulo Congonhas,available,,,,68545,TRK803409
TXE3O24,EGM7J9ELKJFBJ0180,Fiat,Mobi,hatch,2024,BR,GIG,Rio Galeao,on_rent,AGR-7684648,CUST-355528,"Oliveira, T.",134632,TRK803410
FPY0Z65,PYXP2A4EU3Z2R0740,Volkswagen,Polo,hatch,2024,BR,CNF,Belo Horizonte Confins,in_service,,,,101060,TRK803411
ZPI4Q75,WUU7RFKZJATBP0332,Volkswagen,T-Cross,suv,2023,BR,CWB,Curitiba Afonso Pena,available,,,,115671,TRK803412
ARF8Q30,JPV30RNLGNRCC5243,Chevrolet,Onix,hatch,2023,BR,BSB,Brasilia Internacional,on_rent,AGR-6467357,CUST-291163,"Costa, C.",75916,TRK803413
NEK0N48,UBGR3ATL7RELD7850,Chevrolet,Tracker,suv,2023,BR,POA,Porto Alegre Salgado Filho,on_rent,AGR-3216256,CUST-320679,"Lima, F.",135899,TRK803414
IKT2N64,AURE22LADERC74175,Hyundai,HB20,hatch,2023,BR,SSA,Salvador Deputado Magalhaes,on_rent,AGR-5539533,CUST-763112,"Costa, C.",120370,TRK803415
PNC-8153,JTBHA7010U87B3449,Hyundai,Elantra,sedan,2023,NA,DFW,Dallas Fort Worth,on_rent,AGR-9842239,CUST-546458,"Brown, N.",83832,TRK803416
BJI-6566,FPNRHPW39T7KZ0173,Jeep,Grand Cherokee,suv,2023,NA,ATL,Atlanta Hartsfield,on_rent,AGR-1732011,CUST-489987,"Jones, D.",56512,TRK803417
WGL-4558,XTKXTBDS99Z9R0937,Kia,Telluride,suv,2024,NA,ORD,Chicago O'Hare,available,,,,94880,TRK803418
JHK-7429,WMZ6EKWLKEHRV7531,Tesla,Model 3,sedan,2024,NA,LAX,Los Angeles International,on_rent,AGR-8928592,CUST-773829,"Brown, R.",74066,TRK803419
ZNE-8829,REXW54FLSHY4A7097,Toyota,Camry,sedan,2024,NA,MCO,Orlando International,available,,,,35434,TRK803420
API-1129,APTFAU92B6AE19542,Toyota,RAV4,suv,2022,NA,DEN,Denver International,available,,,,74503,TRK803421
KMV-4880,HZMCRPC28G4UL8059,Chevrolet,Malibu,sedan,2023,NA,PHX,Phoenix Sky Harbor,on_rent,AGR-4671193,CUST-552563,"Jones, A.",50404,TRK803422
SWO-6438,LLXK0JYRUE2NU5722,Chevrolet,Equinox,suv,2023,NA,YYZ,Toronto Pearson,on_rent,AGR-6586508,CUST-286446,"Miller, G.",44253,TRK803423
MC41 AHA,PXA6LRVYC5H994362,Skoda,Octavia,sedan,2024,EU,LHR,London Heathrow,on_rent,AGR-4314160,CUST-165125,"Andersson, E.",126230,TRK803424
XL99 RFS,JGU20BK6AS2DM5051,Opel,Corsa,hatch,2023,EU,CDG,Paris Charles de Gaulle,on_rent,AGR-6403730,CUST-770061,"Schmidt, W.",75536,TRK803425
IJ72 GZS,UJS1XJTPD6BPP2805,BMW,1 Series,hatch,2024,EU,FRA,Frankfurt am Main,on_rent,AGR-4338865,CUST-500886,"Andersson, F.",93213,TRK803426
OV42 UQP,AKCWVRF1WZ41R5630,Mercedes-Benz,A-Class,hatch,2024,EU,MAD,Madrid Barajas,on_rent,AGR-8647692,CUST-341245,"Garcia, T.",49901,TRK803427
WW36 LXC,CLM9G5NXVAMLD0414,Fiat,500e,hatch,2024,EU,MXP,Milan Malpensa,on_rent,AGR-3384947,CUST-270775,"Andersson, N.",132174,TRK803428
QD44 JYT,GFUNMV73MCDXL1880,Seat,Leon,hatch,2023,EU,AMS,Amsterdam Schiphol,available,,,,89703,TRK803429
IN17 ALN,DKC2HZRZSMV4G6870,Ford,Puma,suv,2024,EU,MUC,Munich Franz Josef Strauss,available,,,,86139,TRK803430
VV20 SNO,XHXX79RDXVBXC0189,Citroen,C3,hatch,2025,EU,LIS,Lisbon Humberto Delgado,on_rent,AGR-2724137,CUST-406682,"Muller, T.",53291,TRK803431
VVM1A16,SXRZMFEU5CZ527872,Fiat,Cronos,sedan,2024,BR,GRU,Sao Paulo Guarulhos,on_rent,AGR-3398163,CUST-916651,"Almeida, H.",22770,TRK803432
PSL9P02,WGF6H75JEX36Y4650,Fiat,Argo,hatch,2022,BR,CGH,Sao Paulo Congonhas,available,,,,137670,TRK803433
UCZ5J27,UBAW88DTNV6JU9173,Fiat,Mobi,hatch,2023,BR,GIG,Rio Galeao,on_rent,AGR-8265489,CUST-861720,"Lima, F.",22483,TRK803434
BDI8N12,ERDF1MCT8U4VY1349,Volkswagen,Polo,hatch,2025,BR,CNF,Belo Horizonte Confins,available,,,,94621,TRK803435
SLS4U50,WNE9K0L3VFUNS1305,Volkswagen,T-Cross,suv,2022,BR,CWB,Curitiba Afonso Pena,on_rent,AGR-9620386,CUST-774937,"Rodrigues, J.",85545,TRK803436
LGT0D45,VWRCSJEL1X27A9526,Chevrolet,Onix,hatch,2023,BR,BSB,Brasilia Internacional,available,,,,76508,TRK803437
TDX6L04,KXXC3N0KKA5L72059,Chevrolet,Tracker,suv,2022,BR,POA,Porto Alegre Salgado Filho,on_rent,AGR-5180318,CUST-772600,"Costa, E.",35392,TRK803438
FAO5J18,LMFFKF8H5LSZ27424,Hyundai,HB20,hatch,2023,BR,SSA,Salvador Deputado Magalhaes,on_rent,AGR-6595237,CUST-554332,"Silva, A.",50807,TRK803439
VZK-2297,AMD5D5JL0K75P8273,Hyundai,Elantra,sedan,2025,NA,DFW,Dallas Fort Worth,on_rent,AGR-3140175,CUST-244211,"Martinez, E.",119391,TRK803440
DTY-7031,PAM8ZPR9ML4FT6217,Jeep,Grand Cherokee,suv,2024,NA,ATL,Atlanta Hartsfield,on_rent,AGR-2413599,CUST-911906,"Martinez, W.",68481,TRK803441
TLK-3381,DEE6MPSC6HG1H5302,Kia,Telluride,suv,2025,NA,ORD,Chicago O'Hare,available,,,,119231,TRK803442
FMT-2919,KFF9W60RXSVLM8491,Tesla,Model 3,sedan,2023,NA,LAX,Los Angeles International,on_rent,AGR-2615816,CUST-183786,"Smith, W.",78878,TRK803443
CVD-9934,PLW5WU03XJST73699,Toyota,Camry,sedan,2022,NA,MCO,Orlando International,on_rent,AGR-4379356,CUST-124595,"Taylor, H.",31413,TRK803444
IPE-1401,YXVPXS04A5FE35553,Toyota,RAV4,suv,2024,NA,DEN,Denver International,in_service,,,,55547,TRK803445
PEL-2325,GHUUDVNJU9CZM7765,Chevrolet,Malibu,sedan,2023,NA,PHX,Phoenix Sky Harbor,on_rent,AGR-3030589,CUST-235379,"Garcia, R.",121468,TRK803446
YVF-7896,LWEUSM1FXC2366762,Chevrolet,Equinox,suv,2023,NA,YYZ,Toronto Pearson,on_rent,AGR-2181351,CUST-597381,"Davis, E.",19534,TRK803447
QH20 CCA,GWRJX9PUJUJY44042,Skoda,Octavia,sedan,2025,EU,LHR,London Heathrow,on_rent,AGR-1719549,CUST-944652,"Kowalski, E.",74718,TRK803448
UV23 MXI,ZUG7BC2SZ4BLZ7766,Opel,Corsa,hatch,2024,EU,CDG,Paris Charles de Gaulle,on_rent,AGR-2893025,CUST-775120,"Schmidt, C.",72542,TRK803449
MB96 NWD,KFJLUH5JMZBE43284,BMW,1 Series,hatch,2025,EU,FRA,Frankfurt am Main,on_rent,AGR-6055607,CUST-272965,"Silva, R.",66227,TRK803450
IO45 ZMJ,AEG0NNK587AK98524,Mercedes-Benz,A-Class,hatch,2023,EU,MAD,Madrid Barajas,on_rent,AGR-6589290,CUST-895183,"Schmidt, J.",9753,TRK803451
BH39 MPN,VZD8ENV610CC66511,Fiat,500e,hatch,2024,EU,MXP,Milan Malpensa,available,,,,106085,TRK803452
AS77 MOZ,YVL5JC4SPZPLY7257,Seat,Leon,hatch,2023,EU,AMS,Amsterdam Schiphol,on_rent,AGR-6111061,CUST-933461,"Novak, W.",13635,TRK803453
NN34 SNF,RWMHC3J3UJV402342,Ford,Puma,suv,2024,EU,MUC,Munich Franz Josef Strauss,on_rent,AGR-1000107,CUST-382150,"Murphy, G.",96989,TRK803454
TI14 DHM,CPBWL7613149D7205,Citroen,C3,hatch,2022,EU,LIS,Lisbon Humberto Delgado,on_rent,AGR-3518903,CUST-466202,"Bianchi, P.",78751,TRK803455
JHW8S81,MBBMH4E4RLW790764,Fiat,Cronos,sedan,2023,BR,GRU,Sao Paulo Guarulhos,on_rent,AGR-1899188,CUST-215022,"Oliveira, E.",104153,TRK803456
JMM1E79,NHC4PSX6X4T8T8176,Fiat,Argo,hatch,2024,BR,CGH,Sao Paulo Congonhas,available,,,,43772,TRK803457
OKB2M15,YMTT6R4FKV4YS1528,Fiat,Mobi,hatch,2025,BR,GIG,Rio Galeao,on_rent,AGR-4269566,CUST-999367,"Rodrigues, W.",112831,TRK803458
SYL9P27,RUPASN77XRC547963,Volkswagen,Polo,hatch,2024,BR,CNF,Belo Horizonte Confins,in_service,,,,74126,TRK803459
ULQ6F52,GUARAWF870WFX7386,Volkswagen,T-Cross,suv,2023,BR,CWB,Curitiba Afonso Pena,on_rent,AGR-3903302,CUST-773203,"Lima, K.",64252,TRK803460
MEO9H05,LRWRKEVCDJRAA4666,Chevrolet,Onix,hatch,2025,BR,BSB,Brasilia Internacional,on_rent,AGR-7747227,CUST-392899,"Lima, E.",117365,TRK803461
IAA5C20,WJTTCM1KNCUJ33849,Chevrolet,Tracker,suv,2023,BR,POA,Porto Alegre Salgado Filho,on_rent,AGR-3673453,CUST-560400,"Silva, G.",138980,TRK803462
EMH9R30,TJZBJ5930NH5E6095,Hyundai,HB20,hatch,2023,BR,SSA,Salvador Deputado Magalhaes,on_rent,AGR-7933714,CUST-232009,"Oliveira, T.",54694,TRK803463
TDX-8998,NLRJ73P2C6Y551910,Hyundai,Elantra,sedan,2025,NA,DFW,Dallas Fort Worth,available,,,,130970,TRK803464
KKJ-9119,PXTGWRXL2RCHG7654,Jeep,Grand Cherokee,suv,2022,NA,ATL,Atlanta Hartsfield,on_rent,AGR-5560361,CUST-401769,"Jones, F.",45129,TRK803465
BQZ-6112,CZE992FYUVDK89576,Kia,Telluride,suv,2025,NA,ORD,Chicago O'Hare,on_rent,AGR-2105458,CUST-633604,"Jones, N.",22339,TRK803466
DXJ-1554,PMHJ2ABSRYD6U7414,Tesla,Model 3,sedan,2024,NA,LAX,Los Angeles International,on_rent,AGR-6814962,CUST-129368,"Jones, G.",39533,TRK803467
SOE-9408,ADZY1MBZGNE575839,Toyota,Camry,sedan,2024,NA,MCO,Orlando International,on_rent,AGR-8621086,CUST-144756,"Davis, C.",21993,TRK803468
QFS-9418,CXAZS2KH6NEM39689,Toyota,RAV4,suv,2024,NA,DEN,Denver International,in_service,,,,99846,TRK803469
HXO-2565,LVSGEECKDH47Z2914,Chevrolet,Malibu,sedan,2025,NA,PHX,Phoenix Sky Harbor,on_rent,AGR-7088717,CUST-970238,"Anderson, D.",60836,TRK803470
IUQ-4920,BZE90KVAVKEJC5737,Chevrolet,Equinox,suv,2024,NA,YYZ,Toronto Pearson,on_rent,AGR-7545833,CUST-989000,"Williams, D.",43709,TRK803471
UO81 BSR,UNMNK4YDBCJAM2041,Skoda,Octavia,sedan,2023,EU,LHR,London Heathrow,on_rent,AGR-9466279,CUST-936139,"Andersson, D.",16600,TRK803472
FM29 XBU,XXP6JEGPA1NGW0002,Opel,Corsa,hatch,2024,EU,CDG,Paris Charles de Gaulle,on_rent,AGR-6756219,CUST-401139,"Bianchi, C.",72504,TRK803473
ZY95 KWA,RXGLCLCBGKG9M7692,BMW,1 Series,hatch,2024,EU,FRA,Frankfurt am Main,on_rent,AGR-8709180,CUST-674261,"Andersson, D.",36378,TRK803474
LM26 IMW,SSL4SSTE0F4Y91891,Mercedes-Benz,A-Class,hatch,2022,EU,MAD,Madrid Barajas,available,,,,126199,TRK803475
SM18 VON,BAAK3CCUSTRS86416,Fiat,500e,hatch,2022,EU,MXP,Milan Malpensa,on_rent,AGR-9516450,CUST-744047,"Jansen, L.",90912,TRK803476
KR44 LGP,SXVXFJ7WK0GY55746,Seat,Leon,hatch,2024,EU,AMS,Amsterdam Schiphol,on_rent,AGR-3319323,CUST-696461,"Dubois, E.",53761,TRK803477
ZI36 EBR,AZJT33ZULUXCC4445,Ford,Puma,suv,2025,EU,MUC,Munich Franz Josef Strauss,on_rent,AGR-7223457,CUST-715001,"Silva, J.",100687,TRK803478
TH80 TKA,EAALBMSHASAJM8948,Citroen,C3,hatch,2024,EU,LIS,Lisbon Humberto Delgado,on_rent,AGR-2963023,CUST-296991,"Novak, R.",8230,TRK803479
HJD8V22,KMG0SWX9AKCE06487,Fiat,Cronos,sedan,2024,BR,GRU,Sao Paulo Guarulhos,on_rent,AGR-6297047,CUST-869177,"Lima, F.",30995,TRK803480
PZA7T07,BGBABHAWD6SSF2320,Fiat,Argo,hatch,2023,BR,CGH,Sao Paulo Congonhas,on_rent,AGR-2426079,CUST-626712,"Silva, T.",71767,TRK803481
XJX1L17,HMT9Z0C48GDX31304,Fiat,Mobi,hatch,2024,BR,GIG,Rio Galeao,available,,,,27692,TRK803482
CTE9G27,SFVVKNENN1U9K2175,Volkswagen,Polo,hatch,2025,BR,CNF,Belo Horizonte Confins,on_rent,AGR-1594237,CUST-380506,"Carvalho, S.",19880,TRK803483
IWV9Q35,ERSPV4178VDXT4306,Volkswagen,T-Cross,suv,2023,BR,CWB,Curitiba Afonso Pena,on_rent,AGR-3029943,CUST-519542,"Rodrigues, W.",96811,TRK803484
CHU1L03,YUBUAVAXK4AX93045,Chevrolet,Onix,hatch,2023,BR,BSB,Brasilia Internacional,on_rent,AGR-4237213,CUST-400683,"Oliveira, H.",131921,TRK803485
WFM8Y17,DHGH8CVGET98C9605,Chevrolet,Tracker,suv,2024,BR,POA,Porto Alegre Salgado Filho,available,,,,64149,TRK803486
UFI2F56,VGKUA2XM9AVXM8670,Hyundai,HB20,hatch,2024,BR,SSA,Salvador Deputado Magalhaes,on_rent,AGR-9897208,CUST-573234,"Santos, K.",84605,TRK803487
RJX-1798,JKPPUMKFRX83J5882,Hyundai,Elantra,sedan,2024,NA,DFW,Dallas Fort Worth,on_rent,AGR-2790909,CUST-823929,"Williams, D.",114696,TRK803488
DPB-2456,XHPFNE10GUNAA9947,Jeep,Grand Cherokee,suv,2024,NA,ATL,Atlanta Hartsfield,on_rent,AGR-9682027,CUST-280644,"Martinez, A.",121071,TRK803489
PCY-7233,UECEEN6RUC7ZG9470,Kia,Telluride,suv,2024,NA,ORD,Chicago O'Hare,on_rent,AGR-4854653,CUST-399547,"Johnson, G.",117206,TRK803490
WGJ-4425,HSKXHLPE1P9XT1673,Tesla,Model 3,sedan,2025,NA,LAX,Los Angeles International,on_rent,AGR-5035426,CUST-678244,"Smith, B.",44446,TRK803491
RXQ-3254,LVWXPKNNL1K6L8975,Toyota,Camry,sedan,2024,NA,MCO,Orlando International,on_rent,AGR-1474979,CUST-921584,"Jones, T.",60810,TRK803492
FIW-5276,WZH8C580M3KSJ0727,Toyota,RAV4,suv,2024,NA,DEN,Denver International,in_service,,,,8269,TRK803493
IPI-9004,WSVY9TZU9JLC44852,Chevrolet,Malibu,sedan,2022,NA,PHX,Phoenix Sky Harbor,in_service,,,,43639,TRK803494
TGS-6895,JXVFLCET89UYW5313,Chevrolet,Equinox,suv,2022,NA,YYZ,Toronto Pearson,on_rent,AGR-8323719,CUST-307140,"Taylor, S.",30961,TRK803495
ID79 JLQ,NFG4CRYVKFG6H6165,Skoda,Octavia,sedan,2024,EU,LHR,London Heathrow,on_rent,AGR-2198868,CUST-622027,"Schmidt, A.",136650,TRK803496
YT11 CHG,KZHRKRJNJGP304934,Opel,Corsa,hatch,2022,EU,CDG,Paris Charles de Gaulle,on_rent,AGR-2808661,CUST-569280,"Kowalski, P.",12320,TRK803497
VC24 KET,VFNJK3G61RX9J0478,BMW,1 Series,hatch,2025,EU,FRA,Frankfurt am Main,available,,,,41260,TRK803498
QO47 UXO,PTL5F9UCBWD472568,Mercedes-Benz,A-Class,hatch,2024,EU,MAD,Madrid Barajas,on_rent,AGR-3675641,CUST-774111,"Murphy, W.",44377,TRK803499
TO10 QNH,FVMSYMHE7YJFR2513,Fiat,500e,hatch,2024,EU,MXP,Milan Malpensa,on_rent,AGR-2642589,CUST-979706,"Novak, D.",127912,TRK803500
OY77 EQQ,LGSF6KSBFJ0A46219,Seat,Leon,hatch,2023,EU,AMS,Amsterdam Schiphol,on_rent,AGR-8009371,CUST-921694,"Andersson, R.",127810,TRK803501
ET96 FFS,JHEAW64L8DNY44665,Ford,Puma,suv,2024,EU,MUC,Munich Franz Josef Strauss,on_rent,AGR-2900397,CUST-989196,"Silva, B.",45256,TRK803502
CI11 IDX,UYP3NSFZ1J11K5958,Citroen,C3,hatch,2023,EU,LIS,Lisbon Humberto Delgado,on_rent,AGR-4040859,CUST-970949,"Jansen, E.",61291,TRK803503
HJW5Q01,VPZTF0LSXPL3C7252,Fiat,Cronos,sedan,2024,BR,GRU,Sao Paulo Guarulhos,on_rent,AGR-6080929,CUST-874184,"Rodrigues, T.",89015,TRK803504
SDD0K00,PXUDPZXYRSC6U1210,Fiat,Argo,hatch,2025,BR,CGH,Sao Paulo Congonhas,on_rent,AGR-8339032,CUST-363748,"Carvalho, B.",66460,TRK803505
CFY5E07,NBLVEH7B4JZL54428,Fiat,Mobi,hatch,2023,BR,GIG,Rio Galeao,on_rent,AGR-9195170,CUST-832275,"Nascimento, L.",71353,TRK803506
YDQ8F82,JFAL7BPFA80S79456,Volkswagen,Polo,hatch,2023,BR,CNF,Belo Horizonte Confins,in_service,,,,38618,TRK803507
UIW2D36,AFBA438ZFGZTC6100,Volkswagen,T-Cross,suv,2023,BR,CWB,Curitiba Afonso Pena,on_rent,AGR-8409350,CUST-968213,"Carvalho, S.",67972,TRK803508
JCW2Z41,FDC7SVCSSPH020702,Chevrolet,Onix,hatch,2023,BR,BSB,Brasilia Internacional,available,,,,61779,TRK803509
NXA5G78,BBW0PH5FTNTLT5627,Chevrolet,Tracker,suv,2024,BR,POA,Porto Alegre Salgado Filho,on_rent,AGR-7648944,CUST-514864,"Souza, G.",130906,TRK803510
NTQ7K15,YZKSGS1SBL42H8957,Hyundai,HB20,hatch,2023,BR,SSA,Salvador Deputado Magalhaes,on_rent,AGR-9458531,CUST-155692,"Santos, R.",60964,TRK803511
PGU-1089,DFG4PSRASXMND6391,Hyundai,Elantra,sedan,2022,NA,DFW,Dallas Fort Worth,on_rent,AGR-7872267,CUST-393987,"Wilson, N.",71805,TRK803512
WRD-3761,MDX5DEYXBY3G46225,Jeep,Grand Cherokee,suv,2024,NA,ATL,Atlanta Hartsfield,on_rent,AGR-6172625,CUST-164960,"Miller, C.",64088,TRK803513
YVB-8060,EXUCR02SL76UZ0176,Kia,Telluride,suv,2025,NA,ORD,Chicago O'Hare,available,,,,123791,TRK803514
OLY-3412,PDX9UG3G2VA1U3143,Tesla,Model 3,sedan,2023,NA,LAX,Los Angeles International,available,,,,121351,TRK803515
AVO-2342,FCDCW7AV1EW7M3219,Toyota,Camry,sedan,2025,NA,MCO,Orlando International,on_rent,AGR-6048656,CUST-626204,"Davis, D.",12749,TRK803516
OUC-4451,ZKWPN99PYUL027612,Toyota,RAV4,suv,2023,NA,DEN,Denver International,on_rent,AGR-5661643,CUST-738649,"Johnson, K.",68968,TRK803517
BKO-5146,DRWDB5NJK2XG78435,Chevrolet,Malibu,sedan,2023,NA,PHX,Phoenix Sky Harbor,in_service,,,,8733,TRK803518
RXD-5698,UTR40TMRBL4KS5695,Chevrolet,Equinox,suv,2024,NA,YYZ,Toronto Pearson,on_rent,AGR-4109294,CUST-814008,"Miller, N.",24197,TRK803519
FN74 HIF,GZDUU22NZYKKN3975,Skoda,Octavia,sedan,2022,EU,LHR,London Heathrow,on_rent,AGR-2790930,CUST-130081,"Rossi, A.",8891,TRK803520
XR40 QOO,HDTXV446DBVNB1221,Opel,Corsa,hatch,2022,EU,CDG,Paris Charles de Gaulle,on_rent,AGR-8113468,CUST-267330,"Andersson, C.",10692,TRK803521
AE96 MVX,FKWY8KLZ3UPD02313,BMW,1 Series,hatch,2022,EU,FRA,Frankfurt am Main,available,,,,47927,TRK803522
QL13 GOS,SAGLK6PYL7G0H4162,Mercedes-Benz,A-Class,hatch,2023,EU,MAD,Madrid Barajas,available,,,,16010,TRK803523
NP68 ZHG,ANNPNTB59R6CW1368,Fiat,500e,hatch,2024,EU,MXP,Milan Malpensa,in_service,,,,111621,TRK803524
LO13 BZB,RCDU5VH6VZU5H9041,Seat,Leon,hatch,2024,EU,AMS,Amsterdam Schiphol,on_rent,AGR-4409913,CUST-198231,"Novak, P.",56186,TRK803525
UH11 VCP,CDBSMZCN8VW9B8446,Ford,Puma,suv,2024,EU,MUC,Munich Franz Josef Strauss,available,,,,124979,TRK803526
XF44 JTI,TZTY3DHSVJHZJ7140,Citroen,C3,hatch,2024,EU,LIS,Lisbon Humberto Delgado,on_rent,AGR-1113366,CUST-724487,"Garcia, N.",16220,TRK803527
FOR7O97,DCFWZ4R7C6RZ63519,Fiat,Cronos,sedan,2024,BR,GRU,Sao Paulo Guarulhos,available,,,,66511,TRK803528
FBA7W11,XFBZ4EFBJ79LJ9273,Fiat,Argo,hatch,2024,BR,CGH,Sao Paulo Congonhas,on_rent,AGR-1077755,CUST-200167,"Araujo, G.",109978,TRK803529
SRP7N60,KVPV5GY59P2FX0986,Fiat,Mobi,hatch,2022,BR,GIG,Rio Galeao,on_rent,AGR-2784192,CUST-185964,"Santos, P.",71187,TRK803530
BMD6V26,FZTDTYVPYBNG17611,Volkswagen,Polo,hatch,2025,BR,CNF,Belo Horizonte Confins,on_rent,AGR-2855437,CUST-412585,"Nascimento, C.",20416,TRK803531
QVE3Z85,DKC0JRV6NT59B0100,Volkswagen,T-Cross,suv,2024,BR,CWB,Curitiba Afonso Pena,available,,,,50373,TRK803532
VMO6L43,BMP3MW8DRJXKF0023,Chevrolet,Onix,hatch,2024,BR,BSB,Brasilia Internacional,on_rent,AGR-3127474,CUST-691422,"Silva, S.",100027,TRK803533
YWY8F83,ZFFHKM7LBVW743849,Chevrolet,Tracker,suv,2022,BR,POA,Porto Alegre Salgado Filho,on_rent,AGR-6827822,CUST-227833,"Araujo, R.",39492,TRK803534
LSE3L10,YWVJ2EZ3XWZL44908,Hyundai,HB20,hatch,2025,BR,SSA,Salvador Deputado Magalhaes,on_rent,AGR-7086701,CUST-358970,"Carvalho, T.",36535,TRK803535
AUS-9330,PHPWGDCLMRH993734,Hyundai,Elantra,sedan,2022,NA,DFW,Dallas Fort Worth,available,,,,131494,TRK803536
QBG-9034,EST7TBDTJMR5W5188,Jeep,Grand Cherokee,suv,2024,NA,ATL,Atlanta Hartsfield,on_rent,AGR-9463394,CUST-371136,"Taylor, B.",25723,TRK803537
GGM-1471,NNBBXMHNG9NEF8176,Kia,Telluride,suv,2024,NA,ORD,Chicago O'Hare,available,,,,139840,TRK803538
URV-2408,PWLXV9D1WJKMZ3274,Tesla,Model 3,sedan,2022,NA,LAX,Los Angeles International,available,,,,134621,TRK803539
ROB-8408,YUCNB47RXXM8P7296,Toyota,Camry,sedan,2023,NA,MCO,Orlando International,on_rent,AGR-7678499,CUST-980977,"Jones, C.",125542,TRK803540
WJQ-6982,WHLET73FVKV6R4220,Toyota,RAV4,suv,2023,NA,DEN,Denver International,on_rent,AGR-6826331,CUST-518975,"Anderson, A.",112676,TRK803541
BZO-7321,MTV4JVSP506XH9414,Chevrolet,Malibu,sedan,2024,NA,PHX,Phoenix Sky Harbor,on_rent,AGR-4683312,CUST-640747,"Brown, R.",11725,TRK803542
OOW-1941,AKEN9WRPLEJ737655,Chevrolet,Equinox,suv,2023,NA,YYZ,Toronto Pearson,on_rent,AGR-6121061,CUST-335429,"Smith, G.",23000,TRK803543
RM48 FEG,MVP1NDTAKZYLJ8446,Skoda,Octavia,sedan,2023,EU,LHR,London Heathrow,on_rent,AGR-5853397,CUST-643184,"Kowalski, D.",132953,TRK803544
PC94 JAQ,FUZTSF5A06LGJ0490,Opel,Corsa,hatch,2022,EU,CDG,Paris Charles de Gaulle,on_rent,AGR-6017426,CUST-113317,"Dubois, L.",126728,TRK803545
BX60 UIM,JZDYF6CM2JMRX2687,BMW,1 Series,hatch,2025,EU,FRA,Frankfurt am Main,available,,,,127153,TRK803546
OJ85 BNI,YPGN55J063KND3985,Mercedes-Benz,A-Class,hatch,2022,EU,MAD,Madrid Barajas,on_rent,AGR-4635725,CUST-776434,"Silva, L.",94144,TRK803547
HE66 HGO,WDT0BM289USP98844,Fiat,500e,hatch,2025,EU,MXP,Milan Malpensa,on_rent,AGR-3851515,CUST-942799,"Andersson, K.",28457,TRK803548
UI83 WUM,TLPKJ5C8B3X428883,Seat,Leon,hatch,2023,EU,AMS,Amsterdam Schiphol,available,,,,131685,TRK803549
QW24 LTB,PCV89B4GASKHW6856,Ford,Puma,suv,2023,EU,MUC,Munich Franz Josef Strauss,on_rent,AGR-2118749,CUST-588209,"Garcia, C.",90614,TRK803550
DR75 JLF,JHKL9KESZ05Y39038,Citroen,C3,hatch,2023,EU,LIS,Lisbon Humberto Delgado,on_rent,AGR-8757076,CUST-707644,"Kowalski, A.",136751,TRK803551
CJV6T47,JNAYS9C6JPVU71840,Fiat,Cronos,sedan,2022,BR,GRU,Sao Paulo Guarulhos,on_rent,AGR-3542218,CUST-295387,"Pereira, C.",121475,TRK803552
NTO1P84,YWHBPZSHBY4LV0594,Fiat,Argo,hatch,2022,BR,CGH,Sao Paulo Congonhas,in_service,,,,37020,TRK803553
DCE2P39,RGCXJ1S86N8YF8868,Fiat,Mobi,hatch,2022,BR,GIG,Rio Galeao,available,,,,52108,TRK803554
PLF6C34,FFBVZBYE2W9927477,Volkswagen,Polo,hatch,2022,BR,CNF,Belo Horizonte Confins,on_rent,AGR-6987457,CUST-309769,"Lima, F.",113205,TRK803555
AVQ5D75,KXCA52E7LLDC76183,Volkswagen,T-Cross,suv,2022,BR,CWB,Curitiba Afonso Pena,on_rent,AGR-6941688,CUST-352690,"Nascimento, B.",29238,TRK803556
IZG9V80,CFA8EV7Y3EPJZ0109,Chevrolet,Onix,hatch,2024,BR,BSB,Brasilia Internacional,on_rent,AGR-2194663,CUST-708740,"Nascimento, H.",71339,TRK803557
YXU3Q46,ZFTT5G7D8X1KF9805,Chevrolet,Tracker,suv,2022,BR,POA,Porto Alegre Salgado Filho,on_rent,AGR-8353098,CUST-712790,"Almeida, G.",115677,TRK803558
RCZ2W73,MNLRCPY9D4BCU8308,Hyundai,HB20,hatch,2024,BR,SSA,Salvador Deputado Magalhaes,on_rent,AGR-4067704,CUST-752761,"Rodrigues, L.",80164,TRK803559
ITO-5590,NVFFWS15YKFGE3452,Hyundai,Elantra,sedan,2024,NA,DFW,Dallas Fort Worth,on_rent,AGR-1252188,CUST-380777,"Martinez, A.",115872,TRK803560
QYM-4485,LCE0GAPTFKKC43014,Jeep,Grand Cherokee,suv,2022,NA,ATL,Atlanta Hartsfield,in_service,,,,11483,TRK803561
ZMS-1483,NZX9W11XSBMTB1771,Kia,Telluride,suv,2023,NA,ORD,Chicago O'Hare,on_rent,AGR-4027581,CUST-504424,"Johnson, K.",75618,TRK803562
XVR-4497,NGGF5FCFBKRR19969,Tesla,Model 3,sedan,2025,NA,LAX,Los Angeles International,in_service,,,,25734,TRK803563
BVD-6206,MZBUYNA17T2F91862,Toyota,Camry,sedan,2023,NA,MCO,Orlando International,in_service,,,,45283,TRK803564
SBW-7411,LFFXA3KF4J5944547,Toyota,RAV4,suv,2023,NA,DEN,Denver International,on_rent,AGR-6606353,CUST-541076,"Miller, K.",68623,TRK803565
VQB-5266,MUWNH9ZMBD5LC2175,Chevrolet,Malibu,sedan,2023,NA,PHX,Phoenix Sky Harbor,on_rent,AGR-6038464,CUST-271245,"Martinez, J.",60511,TRK803566
OTJ-6639,AWXNG5PXNS4LX3027,Chevrolet,Equinox,suv,2022,NA,YYZ,Toronto Pearson,available,,,,119717,TRK803567
AY29 WMW,NYSSLHEZLCZ2L3292,Skoda,Octavia,sedan,2023,EU,LHR,London Heathrow,on_rent,AGR-5403925,CUST-323541,"Rossi, N.",70676,TRK803568
LA90 RQL,BBF3YVTN83W9Y3955,Opel,Corsa,hatch,2023,EU,CDG,Paris Charles de Gaulle,in_service,,,,131157,TRK803569
NS23 KBZ,GAV5FX5AFY2212462,BMW,1 Series,hatch,2024,EU,FRA,Frankfurt am Main,on_rent,AGR-4163103,CUST-859266,"Andersson, H.",53260,TRK803570
VC43 HOE,LWTGH688Z9M2B7864,Mercedes-Benz,A-Class,hatch,2023,EU,MAD,Madrid Barajas,on_rent,AGR-5403696,CUST-154053,"Andersson, B.",69208,TRK803571
WR73 XNO,DFECWE8A2D3WP0381,Fiat,500e,hatch,2025,EU,MXP,Milan Malpensa,on_rent,AGR-7094698,CUST-939754,"Bianchi, S.",13457,TRK803572
TQ15 ORC,FYCS1K27ATM323775,Seat,Leon,hatch,2024,EU,AMS,Amsterdam Schiphol,in_service,,,,124747,TRK803573
DZ94 DGK,XDGN9YGR6U9097119,Ford,Puma,suv,2024,EU,MUC,Munich Franz Josef Strauss,on_rent,AGR-9448161,CUST-840445,"Garcia, R.",115465,TRK803574
PD24 EHK,DRHMMY9KJCWRC1091,Citroen,C3,hatch,2025,EU,LIS,Lisbon Humberto Delgado,on_rent,AGR-4394419,CUST-181836,"Muller, W.",136926,TRK803575
TJC7P56,MUEE6UMTHW2BU0452,Fiat,Cronos,sedan,2022,BR,GRU,Sao Paulo Guarulhos,on_rent,AGR-8233182,CUST-674048,"Silva, J.",92861,TRK803576
BLJ6H43,ZJCLF2LCUFXWA6137,Fiat,Argo,hatch,2023,BR,CGH,Sao Paulo Congonhas,in_service,,,,102407,TRK803577
TNQ5C18,NSH1UGECYG2AP5369,Fiat,Mobi,hatch,2023,BR,GIG,Rio Galeao,on_rent,AGR-9930889,CUST-987968,"Lima, B.",37331,TRK803578
KON8R95,HGL5SS2YXCUSW3136,Volkswagen,Polo,hatch,2024,BR,CNF,Belo Horizonte Confins,on_rent,AGR-9595817,CUST-659273,"Costa, W.",128718,TRK803579
FAT2H98,FZPYXBAXSY9EA3513,Volkswagen,T-Cross,suv,2023,BR,CWB,Curitiba Afonso Pena,available,,,,68861,TRK803580
RYC9L41,SRKGVRT626TB40400,Chevrolet,Onix,hatch,2024,BR,BSB,Brasilia Internacional,on_rent,AGR-5032305,CUST-858935,"Silva, E.",8555,TRK803581
UXB8S29,PZDS8AAV32BS57090,Chevrolet,Tracker,suv,2024,BR,POA,Porto Alegre Salgado Filho,available,,,,31818,TRK803582
VIM0A11,MMDSU0XBRLZE39656,Hyundai,HB20,hatch,2024,BR,SSA,Salvador Deputado Magalhaes,available,,,,48128,TRK803583
AZP-7385,MNSFNWP4V5JNA2748,Hyundai,Elantra,sedan,2023,NA,DFW,Dallas Fort Worth,on_rent,AGR-2172134,CUST-955427,"Jones, D.",10941,TRK803584
JBB-5397,KJD7WUEM3DX236402,Jeep,Grand Cherokee,suv,2023,NA,ATL,Atlanta Hartsfield,available,,,,117565,TRK803585
ZHP-3324,ANG1XSTY923RH3922,Kia,Telluride,suv,2025,NA,ORD,Chicago O'Hare,available,,,,133485,TRK803586
NHS-3041,NZHZZZV1L8XSZ3262,Tesla,Model 3,sedan,2024,NA,LAX,Los Angeles International,on_rent,AGR-5116851,CUST-447092,"Jones, T.",139068,TRK803587
KJE-6315,XLM9MFCYSLXP94223,Toyota,Camry,sedan,2022,NA,MCO,Orlando International,on_rent,AGR-4821478,CUST-376508,"Johnson, M.",33283,TRK803588
OXQ-3621,VDLN1W6U8WZPJ7976,Toyota,RAV4,suv,2023,NA,DEN,Denver International,on_rent,AGR-3480000,CUST-699286,"Smith, M.",84752,TRK803589
IEY-6401,FKWTWARR56BC05455,Chevrolet,Malibu,sedan,2022,NA,PHX,Phoenix Sky Harbor,in_service,,,,40914,TRK803590
YVZ-6849,ZGXSZCM743DNC7311,Chevrolet,Equinox,suv,2025,NA,YYZ,Toronto Pearson,on_rent,AGR-7078036,CUST-520967,"Brown, T.",54338,TRK803591
ZL55 UNU,KFW8XWBCS4F5H3978,Skoda,Octavia,sedan,2023,EU,LHR,London Heathrow,on_rent,AGR-3201127,CUST-102880,"Novak, F.",37812,TRK803592
NQ43 VVQ,JWA20R2C9BRD75053,Opel,Corsa,hatch,2023,EU,CDG,Paris Charles de Gaulle,available,,,,117900,TRK803593
LD90 MJX,NLH05CKG1KVVN1462,BMW,1 Series,hatch,2023,EU,FRA,Frankfurt am Main,available,,,,31843,TRK803594
LH15 FCN,SGU0KVTVXF35Z3422,Mercedes-Benz,A-Class,hatch,2025,EU,MAD,Madrid Barajas,available,,,,37974,TRK803595
UJ88 BFF,LLW3S4X88DNE33670,Fiat,500e,hatch,2023,EU,MXP,Milan Malpensa,on_rent,AGR-7893710,CUST-603808,"Murphy, W.",21227,TRK803596
ZD24 UXR,FXKC9DAMLWJJK5494,Seat,Leon,hatch,2025,EU,AMS,Amsterdam Schiphol,on_rent,AGR-8022527,CUST-708385,"Garcia, M.",101826,TRK803597
TN63 DDH,ADJJKJ73KT1UE7489,Ford,Puma,suv,2024,EU,MUC,Munich Franz Josef Strauss,on_rent,AGR-7637826,CUST-172939,"Bianchi, J.",86425,TRK803598
AC37 ZVV,DBLW6UKE5LRUX4902,Citroen,C3,hatch,2025,EU,LIS,Lisbon Humberto Delgado,on_rent,AGR-5735503,CUST-570540,"Jansen, T.",77253,TRK803599
KPA2E37,LUM9WY7F0NXU68877,Fiat,Cronos,sedan,2025,BR,GRU,Sao Paulo Guarulhos,on_rent,AGR-1628966,CUST-220479,"Pereira, M.",130600,TRK803600
LBV3H60,XSSGXKUXFT1033189,Fiat,Argo,hatch,2023,BR,CGH,Sao Paulo Congonhas,available,,,,114735,TRK803601
PZV7D87,EEU3KJ8H7RT2Y2807,Fiat,Mobi,hatch,2024,BR,GIG,Rio Galeao,available,,,,85790,TRK803602
KPL6Q28,KTF9VXCGGECDC6594,Volkswagen,Polo,hatch,2023,BR,CNF,Belo Horizonte Confins,available,,,,83564,TRK803603
TAS3R60,XPY5KWCDB83SC3673,Volkswagen,T-Cross,suv,2024,BR,CWB,Curitiba Afonso Pena,on_rent,AGR-7274824,CUST-791741,"Souza, J.",106819,TRK803604
WXL0D33,LGBYD31B803VV3972,Chevrolet,Onix,hatch,2024,BR,BSB,Brasilia Internacional,in_service,,,,56707,TRK803605
XZM2F01,YGNMXNF2B6B188549,Chevrolet,Tracker,suv,2022,BR,POA,Porto Alegre Salgado Filho,available,,,,44190,TRK803606
MNE8T99,ERVF35NLN2WU64072,Hyundai,HB20,hatch,2025,BR,SSA,Salvador Deputado Magalhaes,available,,,,105946,TRK803607
ONX-3788,BZV2WAW00ZP9M9252,Hyundai,Elantra,sedan,2023,NA,DFW,Dallas Fort Worth,on_rent,AGR-7889449,CUST-307284,"Smith, T.",83677,TRK803608
HIT-3381,LMKNPB95UY88F4978,Jeep,Grand Cherokee,suv,2022,NA,ATL,Atlanta Hartsfield,on_rent,AGR-3987262,CUST-934251,"Martinez, R.",64109,TRK803609
KHE-5427,NNUSYR4DT5WET9278,Kia,Telluride,suv,2025,NA,ORD,Chicago O'Hare,on_rent,AGR-7853646,CUST-453435,"Jones, B.",125265,TRK803610
TCE-4287,AKG55E2594NP20580,Tesla,Model 3,sedan,2022,NA,LAX,Los Angeles International,available,,,,26239,TRK803611
NNU-5442,CTSG9H2RH2SL06279,Toyota,Camry,sedan,2025,NA,MCO,Orlando International,available,,,,39202,TRK803612
LTP-6810,TFYF9KX45HU8V7774,Toyota,RAV4,suv,2023,NA,DEN,Denver International,on_rent,AGR-1013024,CUST-672470,"Anderson, B.",113362,TRK803613
CAM-8068,NCF6RH7EB1SDL8905,Chevrolet,Malibu,sedan,2025,NA,PHX,Phoenix Sky Harbor,in_service,,,,117893,TRK803614
NAH-9986,WYU1PA6M8PXJ72993,Chevrolet,Equinox,suv,2023,NA,YYZ,Toronto Pearson,on_rent,AGR-2370904,CUST-429002,"Brown, J.",112980,TRK803615
KR26 ZOG,LYPBDBR720BX23290,Skoda,Octavia,sedan,2022,EU,LHR,London Heathrow,available,,,,28811,TRK803616
DV21 BTY,AAMDV3ZR7X8BD2259,Opel,Corsa,hatch,2023,EU,CDG,Paris Charles de Gaulle,on_rent,AGR-9883006,CUST-361881,"Kowalski, K.",15135,TRK803617
WO60 FQG,RWNYPRSEWSFVC3191,BMW,1 Series,hatch,2023,EU,FRA,Frankfurt am Main,on_rent,AGR-5259409,CUST-587511,"Rossi, J.",90370,TRK803618
XX91 RYQ,NDLPPCL4FLA3W6493,Mercedes-Benz,A-Class,hatch,2024,EU,MAD,Madrid Barajas,on_rent,AGR-9172588,CUST-722742,"Silva, T.",41915,TRK803619
RZ47 VUM,NXECKHSB8WXR58531,Fiat,500e,hatch,2025,EU,MXP,Milan Malpensa,available,,,,125909,TRK803620
GZ48 ESN,PKG697ZL795SG2407,Seat,Leon,hatch,2022,EU,AMS,Amsterdam Schiphol,on_rent,AGR-1189334,CUST-153861,"Murphy, A.",79219,TRK803621
TL67 QVD,ADAFPF3GGXTYC9838,Ford,Puma,suv,2024,EU,MUC,Munich Franz Josef Strauss,on_rent,AGR-3087893,CUST-996738,"Andersson, K.",90326,TRK803622
BF82 DGU,WHX3BDA4KUWFD1437,Citroen,C3,hatch,2022,EU,LIS,Lisbon Humberto Delgado,on_rent,AGR-7755295,CUST-123472,"Muller, N.",92546,TRK803623
WVS1U78,LNHCZTM6S2GS72643,Fiat,Cronos,sedan,2024,BR,GRU,Sao Paulo Guarulhos,on_rent,AGR-1867874,CUST-549372,"Pereira, W.",37351,TRK803624
YLP0K97,VKZAAGWCM06TE9884,Fiat,Argo,hatch,2025,BR,CGH,Sao Paulo Congonhas,on_rent,AGR-5051193,CUST-312103,"Carvalho, P.",68716,TRK803625
WVX7C52,EYLR9RUNX6RPW4616,Fiat,Mobi,hatch,2023,BR,GIG,Rio Galeao,available,,,,92573,TRK803626
EVX1B10,VYFCW39TS67PY2775,Volkswagen,Polo,hatch,2024,BR,CNF,Belo Horizonte Confins,on_rent,AGR-6709211,CUST-266152,"Carvalho, D.",138541,TRK803627
GZK6U69,XJZ12SNR4MZGE5595,Volkswagen,T-Cross,suv,2024,BR,CWB,Curitiba Afonso Pena,on_rent,AGR-2966193,CUST-422057,"Nascimento, C.",46900,TRK803628
PLW8B05,NPFAYY5960A3Y4984,Chevrolet,Onix,hatch,2023,BR,BSB,Brasilia Internacional,available,,,,53121,TRK803629
YOD6I47,JKD6BM4VDH5YP0487,Chevrolet,Tracker,suv,2025,BR,POA,Porto Alegre Salgado Filho,on_rent,AGR-4138710,CUST-939192,"Oliveira, S.",59363,TRK803630
XWG9F83,FBV3EAH31VA681674,Hyundai,HB20,hatch,2024,BR,SSA,Salvador Deputado Magalhaes,on_rent,AGR-8571856,CUST-676137,"Araujo, L.",10970,TRK803631
WNG-1343,KHH7U91WVPAVM4074,Hyundai,Elantra,sedan,2023,NA,DFW,Dallas Fort Worth,on_rent,AGR-1626680,CUST-510635,"Anderson, D.",108085,TRK803632
VIZ-6550,BFDJPF65PXKXU6802,Jeep,Grand Cherokee,suv,2023,NA,ATL,Atlanta Hartsfield,on_rent,AGR-4339834,CUST-741569,"Johnson, G.",52520,TRK803633
AQH-5935,MCE6LX2MBUDRB7256,Kia,Telluride,suv,2023,NA,ORD,Chicago O'Hare,available,,,,84080,TRK803634
SSQ-4532,YYLMX0VGVTL8S9088,Tesla,Model 3,sedan,2023,NA,LAX,Los Angeles International,on_rent,AGR-5350274,CUST-311740,"Williams, J.",129381,TRK803635
ANQ-8862,YXJJGUW7VH0LL2592,Toyota,Camry,sedan,2024,NA,MCO,Orlando International,on_rent,AGR-1105070,CUST-571469,"Johnson, S.",35148,TRK803636
ZPU-9951,PYKSKRLZK94KY6111,Toyota,RAV4,suv,2024,NA,DEN,Denver International,on_rent,AGR-6380639,CUST-565657,"Smith, J.",139813,TRK803637
TUB-3108,ZMTLMBN4T79LJ0460,Chevrolet,Malibu,sedan,2022,NA,PHX,Phoenix Sky Harbor,on_rent,AGR-8574493,CUST-736816,"Taylor, M.",105706,TRK803638
JCB-6745,FTHPTFC33EVG78175,Chevrolet,Equinox,suv,2023,NA,YYZ,Toronto Pearson,on_rent,AGR-9033911,CUST-180177,"Jones, S.",32629,TRK803639
FU76 ZPB,KRVC8118H9UDS4019,Skoda,Octavia,sedan,2023,EU,LHR,London Heathrow,on_rent,AGR-7682061,CUST-174943,"Silva, J.",58366,TRK803640
FD80 HKZ,GUJ7BVE71TC6M2044,Opel,Corsa,hatch,2024,EU,CDG,Paris Charles de Gaulle,on_rent,AGR-1115153,CUST-843349,"Novak, P.",73733,TRK803641
AV53 RAS,WTFRAUTLT2J9N0204,BMW,1 Series,hatch,2023,EU,FRA,Frankfurt am Main,on_rent,AGR-9944147,CUST-668654,"Bianchi, M.",113058,TRK803642
HQ41 LFU,DKX42GW6ZE1E60550,Mercedes-Benz,A-Class,hatch,2022,EU,MAD,Madrid Barajas,on_rent,AGR-2317229,CUST-918611,"Rossi, R.",15540,TRK803643
BM33 CLI,JNKXWS6LXJFZU6707,Fiat,500e,hatch,2023,EU,MXP,Milan Malpensa,on_rent,AGR-7008191,CUST-152107,"Rossi, T.",108038,TRK803644
IH81 VGC,DJD02NWAH5XSL3853,Seat,Leon,hatch,2022,EU,AMS,Amsterdam Schiphol,on_rent,AGR-5380499,CUST-649622,"Rossi, R.",108569,TRK803645
CN81 ECR,RJBRG9A2VFPPS2088,Ford,Puma,suv,2022,EU,MUC,Munich Franz Josef Strauss,on_rent,AGR-3200858,CUST-819445,"Schmidt, E.",135636,TRK803646
SI95 UVQ,KSX2X4YF1B5NS0491,Citroen,C3,hatch,2022,EU,LIS,Lisbon Humberto Delgado,on_rent,AGR-4438818,CUST-878700,"Murphy, J.",88568,TRK803647
BUK2A55,UDATT6CVFJELX1270,Fiat,Cronos,sedan,2025,BR,GRU,Sao Paulo Guarulhos,on_rent,AGR-2557085,CUST-931417,"Silva, E.",98818,TRK803648
BZF3Z66,UDXDDV87YSFA91655,Fiat,Argo,hatch,2022,BR,CGH,Sao Paulo Congonhas,available,,,,104607,TRK803649
GAN9V34,UFS85GZJRFJSB7391,Fiat,Mobi,hatch,2024,BR,GIG,Rio Galeao,on_rent,AGR-2512299,CUST-367145,"Oliveira, M.",119825,TRK803650
GCE5N72,NNDJSNS7GAST35149,Volkswagen,Polo,hatch,2023,BR,CNF,Belo Horizonte Confins,on_rent,AGR-4159474,CUST-880242,"Nascimento, F.",8657,TRK803651
RTG9M14,LSKJEG867ZKSB9588,Volkswagen,T-Cross,suv,2024,BR,CWB,Curitiba Afonso Pena,available,,,,14700,TRK803652
DXY1N36,TTXYEEYEB1BND5433,Chevrolet,Onix,hatch,2023,BR,BSB,Brasilia Internacional,on_rent,AGR-7959414,CUST-430928,"Carvalho, K.",62412,TRK803653
BPI1N68,TCX4EJTH5MPCE1614,Chevrolet,Tracker,suv,2025,BR,POA,Porto Alegre Salgado Filho,available,,,,15449,TRK803654
SKN1I71,UAY4DHCJFX5EG4899,Hyundai,HB20,hatch,2023,BR,SSA,Salvador Deputado Magalhaes,available,,,,36009,TRK803655
TIN-6000,LSMBUA7CDXS090183,Hyundai,Elantra,sedan,2023,NA,DFW,Dallas Fort Worth,on_rent,AGR-2943959,CUST-438747,"Garcia, T.",120985,TRK803656
HDF-2049,EUHE503S9L78H9994,Jeep,Grand Cherokee,suv,2022,NA,ATL,Atlanta Hartsfield,on_rent,AGR-3985522,CUST-763932,"Anderson, C.",13655,TRK803657
GCZ-2694,EVBGWAW00F6ZN1201,Kia,Telluride,suv,2023,NA,ORD,Chicago O'Hare,on_rent,AGR-3875079,CUST-481253,"Anderson, A.",42107,TRK803658
FJH-8133,BKD62FVG2U33J5341,Tesla,Model 3,sedan,2022,NA,LAX,Los Angeles International,on_rent,AGR-3320085,CUST-505549,"Taylor, P.",101431,TRK803659
DBS-3438,MVJJPAV6H4DK66120,Toyota,Camry,sedan,2024,NA,MCO,Orlando International,on_rent,AGR-2695057,CUST-742401,"Williams, C.",22612,TRK803660
RLC-3918,XDU3HFUAY7VUC4209,Toyota,RAV4,suv,2023,NA,DEN,Denver International,on_rent,AGR-2884103,CUST-601548,"Garcia, E.",57066,TRK803661
IQN-7252,PHYNYCKT9EB5S8657,Chevrolet,Malibu,sedan,2023,NA,PHX,Phoenix Sky Harbor,on_rent,AGR-5835141,CUST-908887,"Johnson, R.",111403,TRK803662
TXI-3351,HMADECULTH57R2521,Chevrolet,Equinox,suv,2023,NA,YYZ,Toronto Pearson,on_rent,AGR-1084554,CUST-723397,"Williams, R.",97368,TRK803663
RZ69 FTY,FJE3RCTYVEBEB5473,Skoda,Octavia,sedan,2022,EU,LHR,London Heathrow,on_rent,AGR-3073542,CUST-275634,"Andersson, T.",66613,TRK803664
ST18 BNK,CZSKM2XK5UJBV3716,Opel,Corsa,hatch,2022,EU,CDG,Paris Charles de Gaulle,on_rent,AGR-6738810,CUST-460894,"Murphy, G.",127881,TRK803665
FS85 LUO,TMU024TV1VDMS2398,BMW,1 Series,hatch,2023,EU,FRA,Frankfurt am Main,on_rent,AGR-2614781,CUST-917186,"Rossi, S.",135541,TRK803666
RQ99 TPE,YRKNR5ERRATBV3106,Mercedes-Benz,A-Class,hatch,2023,EU,MAD,Madrid Barajas,available,,,,25337,TRK803667
QE19 CVE,DSTM068S09LDA4406,Fiat,500e,hatch,2024,EU,MXP,Milan Malpensa,in_service,,,,121324,TRK803668
SY29 XML,BNJ9CYR6EPYBT1400,Seat,Leon,hatch,2025,EU,AMS,Amsterdam Schiphol,available,,,,84279,TRK803669
XN77 NMU,WTW1KN4UZ3K1N0640,Ford,Puma,suv,2025,EU,MUC,Munich Franz Josef Strauss,on_rent,AGR-3816113,CUST-843090,"Rossi, S.",65501,TRK803670
BA45 PBH,DZVJ6RKHGCELK3050,Citroen,C3,hatch,2023,EU,LIS,Lisbon Humberto Delgado,on_rent,AGR-8228402,CUST-561467,"Bianchi, B.",101010,TRK803671
PCV2K50,VUC60GXJMF6Z84941,Fiat,Cronos,sedan,2025,BR,GRU,Sao Paulo Guarulhos,available,,,,21443,TRK803672
ZLU4G17,CUC8TJ7N2WMTY5911,Fiat,Argo,hatch,2025,BR,CGH,Sao Paulo Congonhas,on_rent,AGR-8779379,CUST-548297,"Nascimento, C.",122998,TRK803673
QEM9N12,VXLAMGPV8Z6CU2093,Fiat,Mobi,hatch,2023,BR,GIG,Rio Galeao,on_rent,AGR-8383280,CUST-544568,"Rodrigues, F.",52628,TRK803674
DOS4X54,EHTFTDT0M0YE45078,Volkswagen,Polo,hatch,2023,BR,CNF,Belo Horizonte Confins,available,,,,47367,TRK803675
MZU6G92,ECN1DZ00VDSL61380,Volkswagen,T-Cross,suv,2023,BR,CWB,Curitiba Afonso Pena,on_rent,AGR-4279947,CUST-267439,"Rodrigues, J.",23880,TRK803676
YCX8R05,ZVR24HFYFPVH00179,Chevrolet,Onix,hatch,2025,BR,BSB,Brasilia Internacional,in_service,,,,137070,TRK803677
AYC9Y92,FVZ29Z822NM1N6469,Chevrolet,Tracker,suv,2024,BR,POA,Porto Alegre Salgado Filho,available,,,,56544,TRK803678
MFN1G21,EDPB05RB6XF102615,Hyundai,HB20,hatch,2024,BR,SSA,Salvador Deputado Magalhaes,available,,,,121700,TRK803679
HRI-5704,HPPM93G60BS1E4063,Hyundai,Elantra,sedan,2022,NA,DFW,Dallas Fort Worth,available,,,,102985,TRK803680
FWH-4365,ZVM6X14GD4B988784,Jeep,Grand Cherokee,suv,2024,NA,ATL,Atlanta Hartsfield,on_rent,AGR-2852297,CUST-731437,"Martinez, E.",54277,TRK803681
MGT-9352,ZZRX6LRM732703804,Kia,Telluride,suv,2023,NA,ORD,Chicago O'Hare,on_rent,AGR-8208896,CUST-593395,"Taylor, E.",126045,TRK803682
KMC-8390,CYGWRY8WV0H5B5275,Tesla,Model 3,sedan,2024,NA,LAX,Los Angeles International,on_rent,AGR-3604355,CUST-902446,"Jones, T.",86457,TRK803683
FZL-7759,YHS02Z9L7AC4S3066,Toyota,Camry,sedan,2024,NA,MCO,Orlando International,available,,,,110893,TRK803684
YIP-8563,RHHRADJBN9UU06598,Toyota,RAV4,suv,2023,NA,DEN,Denver International,available,,,,53687,TRK803685
GRE-5719,ARVCRMBZZPL2P9563,Chevrolet,Malibu,sedan,2023,NA,PHX,Phoenix Sky Harbor,available,,,,34818,TRK803686
OTD-1472,JEULLYXC97S9B3481,Chevrolet,Equinox,suv,2022,NA,YYZ,Toronto Pearson,on_rent,AGR-9978931,CUST-659034,"Anderson, B.",89503,TRK803687
FD88 FHX,PJNSS3JPGMF9H3702,Skoda,Octavia,sedan,2023,EU,LHR,London Heathrow,available,,,,111658,TRK803688
LW45 DLT,SAXNG5EKNE2KN3728,Opel,Corsa,hatch,2023,EU,CDG,Paris Charles de Gaulle,on_rent,AGR-6278832,CUST-557214,"Andersson, M.",112818,TRK803689
FM55 RKS,NEYMS2Z50LVZ30156,BMW,1 Series,hatch,2023,EU,FRA,Frankfurt am Main,available,,,,85087,TRK803690
CO95 NJI,HEW0XTL8GJZYW4408,Mercedes-Benz,A-Class,hatch,2024,EU,MAD,Madrid Barajas,on_rent,AGR-6726202,CUST-368347,"Bianchi, W.",75868,TRK803691
VS47 ULZ,VWEGN72U5NEHE3802,Fiat,500e,hatch,2024,EU,MXP,Milan Malpensa,on_rent,AGR-7474414,CUST-597983,"Dubois, F.",18442,TRK803692
AZ76 IQE,KDSJRPBBNRSAP2827,Seat,Leon,hatch,2025,EU,AMS,Amsterdam Schiphol,on_rent,AGR-4481186,CUST-891189,"Muller, M.",134482,TRK803693
KV97 JMM,EFH2ZR7MAM3X53092,Ford,Puma,suv,2023,EU,MUC,Munich Franz Josef Strauss,on_rent,AGR-4364818,CUST-723496,"Jansen, R.",55700,TRK803694
TC68 BOP,MXRH2ER0BK9241427,Citroen,C3,hatch,2024,EU,LIS,Lisbon Humberto Delgado,on_rent,AGR-8342106,CUST-807815,"Muller, E.",58189,TRK803695
GNA5P38,SBRTX3F522M771375,Fiat,Cronos,sedan,2025,BR,GRU,Sao Paulo Guarulhos,on_rent,AGR-3881992,CUST-613965,"Araujo, R.",110305,TRK803696
ZGV5R55,LMU48ZHLM2LUF6108,Fiat,Argo,hatch,2025,BR,CGH,Sao Paulo Congonhas,on_rent,AGR-4769810,CUST-952719,"Silva, P.",17660,TRK803697
SIZ6Y36,CCS7ECSD3ZPZ85739,Fiat,Mobi,hatch,2024,BR,GIG,Rio Galeao,on_rent,AGR-3409526,CUST-750299,"Almeida, E.",16615,TRK803698
GYF9I84,DVJR00XM66LWY5916,Volkswagen,Polo,hatch,2022,BR,CNF,Belo Horizonte Confins,on_rent,AGR-5547397,CUST-190490,"Santos, A.",30671,TRK803699
NRP2S26,PHDXZU3Z8D33N2388,Volkswagen,T-Cross,suv,2023,BR,CWB,Curitiba Afonso Pena,on_rent,AGR-4941254,CUST-636620,"Nascimento, F.",29287,TRK803700
MEN6C65,KBXY3YCW46R4Y4195,Chevrolet,Onix,hatch,2022,BR,BSB,Brasilia Internacional,on_rent,AGR-5090624,CUST-482031,"Araujo, E.",123054,TRK803701
FJA9P13,PFTFHYMK1095H7083,Chevrolet,Tracker,suv,2024,BR,POA,Porto Alegre Salgado Filho,available,,,,63588,TRK803702
EFG8Y98,WRBM92Z67K3259006,Hyundai,HB20,hatch,2024,BR,SSA,Salvador Deputado Magalhaes,on_rent,AGR-2490895,CUST-162495,"Nascimento, D.",60625,TRK803703
QWW-4128,YCAD6D40FLXK73001,Hyundai,Elantra,sedan,2023,NA,DFW,Dallas Fort Worth,on_rent,AGR-2051308,CUST-444328,"Anderson, S.",8493,TRK803704
UUE-2155,HDBE5RC1J3ZUD0664,Jeep,Grand Cherokee,suv,2025,NA,ATL,Atlanta Hartsfield,on_rent,AGR-5114850,CUST-521212,"Jones, L.",86113,TRK803705
RNV-2770,ZZUF79C5Z8UD23095,Kia,Telluride,suv,2023,NA,ORD,Chicago O'Hare,on_rent,AGR-5356130,CUST-816660,"Smith, D.",60079,TRK803706
VAY-6120,YTTT5MTMC68DJ1254,Tesla,Model 3,sedan,2023,NA,LAX,Los Angeles International,on_rent,AGR-9153577,CUST-600574,"Garcia, A.",117629,TRK803707
SHB-8370,SZCACB7AVP28H4805,Toyota,Camry,sedan,2024,NA,MCO,Orlando International,on_rent,AGR-9375256,CUST-772761,"Anderson, G.",68497,TRK803708
KLT-1589,BYLCYU6E26UVY2091,Toyota,RAV4,suv,2025,NA,DEN,Denver International,in_service,,,,89877,TRK803709
DMO-3519,ZWP7ER3LDDHBD0086,Chevrolet,Malibu,sedan,2024,NA,PHX,Phoenix Sky Harbor,on_rent,AGR-8924177,CUST-729522,"Jones, P.",71616,TRK803710
YRJ-7462,PDHF8T97CXMBR4591,Chevrolet,Equinox,suv,2024,NA,YYZ,Toronto Pearson,in_service,,,,108135,TRK803711
LE42 CMC,NNHZYBFN5XHL48704,Skoda,Octavia,sedan,2023,EU,LHR,London Heathrow,on_rent,AGR-9873164,CUST-180905,"Garcia, E.",127324,TRK803712
OR91 SZE,NMKPAYY7CB1C43665,Opel,Corsa,hatch,2023,EU,CDG,Paris Charles de Gaulle,on_rent,AGR-2873601,CUST-100245,"Garcia, G.",58804,TRK803713
VH25 NTD,ZSGCFANL364P98929,BMW,1 Series,hatch,2024,EU,FRA,Frankfurt am Main,available,,,,74167,TRK803714
YB70 YOV,ZPA6EATHE65H06891,Mercedes-Benz,A-Class,hatch,2022,EU,MAD,Madrid Barajas,available,,,,40375,TRK803715
LH63 WUD,ZAL7P5CG3W9AN5453,Fiat,500e,hatch,2025,EU,MXP,Milan Malpensa,on_rent,AGR-2357744,CUST-425844,"Andersson, B.",96156,TRK803716
TM24 GHD,RFLCDY7398DCC4552,Seat,Leon,hatch,2024,EU,AMS,Amsterdam Schiphol,on_rent,AGR-5417389,CUST-775085,"Andersson, A.",8299,TRK803717
QN43 SUT,VFS9G86ZPR36H4279,Ford,Puma,suv,2023,EU,MUC,Munich Franz Josef Strauss,in_service,,,,55754,TRK803718
AL99 MPV,LDJWBUY3HGA907181,Citroen,C3,hatch,2024,EU,LIS,Lisbon Humberto Delgado,on_rent,AGR-5222602,CUST-637096,"Dubois, A.",115798,TRK803719
LXZ1N33,MJNLEE4S1DWD60230,Fiat,Cronos,sedan,2023,BR,GRU,Sao Paulo Guarulhos,available,,,,67097,TRK803720
PZW1F39,WEBZLLMKNP0J59184,Fiat,Argo,hatch,2022,BR,CGH,Sao Paulo Congonhas,on_rent,AGR-1743127,CUST-788515,"Carvalho, S.",93502,TRK803721
VGP8G19,CVU11EVEZ3FFE7791,Fiat,Mobi,hatch,2022,BR,GIG,Rio Galeao,available,,,,130056,TRK803722
KVG0J77,CBA7JPZAC1R1R4894,Volkswagen,Polo,hatch,2025,BR,CNF,Belo Horizonte Confins,on_rent,AGR-3518330,CUST-567145,"Rodrigues, E.",46240,TRK803723
UES5V84,RXERMM1AVSV7T8284,Volkswagen,T-Cross,suv,2023,BR,CWB,Curitiba Afonso Pena,on_rent,AGR-9725070,CUST-164892,"Almeida, K.",88501,TRK803724
LLC8Q08,KYG4CFA954X437348,Chevrolet,Onix,hatch,2023,BR,BSB,Brasilia Internacional,on_rent,AGR-1949406,CUST-893048,"Pereira, L.",22257,TRK803725
DIZ6I21,CZGWK8GNZ98V38066,Chevrolet,Tracker,suv,2023,BR,POA,Porto Alegre Salgado Filho,on_rent,AGR-5334194,CUST-307387,"Souza, F.",28568,TRK803726
ZXO6V57,FLKK6VA83DP6H5833,Hyundai,HB20,hatch,2024,BR,SSA,Salvador Deputado Magalhaes,on_rent,AGR-7631237,CUST-231554,"Lima, R.",89400,TRK803727
OUO-7106,XPKFHR81VAP504341,Hyundai,Elantra,sedan,2023,NA,DFW,Dallas Fort Worth,on_rent,AGR-5217199,CUST-922126,"Anderson, P.",108328,TRK803728
YJE-8421,JWVT5FEW1Z1G24467,Jeep,Grand Cherokee,suv,2023,NA,ATL,Atlanta Hartsfield,available,,,,132411,TRK803729
XVZ-6014,ZFADURV7G924U5402,Kia,Telluride,suv,2024,NA,ORD,Chicago O'Hare,available,,,,129852,TRK803730
RWC-4609,KDPJBY7TNX4CA8766,Tesla,Model 3,sedan,2025,NA,LAX,Los Angeles International,on_rent,AGR-5196722,CUST-407370,"Brown, W.",124102,TRK803731
RFP-7191,ZUD34J809BM0V8654,Toyota,Camry,sedan,2025,NA,MCO,Orlando International,on_rent,AGR-6515335,CUST-527298,"Garcia, D.",57206,TRK803732
ELK-5241,GVYJ4Y0MBYD154423,Toyota,RAV4,suv,2025,NA,DEN,Denver International,on_rent,AGR-7442479,CUST-679208,"Williams, C.",95536,TRK803733
VOG-9844,ZUA889YZS89AE0595,Chevrolet,Malibu,sedan,2022,NA,PHX,Phoenix Sky Harbor,on_rent,AGR-5173114,CUST-818552,"Taylor, D.",64172,TRK803734
PYN-2696,NXJX9MFFGBRJ30629,Chevrolet,Equinox,suv,2024,NA,YYZ,Toronto Pearson,on_rent,AGR-9746344,CUST-914776,"Davis, C.",56218,TRK803735
MG77 VAG,CAPB5E3TSAA0T3803,Skoda,Octavia,sedan,2025,EU,LHR,London Heathrow,available,,,,95628,TRK803736
FP95 PZN,JFPHC3V4E8XMF3764,Opel,Corsa,hatch,2023,EU,CDG,Paris Charles de Gaulle,on_rent,AGR-9130040,CUST-320354,"Schmidt, N.",122972,TRK803737
BM76 JJG,MCBTFNP6A1TN20718,BMW,1 Series,hatch,2022,EU,FRA,Frankfurt am Main,available,,,,87872,TRK803738
BT53 MFL,VTGJPSTTDXBJE8860,Mercedes-Benz,A-Class,hatch,2022,EU,MAD,Madrid Barajas,on_rent,AGR-6387306,CUST-789343,"Schmidt, T.",65514,TRK803739
JH42 RGQ,GJZD0EV6AMJNJ3928,Fiat,500e,hatch,2022,EU,MXP,Milan Malpensa,on_rent,AGR-4647385,CUST-611980,"Novak, F.",119682,TRK803740
XB75 VRU,KHUFB5C95F5417656,Seat,Leon,hatch,2023,EU,AMS,Amsterdam Schiphol,on_rent,AGR-4131050,CUST-828022,"Kowalski, W.",79447,TRK803741
KQ85 MRL,WJE5YAT2ZA6DL9979,Ford,Puma,suv,2022,EU,MUC,Munich Franz Josef Strauss,on_rent,AGR-3875307,CUST-693523,"Bianchi, F.",68733,TRK803742
UK58 WDO,ZCUADAYD8XXH54024,Citroen,C3,hatch,2024,EU,LIS,Lisbon Humberto Delgado,available,,,,91176,TRK803743
AMO5N13,KVY2JZLJP874A5112,Fiat,Cronos,sedan,2023,BR,GRU,Sao Paulo Guarulhos,in_service,,,,65629,TRK803744
IYR8C76,AWN1YS3JNTN376340,Fiat,Argo,hatch,2023,BR,CGH,Sao Paulo Congonhas,on_rent,AGR-6818615,CUST-871421,"Rodrigues, H.",111624,TRK803745
RDI5B64,EYGVFZPARDPCA5646,Fiat,Mobi,hatch,2024,BR,GIG,Rio Galeao,available,,,,119191,TRK803746
VDO3Z04,VAC4EKU03ET5P5576,Volkswagen,Polo,hatch,2023,BR,CNF,Belo Horizonte Confins,available,,,,65481,TRK803747
KCR1S31,HCY3HEGWHRL5D1523,Volkswagen,T-Cross,suv,2024,BR,CWB,Curitiba Afonso Pena,available,,,,120609,TRK803748
YIS8A74,EKUMGNYKHWFZ32999,Chevrolet,Onix,hatch,2023,BR,BSB,Brasilia Internacional,on_rent,AGR-6108621,CUST-373721,"Lima, A.",87688,TRK803749
LLZ5M96,SSWG81H10PJJG5006,Chevrolet,Tracker,suv,2022,BR,POA,Porto Alegre Salgado Filho,available,,,,109149,TRK803750
DPD8Y17,HDG12Y7P8YVY32767,Hyundai,HB20,hatch,2023,BR,SSA,Salvador Deputado Magalhaes,available,,,,78022,TRK803751
PEH-5388,TZW39R964AK1X8069,Hyundai,Elantra,sedan,2024,NA,DFW,Dallas Fort Worth,on_rent,AGR-8102484,CUST-442669,"Anderson, G.",63504,TRK803752
ITZ-8001,SDN11SHX9K9853589,Jeep,Grand Cherokee,suv,2022,NA,ATL,Atlanta Hartsfield,on_rent,AGR-6336298,CUST-448206,"Smith, B.",132124,TRK803753
TDN-9960,KEP3G0WNFFTNS4979,Kia,Telluride,suv,2025,NA,ORD,Chicago O'Hare,on_rent,AGR-5073797,CUST-270601,"Williams, K.",68120,TRK803754
OBJ-1981,TBPF8ZAFBSUHS2577,Tesla,Model 3,sedan,2022,NA,LAX,Los Angeles International,on_rent,AGR-4084491,CUST-749241,"Wilson, K.",106899,TRK803755
YTZ-1040,EWNP5XT586KD30085,Toyota,Camry,sedan,2023,NA,MCO,Orlando International,available,,,,13991,TRK803756
FWH-9315,DERWNKD1BH7H63756,Toyota,RAV4,suv,2024,NA,DEN,Denver International,on_rent,AGR-9499202,CUST-572735,"Wilson, A.",46546,TRK803757
WCM-9020,KSXKAYRPM5KR62522,Chevrolet,Malibu,sedan,2025,NA,PHX,Phoenix Sky Harbor,on_rent,AGR-5884394,CUST-408727,"Miller, M.",28479,TRK803758
FZV-7311,KEM6MJCCXG1YV0100,Chevrolet,Equinox,suv,2025,NA,YYZ,Toronto Pearson,on_rent,AGR-1598784,CUST-523768,"Wilson, C.",46901,TRK803759
YF82 NRP,RZE4JGCVRR9WW2377,Skoda,Octavia,sedan,2024,EU,LHR,London Heathrow,on_rent,AGR-7552616,CUST-404473,"Bianchi, A.",29371,TRK803760
ZQ23 ZGE,FJC6ZE9JM9RMR2683,Opel,Corsa,hatch,2024,EU,CDG,Paris Charles de Gaulle,available,,,,96642,TRK803761
TZ55 SXG,BBPMV7D766JHA3231,BMW,1 Series,hatch,2023,EU,FRA,Frankfurt am Main,on_rent,AGR-8191480,CUST-441901,"Jansen, B.",41207,TRK803762
KB69 HUS,GCZCUL6NU9DY37881,Mercedes-Benz,A-Class,hatch,2025,EU,MAD,Madrid Barajas,on_rent,AGR-1111562,CUST-324652,"Garcia, P.",43176,TRK803763
YV58 LYA,DXTM2PFPHPAPP3340,Fiat,500e,hatch,2024,EU,MXP,Milan Malpensa,on_rent,AGR-3957542,CUST-877285,"Bianchi, F.",132741,TRK803764
UV72 FLI,FVBWHFE8SLRBC1961,Seat,Leon,hatch,2024,EU,AMS,Amsterdam Schiphol,on_rent,AGR-4379254,CUST-711161,"Murphy, E.",15177,TRK803765
KA62 ZRJ,VUF6KP7BGB9TT9410,Ford,Puma,suv,2025,EU,MUC,Munich Franz Josef Strauss,available,,,,30197,TRK803766
TE75 FNK,LBYFH9X7ZKSY38100,Citroen,C3,hatch,2025,EU,LIS,Lisbon Humberto Delgado,on_rent,AGR-3432703,CUST-567153,"Rossi, S.",31287,TRK803767
VNK5R75,YTTH0RH9A45EG1045,Fiat,Cronos,sedan,2022,BR,GRU,Sao Paulo Guarulhos,on_rent,AGR-6436197,CUST-727142,"Rodrigues, A.",128988,TRK803768
JLE7X97,PCASM1Y830DCJ4814,Fiat,Argo,hatch,2025,BR,CGH,Sao Paulo Congonhas,available,,,,136858,TRK803769
YKG6I30,TPC2FABLTJDSH3547,Fiat,Mobi,hatch,2024,BR,GIG,Rio Galeao,on_rent,AGR-2225008,CUST-822572,"Costa, K.",41499,TRK803770
XPZ5P42,EMDMUPU499A607940,Volkswagen,Polo,hatch,2023,BR,CNF,Belo Horizonte Confins,on_rent,AGR-4208154,CUST-549017,"Rodrigues, G.",31443,TRK803771
PDY8D13,ABXX6Y5W1XPEU9180,Volkswagen,T-Cross,suv,2024,BR,CWB,Curitiba Afonso Pena,available,,,,103902,TRK803772
UMP5Y06,ZLPYLEP8YJM0C6322,Chevrolet,Onix,hatch,2023,BR,BSB,Brasilia Internacional,on_rent,AGR-6727858,CUST-305425,"Oliveira, K.",20627,TRK803773
UZH9L32,TGFK9DUV0A64B7225,Chevrolet,Tracker,suv,2023,BR,POA,Porto Alegre Salgado Filho,on_rent,AGR-4429294,CUST-699166,"Lima, D.",61680,TRK803774
GXA6X51,HTCYW4X1D5GP48221,Hyundai,HB20,hatch,2025,BR,SSA,Salvador Deputado Magalhaes,available,,,,71391,TRK803775
XHE-6813,NFW98FY42S0EJ9769,Hyundai,Elantra,sedan,2023,NA,DFW,Dallas Fort Worth,on_rent,AGR-6304876,CUST-680763,"Brown, D.",14296,TRK803776
CIQ-9728,YKYTU1U5AH1MS8236,Jeep,Grand Cherokee,suv,2024,NA,ATL,Atlanta Hartsfield,on_rent,AGR-7328252,CUST-127385,"Wilson, J.",58270,TRK803777
NHX-7157,AYWXM9PNB4KAW8324,Kia,Telluride,suv,2023,NA,ORD,Chicago O'Hare,available,,,,13672,TRK803778
PFQ-5204,CSHR9Z3MD9KCZ0677,Tesla,Model 3,sedan,2022,NA,LAX,Los Angeles International,on_rent,AGR-5877159,CUST-524022,"Anderson, A.",59857,TRK803779
NWO-1579,JHW6D8JUYSLZ57630,Toyota,Camry,sedan,2024,NA,MCO,Orlando International,in_service,,,,42122,TRK803780
ZOW-3483,LHCK448HVVHPR7210,Toyota,RAV4,suv,2023,NA,DEN,Denver International,available,,,,45896,TRK803781
QIB-7217,GLZ2ZXTVUZNEN5268,Chevrolet,Malibu,sedan,2023,NA,PHX,Phoenix Sky Harbor,on_rent,AGR-9188556,CUST-121764,"Anderson, L.",87806,TRK803782
RYH-8096,UFWK1CSDKS6T87316,Chevrolet,Equinox,suv,2023,NA,YYZ,Toronto Pearson,on_rent,AGR-1561040,CUST-679649,"Brown, C.",109286,TRK803783
CI55 EOH,EYP6H559FUCGZ3441,Skoda,Octavia,sedan,2023,EU,LHR,London Heathrow,available,,,,106671,TRK803784
VX41 VHM,ZMHDF0ASP5KUB1969,Opel,Corsa,hatch,2023,EU,CDG,Paris Charles de Gaulle,available,,,,114224,TRK803785
KU60 HSY,AHXDJZ9TGMBH00419,BMW,1 Series,hatch,2023,EU,FRA,Frankfurt am Main,on_rent,AGR-9072953,CUST-982672,"Garcia, M.",50862,TRK803786
KF97 OBV,VTFF0WXCPHTXX5902,Mercedes-Benz,A-Class,hatch,2024,EU,MAD,Madrid Barajas,on_rent,AGR-7807300,CUST-137122,"Dubois, T.",81402,TRK803787
UL75 TYH,MBVEW66HVWTUJ5606,Fiat,500e,hatch,2023,EU,MXP,Milan Malpensa,on_rent,AGR-3946817,CUST-617918,"Kowalski, E.",113022,TRK803788
PK95 UCM,FMKW69D86KNB94524,Seat,Leon,hatch,2024,EU,AMS,Amsterdam Schiphol,available,,,,103456,TRK803789
DK18 OBA,APWRAUZMN1ZKK1035,Ford,Puma,suv,2022,EU,MUC,Munich Franz Josef Strauss,on_rent,AGR-2885785,CUST-865441,"Bianchi, P.",111525,TRK803790
OQ61 VIU,NLU5NRSJAW1PR2791,Citroen,C3,hatch,2023,EU,LIS,Lisbon Humberto Delgado,on_rent,AGR-6371265,CUST-412619,"Kowalski, B.",82550,TRK803791
KOR9A51,PYFMM95GD2ZUR9291,Fiat,Cronos,sedan,2023,BR,GRU,Sao Paulo Guarulhos,on_rent,AGR-6102739,CUST-198145,"Rodrigues, J.",72798,TRK803792
VNW2O71,PFV5M4JYKLWFX4206,Fiat,Argo,hatch,2023,BR,CGH,Sao Paulo Congonhas,on_rent,AGR-3682263,CUST-983531,"Rodrigues, M.",20557,TRK803793
DBA7Z14,PHCE47CNTWWX41194,Fiat,Mobi,hatch,2025,BR,GIG,Rio Galeao,available,,,,128309,TRK803794
SMU6H29,ENP91P9PR98SM1312,Volkswagen,Polo,hatch,2023,BR,CNF,Belo Horizonte Confins,on_rent,AGR-4971667,CUST-783185,"Nascimento, S.",54586,TRK803795
VER5V47,YBFJ2T9Z8G2H96087,Volkswagen,T-Cross,suv,2025,BR,CWB,Curitiba Afonso Pena,on_rent,AGR-2793714,CUST-421242,"Nascimento, S.",68047,TRK803796
ELF5N01,TTKY0Y57WSDDU6204,Chevrolet,Onix,hatch,2022,BR,BSB,Brasilia Internacional,on_rent,AGR-2088142,CUST-486009,"Santos, L.",43032,TRK803797
LKZ3A02,CVUDSCVS12MZK6021,Chevrolet,Tracker,suv,2023,BR,POA,Porto Alegre Salgado Filho,on_rent,AGR-2293893,CUST-528146,"Silva, C.",89414,TRK803798
FGF8O12,MWMNGX7YMKV349477,Hyundai,HB20,hatch,2024,BR,SSA,Salvador Deputado Magalhaes,in_service,,,,84383,TRK803799
GHP-1989,NCWVVBB6WJYXF3635,Hyundai,Elantra,sedan,2024,NA,DFW,Dallas Fort Worth,on_rent,AGR-8428888,CUST-948853,"Miller, C.",23322,TRK803800
LZP-2742,TRD927VZEYMYL4930,Jeep,Grand Cherokee,suv,2023,NA,ATL,Atlanta Hartsfield,on_rent,AGR-7297755,CUST-189236,"Anderson, B.",47441,TRK803801
KDR-9354,MCGRETA4DYSC61585,Kia,Telluride,suv,2024,NA,ORD,Chicago O'Hare,on_rent,AGR-9031293,CUST-924155,"Brown, L.",58234,TRK803802
SVI-5097,BZGDFTW2AR6CY6476,Tesla,Model 3,sedan,2022,NA,LAX,Los Angeles International,available,,,,90688,TRK803803
FSO-1011,DBHFZK1FXCS401298,Toyota,Camry,sedan,2024,NA,MCO,Orlando International,on_rent,AGR-1830793,CUST-220908,"Wilson, P.",118788,TRK803804
SXR-7014,DTPVRSYKM7DHM8761,Toyota,RAV4,suv,2023,NA,DEN,Denver International,on_rent,AGR-8691785,CUST-939261,"Anderson, H.",100440,TRK803805
RRY-7586,FDZHR741RM0BN7505,Chevrolet,Malibu,sedan,2023,NA,PHX,Phoenix Sky Harbor,available,,,,136215,TRK803806
ZSS-7757,AHXDNUCGDVPAE3160,Chevrolet,Equinox,suv,2024,NA,YYZ,Toronto Pearson,on_rent,AGR-8593741,CUST-871047,"Johnson, R.",138416,TRK803807
EN58 TDM,KNFB3MT7NZ2EY6013,Skoda,Octavia,sedan,2023,EU,LHR,London Heathrow,on_rent,AGR-4713808,CUST-874574,"Muller, H.",107915,TRK803808
IG23 PTV,MYU9N9BA47H302198,Opel,Corsa,hatch,2023,EU,CDG,Paris Charles de Gaulle,available,,,,106347,TRK803809
RU25 QMX,TJENSDVWF1NAM0095,BMW,1 Series,hatch,2024,EU,FRA,Frankfurt am Main,in_service,,,,79213,TRK803810
EY96 WJO,FHFEVVUE3S84D2417,Mercedes-Benz,A-Class,hatch,2023,EU,MAD,Madrid Barajas,on_rent,AGR-6512310,CUST-178810,"Kowalski, A.",96519,TRK803811
XO79 BQL,ASW31G4LYB96T3185,Fiat,500e,hatch,2024,EU,MXP,Milan Malpensa,on_rent,AGR-2657280,CUST-804395,"Muller, F.",50061,TRK803812
PT22 RZL,UJPWHBXA5VZ9M0725,Seat,Leon,hatch,2024,EU,AMS,Amsterdam Schiphol,available,,,,109673,TRK803813
CK87 HUP,GJB7CENWJTMDT6048,Ford,Puma,suv,2023,EU,MUC,Munich Franz Josef Strauss,in_service,,,,40431,TRK803814
QA46 OAS,FUUD3LVPLN4842785,Citroen,C3,hatch,2024,EU,LIS,Lisbon Humberto Delgado,on_rent,AGR-7737472,CUST-962577,"Schmidt, W.",30472,TRK803815
PQB1Y43,NCNG7D5HZ2C8Z2410,Fiat,Cronos,sedan,2022,BR,GRU,Sao Paulo Guarulhos,on_rent,AGR-5772473,CUST-937502,"Oliveira, S.",45419,TRK803816
KDM8G94,DAUJSNRGBCBKP4116,Fiat,Argo,hatch,2023,BR,CGH,Sao Paulo Congonhas,available,,,,88127,TRK803817
XJF2O18,NDUF9KCNZP7357466,Fiat,Mobi,hatch,2024,BR,GIG,Rio Galeao,on_rent,AGR-2109169,CUST-229171,"Lima, P.",130715,TRK803818
DRX7X62,XHMP0ZHERJURS0630,Volkswagen,Polo,hatch,2022,BR,CNF,Belo Horizonte Confins,on_rent,AGR-9042547,CUST-421194,"Silva, N.",43669,TRK803819
TDK1W92,JGA4YVT00D5U78112,Volkswagen,T-Cross,suv,2024,BR,CWB,Curitiba Afonso Pena,available,,,,63079,TRK803820
NSF3V66,CEW3G86J316WK8423,Chevrolet,Onix,hatch,2023,BR,BSB,Brasilia Internacional,on_rent,AGR-9814437,CUST-953048,"Souza, P.",37012,TRK803821
BPG0J53,ZHSKWNCGCLYT06081,Chevrolet,Tracker,suv,2023,BR,POA,Porto Alegre Salgado Filho,available,,,,35037,TRK803822
IWX3Y24,TYJ7KLTDY3WJP1104,Hyundai,HB20,hatch,2023,BR,SSA,Salvador Deputado Magalhaes,available,,,,51598,TRK803823
ZSS-9860,MDKVU96ABRSM47081,Hyundai,Elantra,sedan,2022,NA,DFW,Dallas Fort Worth,on_rent,AGR-7913054,CUST-530884,"Smith, C.",100016,TRK803824
CZA-3271,HNT5AXYNV0R0C2385,Jeep,Grand Cherokee,suv,2022,NA,ATL,Atlanta Hartsfield,on_rent,AGR-2501777,CUST-454232,"Williams, C.",58235,TRK803825
EHQ-6122,MGFABZRGG7G6C9308,Kia,Telluride,suv,2025,NA,ORD,Chicago O'Hare,available,,,,52289,TRK803826
JUH-7299,ZBNKC2C8VKDP18927,Tesla,Model 3,sedan,2023,NA,LAX,Los Angeles International,on_rent,AGR-5904386,CUST-120799,"Smith, H.",16111,TRK803827
KNE-6464,TWJGKMLC52PN58204,Toyota,Camry,sedan,2024,NA,MCO,Orlando International,on_rent,AGR-6979614,CUST-358455,"Taylor, K.",57289,TRK803828
UIS-6742,VCPU0ZK646KH37798,Toyota,RAV4,suv,2023,NA,DEN,Denver International,on_rent,AGR-1500354,CUST-447848,"Williams, E.",18055,TRK803829
AXG-8632,LFZJLM9VLE9UA3676,Chevrolet,Malibu,sedan,2025,NA,PHX,Phoenix Sky Harbor,available,,,,69178,TRK803830
XST-4897,PWMZJ6UDLTXPS1221,Chevrolet,Equinox,suv,2023,NA,YYZ,Toronto Pearson,in_service,,,,27360,TRK803831
OZ88 HAP,JUGXWR72FBHX57392,Skoda,Octavia,sedan,2023,EU,LHR,London Heathrow,on_rent,AGR-6347796,CUST-521135,"Jansen, W.",119281,TRK803832
DN73 BSF,MXRVEKYL5S7YA3234,Opel,Corsa,hatch,2025,EU,CDG,Paris Charles de Gaulle,on_rent,AGR-9369039,CUST-182960,"Silva, H.",83356,TRK803833
OI86 OZA,NMFVU69GA90C81512,BMW,1 Series,hatch,2022,EU,FRA,Frankfurt am Main,available,,,,138261,TRK803834
DP61 SIK,YFSSC0TP22K261395,Mercedes-Benz,A-Class,hatch,2024,EU,MAD,Madrid Barajas,in_service,,,,67324,TRK803835
EE85 IWD,JAP59D5H9G5F13913,Fiat,500e,hatch,2024,EU,MXP,Milan Malpensa,on_rent,AGR-9015041,CUST-565811,"Garcia, D.",132873,TRK803836
DE29 KLU,LDDWATD6VBV806359,Seat,Leon,hatch,2023,EU,AMS,Amsterdam Schiphol,available,,,,104290,TRK803837
QN34 NEW,BFP6CSX9LBC7V0514,Ford,Puma,suv,2025,EU,MUC,Munich Franz Josef Strauss,on_rent,AGR-5801534,CUST-489464,"Muller, G.",115213,TRK803838
MH34 XJO,MZWKDDE4UTP1E9156,Citroen,C3,hatch,2023,EU,LIS,Lisbon Humberto Delgado,on_rent,AGR-1298510,CUST-432361,"Rossi, S.",13859,TRK803839
TWX4X94,YTTBLN7640S770681,Fiat,Cronos,sedan,2025,BR,GRU,Sao Paulo Guarulhos,on_rent,AGR-6530123,CUST-700675,"Souza, B.",100082,TRK803840
OPI4R92,GARNNKZMBD7FW0295,Fiat,Argo,hatch,2023,BR,CGH,Sao Paulo Congonhas,on_rent,AGR-4056744,CUST-490422,"Santos, L.",66618,TRK803841
KQS1J87,BWFTN5481KPD55617,Fiat,Mobi,hatch,2025,BR,GIG,Rio Galeao,in_service,,,,11874,TRK803842
WAB4M92,JLPXYNJSK0D1F7584,Volkswagen,Polo,hatch,2025,BR,CNF,Belo Horizonte Confins,on_rent,AGR-3941682,CUST-559250,"Costa, N.",89052,TRK803843
BNR9J57,WBTJ0LXWDWKM72867,Volkswagen,T-Cross,suv,2022,BR,CWB,Curitiba Afonso Pena,available,,,,84989,TRK803844
MWU8Y63,LXRGA9820GG6R9188,Chevrolet,Onix,hatch,2025,BR,BSB,Brasilia Internacional,on_rent,AGR-8155655,CUST-383205,"Pereira, R.",63729,TRK803845
LIQ7E92,TWFJUXEVNTWHY5439,Chevrolet,Tracker,suv,2022,BR,POA,Porto Alegre Salgado Filho,available,,,,131012,TRK803846
BUR3D08,UHFXABF4XMM7E4627,Hyundai,HB20,hatch,2024,BR,SSA,Salvador Deputado Magalhaes,on_rent,AGR-3871609,CUST-619714,"Costa, R.",92417,TRK803847
APB-8005,GVRTH0YZ8FSSW1045,Hyundai,Elantra,sedan,2023,NA,DFW,Dallas Fort Worth,on_rent,AGR-6216526,CUST-143179,"Wilson, M.",132396,TRK803848
HRT-7244,ZVPT4NA1TKACA1930,Jeep,Grand Cherokee,suv,2024,NA,ATL,Atlanta Hartsfield,on_rent,AGR-1866300,CUST-677545,"Johnson, D.",11869,TRK803849
QMA-4965,WYG99CKVAV0ZF4136,Kia,Telluride,suv,2025,NA,ORD,Chicago O'Hare,available,,,,131327,TRK803850
BFB-5051,JWHJBFD2LRZ972029,Tesla,Model 3,sedan,2022,NA,LAX,Los Angeles International,on_rent,AGR-4057788,CUST-316254,"Johnson, B.",126893,TRK803851
GNJ-2990,HGNK38A3ZAMY50727,Toyota,Camry,sedan,2022,NA,MCO,Orlando International,on_rent,AGR-3729885,CUST-540007,"Williams, H.",60482,TRK803852
EJQ-8206,TJTPS7AVJ5XS27142,Toyota,RAV4,suv,2024,NA,DEN,Denver International,on_rent,AGR-4191538,CUST-432457,"Garcia, J.",116272,TRK803853
DCS-3024,VTG7DJAE7LD2U1661,Chevrolet,Malibu,sedan,2022,NA,PHX,Phoenix Sky Harbor,on_rent,AGR-9895176,CUST-380997,"Anderson, G.",120257,TRK803854
BCJ-9655,RHMJJR9PVH17L1684,Chevrolet,Equinox,suv,2024,NA,YYZ,Toronto Pearson,available,,,,60565,TRK803855
IA81 HKN,GBDJN6SGYTWHU8370,Skoda,Octavia,sedan,2023,EU,LHR,London Heathrow,on_rent,AGR-8619783,CUST-784565,"Murphy, B.",102725,TRK803856
AT19 QJV,UTFG9441Y28FT2009,Opel,Corsa,hatch,2025,EU,CDG,Paris Charles de Gaulle,on_rent,AGR-6332587,CUST-507527,"Garcia, H.",42683,TRK803857
JG22 JYX,UCUUGM5SBP41G1041,BMW,1 Series,hatch,2023,EU,FRA,Frankfurt am Main,on_rent,AGR-3479626,CUST-590358,"Kowalski, K.",29748,TRK803858
DD84 EWD,MEB007UNUZLGR8657,Mercedes-Benz,A-Class,hatch,2023,EU,MAD,Madrid Barajas,on_rent,AGR-6141298,CUST-389481,"Kowalski, T.",24110,TRK803859
FP18 WBU,PRTZMCVTCS4RZ5096,Fiat,500e,hatch,2024,EU,MXP,Milan Malpensa,on_rent,AGR-3607263,CUST-292445,"Muller, S.",139171,TRK803860
AS83 VPF,HYPLZVHSWS6FG0512,Seat,Leon,hatch,2024,EU,AMS,Amsterdam Schiphol,on_rent,AGR-3647312,CUST-252588,"Novak, D.",18305,TRK803861
VB17 KWO,TTHP29VK0K0Y90958,Ford,Puma,suv,2023,EU,MUC,Munich Franz Josef Strauss,available,,,,55666,TRK803862
RF54 BNM,BWPJSY9SZ3DYH1663,Citroen,C3,hatch,2024,EU,LIS,Lisbon Humberto Delgado,on_rent,AGR-5340984,CUST-963935,"Jansen, M.",74130,TRK803863
CLU7E67,DFETGWVKVRC9G2409,Fiat,Cronos,sedan,2025,BR,GRU,Sao Paulo Guarulhos,on_rent,AGR-5642296,CUST-613225,"Lima, H.",84106,TRK803864
GYL4F32,WMM9SKTGTFEY73247,Fiat,Argo,hatch,2022,BR,CGH,Sao Paulo Congonhas,on_rent,AGR-2062753,CUST-537680,"Nascimento, D.",64996,TRK803865
BPC0Y66,MLMG3WHCJUW4C6482,Fiat,Mobi,hatch,2023,BR,GIG,Rio Galeao,on_rent,AGR-5237432,CUST-979565,"Santos, N.",28612,TRK803866
DUM6C64,YVUF55VH61KCC9406,Volkswagen,Polo,hatch,2023,BR,CNF,Belo Horizonte Confins,on_rent,AGR-7849205,CUST-128587,"Almeida, P.",77420,TRK803867
RCM3Z99,PBAPBKCCP30DZ2791,Volkswagen,T-Cross,suv,2022,BR,CWB,Curitiba Afonso Pena,on_rent,AGR-7031923,CUST-998859,"Almeida, P.",23795,TRK803868
XLK7Z80,GES2X3V6HM8BD3507,Chevrolet,Onix,hatch,2024,BR,BSB,Brasilia Internacional,on_rent,AGR-1693384,CUST-317940,"Nascimento, A.",8269,TRK803869
VAD5T42,LWDLX3DWA7H089995,Chevrolet,Tracker,suv,2023,BR,POA,Porto Alegre Salgado Filho,available,,,,9773,TRK803870
XXH3Y57,LLF4PP3AVV7CR7848,Hyundai,HB20,hatch,2022,BR,SSA,Salvador Deputado Magalhaes,on_rent,AGR-9484441,CUST-385064,"Nascimento, L.",37381,TRK803871
ZRQ-4275,XWGRE0GGR4PPR3530,Hyundai,Elantra,sedan,2024,NA,DFW,Dallas Fort Worth,available,,,,29017,TRK803872
LFR-8490,PDTHXJR5BVM0M0451,Jeep,Grand Cherokee,suv,2025,NA,ATL,Atlanta Hartsfield,in_service,,,,112918,TRK803873
GBC-8986,PMB7B3WWA59592088,Kia,Telluride,suv,2024,NA,ORD,Chicago O'Hare,on_rent,AGR-8286708,CUST-387148,"Williams, L.",102864,TRK803874
GUD-3897,EZJS6XJSUX5T03366,Tesla,Model 3,sedan,2025,NA,LAX,Los Angeles International,available,,,,127628,TRK803875
RKW-2986,KDF9WPRPV65NW9712,Toyota,Camry,sedan,2022,NA,MCO,Orlando International,on_rent,AGR-2372373,CUST-313776,"Brown, M.",60448,TRK803876
LTC-4301,ZMNVXY4K8WYE37839,Toyota,RAV4,suv,2022,NA,DEN,Denver International,on_rent,AGR-6354006,CUST-597874,"Jones, E.",42349,TRK803877
AKC-4178,UCA6MN7RFK4MN5411,Chevrolet,Malibu,sedan,2022,NA,PHX,Phoenix Sky Harbor,on_rent,AGR-3153180,CUST-309463,"Jones, F.",100281,TRK803878
CNA-6609,ARJ5P0WBEMJAV5361,Chevrolet,Equinox,suv,2025,NA,YYZ,Toronto Pearson,on_rent,AGR-9432449,CUST-247243,"Wilson, H.",99494,TRK803879
PW20 AHD,JED2RNE2E4LMS0873,Skoda,Octavia,sedan,2025,EU,LHR,London Heathrow,available,,,,72688,TRK803880
KK77 VTX,XHM4UWM13JNT56216,Opel,Corsa,hatch,2024,EU,CDG,Paris Charles de Gaulle,available,,,,105822,TRK803881
TF41 RQV,WFM0100KTDTW54478,BMW,1 Series,hatch,2023,EU,FRA,Frankfurt am Main,available,,,,84334,TRK803882
NO71 DLA,JCP8S8AALLCZE1067,Mercedes-Benz,A-Class,hatch,2025,EU,MAD,Madrid Barajas,available,,,,108264,TRK803883
XM37 DFA,JFNANWFVLSZHT9962,Fiat,500e,hatch,2024,EU,MXP,Milan Malpensa,in_service,,,,76777,TRK803884
UV19 NFV,KHEW6PC871HST0857,Seat,Leon,hatch,2023,EU,AMS,Amsterdam Schiphol,on_rent,AGR-9501874,CUST-844003,"Schmidt, S.",42414,TRK803885
PL98 MLP,ZAEF5SAEBE6BF5530,Ford,Puma,suv,2024,EU,MUC,Munich Franz Josef Strauss,available,,,,14409,TRK803886
TP53 APY,LUAZPXFP8HJ6U7847,Citroen,C3,hatch,2025,EU,LIS,Lisbon Humberto Delgado,on_rent,AGR-3227400,CUST-718747,"Schmidt, T.",89729,TRK803887
FEK7Z36,EGNVPZ1NLA2G69532,Fiat,Cronos,sedan,2024,BR,GRU,Sao Paulo Guarulhos,on_rent,AGR-9361316,CUST-432156,"Rodrigues, P.",94320,TRK803888
CSX4M81,LWK094R4HFX162978,Fiat,Argo,hatch,2023,BR,CGH,Sao Paulo Congonhas,on_rent,AGR-7472369,CUST-722251,"Carvalho, M.",97186,TRK803889
CXI8H12,LRT5N8T3SKG223666,Fiat,Mobi,hatch,2024,BR,GIG,Rio Galeao,on_rent,AGR-2887486,CUST-143971,"Rodrigues, K.",56046,TRK803890
JPU7R11,YKP09FF0NA5XP8932,Volkswagen,Polo,hatch,2023,BR,CNF,Belo Horizonte Confins,in_service,,,,92391,TRK803891
QVE1V17,MSBARN16WKTDV8601,Volkswagen,T-Cross,suv,2023,BR,CWB,Curitiba Afonso Pena,on_rent,AGR-4159989,CUST-730645,"Almeida, B.",83697,TRK803892
NRJ2T18,HVCBACMSD3XNP9790,Chevrolet,Onix,hatch,2024,BR,BSB,Brasilia Internacional,on_rent,AGR-1510574,CUST-511865,"Souza, T.",66889,TRK803893
SQV3H22,KXT9EUD49ZZBF2308,Chevrolet,Tracker,suv,2022,BR,POA,Porto Alegre Salgado Filho,on_rent,AGR-5511637,CUST-374348,"Silva, T.",48462,TRK803894
RHZ9F73,ENZY7CGZ6KJHB3492,Hyundai,HB20,hatch,2023,BR,SSA,Salvador Deputado Magalhaes,on_rent,AGR-3788951,CUST-254727,"Araujo, G.",16138,TRK803895
FMB-6385,BMSAM5TZHGWF44100,Hyundai,Elantra,sedan,2024,NA,DFW,Dallas Fort Worth,on_rent,AGR-3803225,CUST-908262,"Garcia, S.",40248,TRK803896
EYB-2641,JSV35NZD82AAW1328,Jeep,Grand Cherokee,suv,2024,NA,ATL,Atlanta Hartsfield,on_rent,AGR-3831844,CUST-419231,"Jones, E.",56753,TRK803897
MBB-6656,GGB1PMSE3BCL29615,Kia,Telluride,suv,2024,NA,ORD,Chicago O'Hare,on_rent,AGR-3247600,CUST-706058,"Smith, C.",119458,TRK803898
ORR-1803,PELB5ZVVDGA933545,Tesla,Model 3,sedan,2024,NA,LAX,Los Angeles International,available,,,,55281,TRK803899
NOW-8522,MVMYW0KFA6PUC2283,Toyota,Camry,sedan,2025,NA,MCO,Orlando International,on_rent,AGR-5190197,CUST-566746,"Brown, C.",27815,TRK803900
YGD-1966,XPT7LKGJHHN9C7219,Toyota,RAV4,suv,2025,NA,DEN,Denver International,on_rent,AGR-8207795,CUST-420687,"Miller, W.",26754,TRK803901
ZNL-4750,KJJ29D07EAY0Z9510,Chevrolet,Malibu,sedan,2025,NA,PHX,Phoenix Sky Harbor,available,,,,119969,TRK803902
EJJ-8482,NDRW1GLTPBGGR0884,Chevrolet,Equinox,suv,2023,NA,YYZ,Toronto Pearson,on_rent,AGR-7752559,CUST-129808,"Wilson, G.",130218,TRK803903
PI81 YHJ,VDTXGVHWHBUV73976,Skoda,Octavia,sedan,2023,EU,LHR,London Heathrow,on_rent,AGR-1812634,CUST-651059,"Murphy, W.",55616,TRK803904
JF49 CCB,MUTBZX9G1TNST7990,Opel,Corsa,hatch,2024,EU,CDG,Paris Charles de Gaulle,available,,,,36938,TRK803905
FN62 AXD,TGJK3CAN4JP180933,BMW,1 Series,hatch,2024,EU,FRA,Frankfurt am Main,available,,,,39380,TRK803906
XD26 UOQ,AVSAZ623RB0FA7809,Mercedes-Benz,A-Class,hatch,2023,EU,MAD,Madrid Barajas,on_rent,AGR-1846793,CUST-557194,"Garcia, J.",82937,TRK803907
DV20 FSP,PJAW82M6MPED45200,Fiat,500e,hatch,2023,EU,MXP,Milan Malpensa,on_rent,AGR-2449681,CUST-694723,"Novak, K.",113320,TRK803908
HB77 NRT,YVBFTDW1DT5U92320,Seat,Leon,hatch,2023,EU,AMS,Amsterdam Schiphol,on_rent,AGR-6672762,CUST-704763,"Garcia, P.",83385,TRK803909
AU78 AEZ,ZBTMBPJLUJW6X2656,Ford,Puma,suv,2024,EU,MUC,Munich Franz Josef Strauss,on_rent,AGR-9665571,CUST-839429,"Muller, F.",41425,TRK803910
OL58 EYE,LPSFK85H9RXYJ8619,Citroen,C3,hatch,2025,EU,LIS,Lisbon Humberto Delgado,in_service,,,,95483,TRK803911
ZQU5R21,JHBLPZ5SCZ8PJ3286,Fiat,Cronos,sedan,2024,BR,GRU,Sao Paulo Guarulhos,on_rent,AGR-6903549,CUST-697337,"Rodrigues, M.",60417,TRK803912
ATE2Z82,CHP3MXWAX38EY2186,Fiat,Argo,hatch,2024,BR,CGH,Sao Paulo Congonhas,on_rent,AGR-6492505,CUST-305539,"Lima, G.",11236,TRK803913
OER2M14,TPSSYAY8NZJR01323,Fiat,Mobi,hatch,2024,BR,GIG,Rio Galeao,on_rent,AGR-8961609,CUST-467428,"Carvalho, M.",66788,TRK803914
DRR0K03,LTG7HSA6ZJ6XN8162,Volkswagen,Polo,hatch,2023,BR,CNF,Belo Horizonte Confins,available,,,,37318,TRK803915
AOM6U72,WGYU7WC9X6KND9312,Volkswagen,T-Cross,suv,2022,BR,CWB,Curitiba Afonso Pena,available,,,,38654,TRK803916
JNA6V06,RPJ1EX4KKY2W15068,Chevrolet,Onix,hatch,2023,BR,BSB,Brasilia Internacional,on_rent,AGR-5627383,CUST-685810,"Oliveira, D.",133258,TRK803917
LSW9G47,GTKT5BMLMBB4K6533,Chevrolet,Tracker,suv,2023,BR,POA,Porto Alegre Salgado Filho,available,,,,124527,TRK803918
WDC6E41,XWUE6DN3ZFAC93733,Hyundai,HB20,hatch,2025,BR,SSA,Salvador Deputado Magalhaes,available,,,,58929,TRK803919
JMJ-5137,GWW80U743HSLY8775,Hyundai,Elantra,sedan,2023,NA,DFW,Dallas Fort Worth,on_rent,AGR-6274441,CUST-578618,"Martinez, S.",75966,TRK803920
RJY-4728,FGKHWAYNPLUV37920,Jeep,Grand Cherokee,suv,2022,NA,ATL,Atlanta Hartsfield,on_rent,AGR-2415198,CUST-846521,"Anderson, P.",78440,TRK803921
NAT-5855,MNSP1KD14CCM27629,Kia,Telluride,suv,2025,NA,ORD,Chicago O'Hare,on_rent,AGR-6644540,CUST-410302,"Taylor, C.",45563,TRK803922
NJA-7194,HKW3G428P56094845,Tesla,Model 3,sedan,2023,NA,LAX,Los Angeles International,available,,,,138584,TRK803923
NQU-8814,SFAYF8JDNT76R1992,Toyota,Camry,sedan,2024,NA,MCO,Orlando International,on_rent,AGR-4719868,CUST-344060,"Anderson, T.",76234,TRK803924
FNQ-8787,PGRWF3S2CS7X88497,Toyota,RAV4,suv,2024,NA,DEN,Denver International,on_rent,AGR-1144667,CUST-994273,"Anderson, K.",25148,TRK803925
EYA-6661,BWRK0MZ2X3W455852,Chevrolet,Malibu,sedan,2025,NA,PHX,Phoenix Sky Harbor,on_rent,AGR-9835464,CUST-680624,"Brown, J.",61837,TRK803926
FZD-2690,KGY1B1TX766T39671,Chevrolet,Equinox,suv,2022,NA,YYZ,Toronto Pearson,on_rent,AGR-3268320,CUST-506793,"Martinez, R.",117750,TRK803927
FP13 XRN,MTFW5DFTXUP7K2011,Skoda,Octavia,sedan,2024,EU,LHR,London Heathrow,available,,,,92229,TRK803928
UZ50 TPP,TCJSPWDWN2W107897,Opel,Corsa,hatch,2025,EU,CDG,Paris Charles de Gaulle,on_rent,AGR-9752251,CUST-281959,"Silva, D.",25267,TRK803929
RQ65 GSH,CFKV1XB2S4JWZ4743,BMW,1 Series,hatch,2023,EU,FRA,Frankfurt am Main,on_rent,AGR-2831969,CUST-785555,"Rossi, N.",138185,TRK803930
QQ10 RDE,PYC0W22VVKN621255,Mercedes-Benz,A-Class,hatch,2024,EU,MAD,Madrid Barajas,in_service,,,,121042,TRK803931
HJ26 MTX,ZAHP5435H5LA03702,Fiat,500e,hatch,2024,EU,MXP,Milan Malpensa,available,,,,51541,TRK803932
EC37 AIY,KBKZVJSU60L4B3986,Seat,Leon,hatch,2024,EU,AMS,Amsterdam Schiphol,in_service,,,,12315,TRK803933
KW29 AKI,UGRKS2UKYTG3P0015,Ford,Puma,suv,2025,EU,MUC,Munich Franz Josef Strauss,on_rent,AGR-5796345,CUST-376863,"Muller, W.",85288,TRK803934
NB93 MZJ,KYDU8B0CGRJEM4124,Citroen,C3,hatch,2024,EU,LIS,Lisbon Humberto Delgado,available,,,,136992,TRK803935
OHK8Q33,JMJ78KS6LW28X2158,Fiat,Cronos,sedan,2024,BR,GRU,Sao Paulo Guarulhos,on_rent,AGR-1116901,CUST-652147,"Nascimento, F.",78849,TRK803936
RUD0V86,HVB0EANJAZUKG4191,Fiat,Argo,hatch,2024,BR,CGH,Sao Paulo Congonhas,available,,,,110731,TRK803937
NUC4F42,TLSFKW3VN59G47233,Fiat,Mobi,hatch,2024,BR,GIG,Rio Galeao,available,,,,85697,TRK803938
TLF2R43,AZEKW6PAYRFRR8599,Volkswagen,Polo,hatch,2024,BR,CNF,Belo Horizonte Confins,on_rent,AGR-1412596,CUST-714366,"Almeida, A.",137440,TRK803939
NSL3Z51,UWEBAZWCBRX2E6652,Volkswagen,T-Cross,suv,2024,BR,CWB,Curitiba Afonso Pena,on_rent,AGR-6987084,CUST-775766,"Almeida, T.",80627,TRK803940
NLT5K72,BBVNDZJX0JX3E4618,Chevrolet,Onix,hatch,2022,BR,BSB,Brasilia Internacional,in_service,,,,43144,TRK803941
JKR9F79,RAXA2T2SDSUA73780,Chevrolet,Tracker,suv,2025,BR,POA,Porto Alegre Salgado Filho,available,,,,106650,TRK803942
VAL6S68,SHL8T324KZYPJ8255,Hyundai,HB20,hatch,2023,BR,SSA,Salvador Deputado Magalhaes,on_rent,AGR-2399018,CUST-214086,"Nascimento, K.",127185,TRK803943
OSH-4538,FHMS63W62Y9TG6132,Hyundai,Elantra,sedan,2024,NA,DFW,Dallas Fort Worth,in_service,,,,20718,TRK803944
TJG-8569,WNEV3GTHY8WZV3788,Jeep,Grand Cherokee,suv,2023,NA,ATL,Atlanta Hartsfield,on_rent,AGR-8050796,CUST-473231,"Taylor, W.",132207,TRK803945
EOO-8429,XTWBC69LR8F656157,Kia,Telluride,suv,2023,NA,ORD,Chicago O'Hare,available,,,,24837,TRK803946
UUS-2122,RVCRGSJY65BLS7352,Tesla,Model 3,sedan,2023,NA,LAX,Los Angeles International,on_rent,AGR-7305210,CUST-235631,"Davis, S.",53260,TRK803947
QHK-3363,JVCR6R5BST58E9989,Toyota,Camry,sedan,2023,NA,MCO,Orlando International,on_rent,AGR-5314497,CUST-471148,"Davis, N.",91096,TRK803948
MOT-5042,UMSCPK2LEUMNM1939,Toyota,RAV4,suv,2022,NA,DEN,Denver International,available,,,,82216,TRK803949
ISZ-6048,DHX0BJDW8U6B82662,Chevrolet,Malibu,sedan,2024,NA,PHX,Phoenix Sky Harbor,available,,,,120778,TRK803950
FBZ-6335,PVBVSKWRV8AKN4890,Chevrolet,Equinox,suv,2024,NA,YYZ,Toronto Pearson,on_rent,AGR-6229494,CUST-515935,"Miller, G.",96866,TRK803951
HI53 VZH,ZSM0960F9GG6F3763,Skoda,Octavia,sedan,2023,EU,LHR,London Heathrow,on_rent,AGR-4011103,CUST-374432,"Bianchi, L.",128820,TRK803952
XE84 RRL,EKXSWB556CB065306,Opel,Corsa,hatch,2023,EU,CDG,Paris Charles de Gaulle,on_rent,AGR-3570032,CUST-520368,"Murphy, M.",99155,TRK803953
OY52 NCN,UDKCWNGWH07K36097,BMW,1 Series,hatch,2025,EU,FRA,Frankfurt am Main,on_rent,AGR-3255240,CUST-454690,"Novak, H.",14950,TRK803954
HM80 BZO,SNH1EBY7GDF9W5666,Mercedes-Benz,A-Class,hatch,2025,EU,MAD,Madrid Barajas,on_rent,AGR-1138714,CUST-817321,"Kowalski, B.",135989,TRK803955
IN22 VCP,HUNDNMTC6NLC14911,Fiat,500e,hatch,2022,EU,MXP,Milan Malpensa,in_service,,,,115468,TRK803956
YM69 FQB,WXL3HEV4492RF2026,Seat,Leon,hatch,2023,EU,AMS,Amsterdam Schiphol,in_service,,,,38406,TRK803957
PU54 CGQ,XZFJJKAEGLGTA6807,Ford,Puma,suv,2025,EU,MUC,Munich Franz Josef Strauss,on_rent,AGR-7837276,CUST-489302,"Kowalski, L.",13881,TRK803958
KL87 JED,KDATXGEC83E700262,Citroen,C3,hatch,2025,EU,LIS,Lisbon Humberto Delgado,on_rent,AGR-7586819,CUST-774003,"Jansen, E.",29497,TRK803959
JJX1I73,DRDYBCFE8PCP66443,Fiat,Cronos,sedan,2022,BR,GRU,Sao Paulo Guarulhos,in_service,,,,112597,TRK803960
XBO5E66,WCY4U9S77X5E82690,Fiat,Argo,hatch,2025,BR,CGH,Sao Paulo Congonhas,on_rent,AGR-4259491,CUST-311569,"Araujo, C.",97334,TRK803961
TEP6U40,DNBDN13ZSXKKU2229,Fiat,Mobi,hatch,2023,BR,GIG,Rio Galeao,on_rent,AGR-8298882,CUST-442157,"Souza, E.",134151,TRK803962
HJJ1O69,TXA3Y4B41V6G48896,Volkswagen,Polo,hatch,2023,BR,CNF,Belo Horizonte Confins,on_rent,AGR-4469923,CUST-659674,"Costa, B.",15547,TRK803963
YYT5X38,SHWK3R5UK7ZZZ7498,Volkswagen,T-Cross,suv,2023,BR,CWB,Curitiba Afonso Pena,on_rent,AGR-4778014,CUST-208208,"Pereira, S.",55450,TRK803964
MMT9J60,LWHVXXNWC3PR91233,Chevrolet,Onix,hatch,2025,BR,BSB,Brasilia Internacional,on_rent,AGR-1166200,CUST-365926,"Rodrigues, S.",72233,TRK803965
EYJ8F62,EDBMSC3Z8S26N5740,Chevrolet,Tracker,suv,2023,BR,POA,Porto Alegre Salgado Filho,on_rent,AGR-1568608,CUST-193066,"Pereira, L.",49414,TRK803966
VJW7V48,WNYFH7VB64MVB0095,Hyundai,HB20,hatch,2022,BR,SSA,Salvador Deputado Magalhaes,on_rent,AGR-8290406,CUST-625917,"Rodrigues, F.",24000,TRK803967
OZC-3473,CHS6KP5C9BWZL9591,Hyundai,Elantra,sedan,2023,NA,DFW,Dallas Fort Worth,on_rent,AGR-2243884,CUST-525246,"Miller, C.",95994,TRK803968
BUR-6486,DYCVUTHSX75T44827,Jeep,Grand Cherokee,suv,2022,NA,ATL,Atlanta Hartsfield,in_service,,,,74892,TRK803969
HUM-8440,YDL8D9UJAU9BR6845,Kia,Telluride,suv,2023,NA,ORD,Chicago O'Hare,on_rent,AGR-1067186,CUST-134091,"Wilson, C.",61238,TRK803970
SAC-1751,WXJMRYRP9SSY64426,Tesla,Model 3,sedan,2025,NA,LAX,Los Angeles International,on_rent,AGR-7573397,CUST-298589,"Wilson, R.",45584,TRK803971
VOH-1157,SYCYNENSFD0Z20228,Toyota,Camry,sedan,2023,NA,MCO,Orlando International,on_rent,AGR-7464070,CUST-886230,"Garcia, B.",82667,TRK803972
TYK-7841,HXMNCVB6JWV118316,Toyota,RAV4,suv,2023,NA,DEN,Denver International,available,,,,84985,TRK803973
NVZ-8027,JRJUZA489YWUL3398,Chevrolet,Malibu,sedan,2022,NA,PHX,Phoenix Sky Harbor,available,,,,98118,TRK803974
PIN-6206,FZHA22BNU7EEC3893,Chevrolet,Equinox,suv,2025,NA,YYZ,Toronto Pearson,on_rent,AGR-7435092,CUST-487913,"Davis, P.",95696,TRK803975
UD38 SWE,GKCZUUVHBGL3L6494,Skoda,Octavia,sedan,2025,EU,LHR,London Heathrow,available,,,,15264,TRK803976
PI75 YGF,EXLHMEZ00RKTR6649,Opel,Corsa,hatch,2024,EU,CDG,Paris Charles de Gaulle,on_rent,AGR-1222185,CUST-415294,"Muller, L.",77498,TRK803977
EU64 LQT,LCSAL82BCRU662881,BMW,1 Series,hatch,2023,EU,FRA,Frankfurt am Main,available,,,,62053,TRK803978
IG96 BUF,GSE5X5BVFCRGW2609,Mercedes-Benz,A-Class,hatch,2023,EU,MAD,Madrid Barajas,on_rent,AGR-4912030,CUST-447474,"Garcia, H.",79509,TRK803979
GJ83 KWG,USN3F86GZ39H93352,Fiat,500e,hatch,2025,EU,MXP,Milan Malpensa,on_rent,AGR-6352029,CUST-293660,"Silva, N.",105097,TRK803980
HH98 MKP,CNZXD2FAYEF5W8716,Seat,Leon,hatch,2025,EU,AMS,Amsterdam Schiphol,on_rent,AGR-5725519,CUST-877370,"Schmidt, C.",60316,TRK803981
WD97 ZHD,HBGTMNVTV72RB0501,Ford,Puma,suv,2023,EU,MUC,Munich Franz Josef Strauss,available,,,,12328,TRK803982
YS79 OPO,HYMTHGGVPZT3F9382,Citroen,C3,hatch,2025,EU,LIS,Lisbon Humberto Delgado,available,,,,65520,TRK803983
VLU4M50,AVPGGXHL7PTT30956,Fiat,Cronos,sedan,2024,BR,GRU,Sao Paulo Guarulhos,in_service,,,,73936,TRK803984
RSG5V07,ZZLWRG71XDYTE9042,Fiat,Argo,hatch,2024,BR,CGH,Sao Paulo Congonhas,on_rent,AGR-2150384,CUST-119637,"Silva, L.",80094,TRK803985
YZH3P55,PPV5UV88HCXTA3890,Fiat,Mobi,hatch,2024,BR,GIG,Rio Galeao,on_rent,AGR-8989549,CUST-684470,"Souza, C.",133315,TRK803986
WMO5H26,JBKH367AL2YS54401,Volkswagen,Polo,hatch,2024,BR,CNF,Belo Horizonte Confins,on_rent,AGR-7947677,CUST-124721,"Carvalho, K.",79825,TRK803987
AJD3Z26,SZU37GCPMM3MH4970,Volkswagen,T-Cross,suv,2023,BR,CWB,Curitiba Afonso Pena,on_rent,AGR-6053198,CUST-697442,"Nascimento, L.",59184,TRK803988
IIT8G87,WEZ8DXGSTGVL23232,Chevrolet,Onix,hatch,2025,BR,BSB,Brasilia Internacional,available,,,,42328,TRK803989
SLW5T50,MDG7B26N76LDP3084,Chevrolet,Tracker,suv,2024,BR,POA,Porto Alegre Salgado Filho,on_rent,AGR-1688551,CUST-308153,"Almeida, K.",120635,TRK803990
MLT4C41,CTC99A83MYP3A2654,Hyundai,HB20,hatch,2024,BR,SSA,Salvador Deputado Magalhaes,on_rent,AGR-2219091,CUST-733585,"Rodrigues, L.",35824,TRK803991
OQU-7154,FVXV4BZG1LPMG2526,Hyundai,Elantra,sedan,2023,NA,DFW,Dallas Fort Worth,on_rent,AGR-3165174,CUST-863247,"Taylor, S.",70341,TRK803992
HDY-7482,CKMCVGY7LMZBN4502,Jeep,Grand Cherokee,suv,2022,NA,ATL,Atlanta Hartsfield,on_rent,AGR-4126321,CUST-553226,"Jones, E.",63969,TRK803993
HYP-4188,HPTR3A2G08N4F4419,Kia,Telluride,suv,2023,NA,ORD,Chicago O'Hare,in_service,,,,44744,TRK803994
DTZ-5260,DDA5HL0U5S4M28160,Tesla,Model 3,sedan,2023,NA,LAX,Los Angeles International,on_rent,AGR-2744877,CUST-734897,"Miller, B.",131107,TRK803995
POL-5129,JDBFMP98VH7SG7916,Toyota,Camry,sedan,2022,NA,MCO,Orlando International,on_rent,AGR-3958010,CUST-184532,"Williams, T.",133214,TRK803996
CBH-1319,DBGCY0EM6PPYM3809,Toyota,RAV4,suv,2025,NA,DEN,Denver International,on_rent,AGR-7768291,CUST-375971,"Taylor, E.",89405,TRK803997
STO-2379,MBUG2VTTW6XEV5021,Chevrolet,Malibu,sedan,2024,NA,PHX,Phoenix Sky Harbor,on_rent,AGR-6234112,CUST-354975,"Martinez, A.",93070,TRK803998
IMV-1201,PXA6MJZAVAB017043,Chevrolet,Equinox,suv,2025,NA,YYZ,Toronto Pearson,on_rent,AGR-8858819,CUST-833712,"Martinez, S.",91783,TRK803999
VV78 XMI,PSMB2WLJB16KB9522,Skoda,Octavia,sedan,2024,EU,LHR,London Heathrow,available,,,,91838,TRK804000
GR97 ZHI,DHU7E7J1PHNU62616,Opel,Corsa,hatch,2025,EU,CDG,Paris Charles de Gaulle,available,,,,24166,TRK804001
WQ12 LGQ,YTEY8DT57MWYY9692,BMW,1 Series,hatch,2023,EU,FRA,Frankfurt am Main,available,,,,19494,TRK804002
VR43 GGV,VUF62K7AAHP0S4172,Mercedes-Benz,A-Class,hatch,2023,EU,MAD,Madrid Barajas,in_service,,,,63205,TRK804003
CM72 KUV,BEE0BGS3WTBUD2559,Fiat,500e,hatch,2024,EU,MXP,Milan Malpensa,on_rent,AGR-5213327,CUST-694682,"Rossi, M.",85436,TRK804004
RE15 XWY,MUD1VRE5FR3866930,Seat,Leon,hatch,2022,EU,AMS,Amsterdam Schiphol,on_rent,AGR-8116072,CUST-205363,"Silva, L.",28095,TRK804005
RW20 TZB,TZCMJM31D43AV7316,Ford,Puma,suv,2023,EU,MUC,Munich Franz Josef Strauss,available,,,,122057,TRK804006
MG48 AAA,GKAHZZKKGVE5X8454,Citroen,C3,hatch,2024,EU,LIS,Lisbon Humberto Delgado,available,,,,34250,TRK804007
FHO1C85,ZSMXSEPD956L53516,Fiat,Cronos,sedan,2022,BR,GRU,Sao Paulo Guarulhos,available,,,,64046,TRK804008
KTV5N19,TRM4GEH9ZUT491854,Fiat,Argo,hatch,2022,BR,CGH,Sao Paulo Congonhas,on_rent,AGR-3939290,CUST-944213,"Nascimento, L.",51824,TRK804009
UVK3M80,WZTNY2JF08DNK5224,Fiat,Mobi,hatch,2022,BR,GIG,Rio Galeao,available,,,,22422,TRK804010
EVE1N00,XBV233DWYF1V41301,Volkswagen,Polo,hatch,2023,BR,CNF,Belo Horizonte Confins,available,,,,39226,TRK804011
PIN9L76,PEHYLP8A2HCKF6148,Volkswagen,T-Cross,suv,2023,BR,CWB,Curitiba Afonso Pena,on_rent,AGR-4736456,CUST-119116,"Carvalho, E.",36812,TRK804012
HIO9Z12,TVAB8JJEY1WYH4384,Chevrolet,Onix,hatch,2023,BR,BSB,Brasilia Internacional,on_rent,AGR-1506377,CUST-672529,"Lima, J.",68178,TRK804013
YPS5U58,CYF94XDPCGP546306,Chevrolet,Tracker,suv,2024,BR,POA,Porto Alegre Salgado Filho,available,,,,124383,TRK804014
DAM4H72,LWL68ETUAEYH34121,Hyundai,HB20,hatch,2022,BR,SSA,Salvador Deputado Magalhaes,on_rent,AGR-7740356,CUST-698471,"Carvalho, K.",122039,TRK804015
AZZ-1621,NVGN6WG6BSF4Z3060,Hyundai,Elantra,sedan,2023,NA,DFW,Dallas Fort Worth,on_rent,AGR-5010540,CUST-810891,"Wilson, L.",36847,TRK804016
OLC-6436,KRGZ8GHDN2Y9E1280,Jeep,Grand Cherokee,suv,2025,NA,ATL,Atlanta Hartsfield,on_rent,AGR-9260676,CUST-463073,"Smith, J.",96802,TRK804017
HVU-5215,EAM4YVLBRCWF32344,Kia,Telluride,suv,2023,NA,ORD,Chicago O'Hare,on_rent,AGR-6579939,CUST-458245,"Brown, G.",126262,TRK804018
ASD-3215,PDDFDYE906U164199,Tesla,Model 3,sedan,2022,NA,LAX,Los Angeles International,on_rent,AGR-5986240,CUST-336993,"Smith, J.",57764,TRK804019
EGF-7357,ZAW4VF733JP386135,Toyota,Camry,sedan,2023,NA,MCO,Orlando International,available,,,,82477,TRK804020
UCL-6247,XZHVK73E076DL9584,Toyota,RAV4,suv,2024,NA,DEN,Denver International,on_rent,AGR-3522021,CUST-925395,"Williams, R.",101236,TRK804021
KJV-1127,HNFJ2UAE1BW5H3990,Chevrolet,Malibu,sedan,2022,NA,PHX,Phoenix Sky Harbor,available,,,,27919,TRK804022
ZTC-4006,VTSDHJM5HF6ZM6985,Chevrolet,Equinox,suv,2022,NA,YYZ,Toronto Pearson,on_rent,AGR-7462833,CUST-856642,"Wilson, S.",48685,TRK804023
JL80 FVM,FRCM9T75N1B7W8091,Skoda,Octavia,sedan,2022,EU,LHR,London Heathrow,on_rent,AGR-4795602,CUST-155657,"Jansen, J.",10113,TRK804024
UJ46 KIE,FBHJ1K074DKYS2588,Opel,Corsa,hatch,2023,EU,CDG,Paris Charles de Gaulle,on_rent,AGR-5314683,CUST-465750,"Bianchi, N.",138644,TRK804025
KJ13 JOQ,VKXCBZC8ZMEX03565,BMW,1 Series,hatch,2024,EU,FRA,Frankfurt am Main,available,,,,71514,TRK804026
SA81 QVD,AVD7VS8RFXZB00655,Mercedes-Benz,A-Class,hatch,2022,EU,MAD,Madrid Barajas,in_service,,,,84314,TRK804027
YX62 YQK,DHJAYCH8KGTGD9698,Fiat,500e,hatch,2024,EU,MXP,Milan Malpensa,available,,,,87631,TRK804028
BJ79 CAT,BMPNKRETG5TTJ6098,Seat,Leon,hatch,2023,EU,AMS,Amsterdam Schiphol,in_service,,,,91801,TRK804029
PA25 POB,CTDBEHKTRM4BC8952,Ford,Puma,suv,2024,EU,MUC,Munich Franz Josef Strauss,on_rent,AGR-2380811,CUST-719632,"Kowalski, F.",70382,TRK804030
HD53 MDC,WZHEHKSEV32HG6778,Citroen,C3,hatch,2023,EU,LIS,Lisbon Humberto Delgado,on_rent,AGR-2598169,CUST-946085,"Murphy, W.",77927,TRK804031
JHS2D13,VFDDE373RYVGR8207,Fiat,Cronos,sedan,2025,BR,GRU,Sao Paulo Guarulhos,in_service,,,,8089,TRK804032
DCH8V89,XVBK3T9TYK5VH5943,Fiat,Argo,hatch,2023,BR,CGH,Sao Paulo Congonhas,on_rent,AGR-5839933,CUST-532564,"Almeida, C.",66260,TRK804033
FLQ6N87,NGBGUR63E91ND0787,Fiat,Mobi,hatch,2024,BR,GIG,Rio Galeao,available,,,,74735,TRK804034
YJQ0A66,GAEHWTJR55EAD3339,Volkswagen,Polo,hatch,2023,BR,CNF,Belo Horizonte Confins,on_rent,AGR-8155840,CUST-228827,"Costa, R.",133268,TRK804035
OWK8A20,DUTCHB2D0TP5C1480,Volkswagen,T-Cross,suv,2024,BR,CWB,Curitiba Afonso Pena,on_rent,AGR-2874456,CUST-192494,"Rodrigues, N.",12524,TRK804036
PTS3K88,RBDVUD5XT4CS36199,Chevrolet,Onix,hatch,2022,BR,BSB,Brasilia Internacional,on_rent,AGR-2951015,CUST-623352,"Lima, F.",25251,TRK804037
SMZ2L34,YKV1X24LZZG164141,Chevrolet,Tracker,suv,2022,BR,POA,Porto Alegre Salgado Filho,on_rent,AGR-9498520,CUST-126237,"Nascimento, C.",69510,TRK804038
BDK5V40,LXCG3CGYJXWRH6616,Hyundai,HB20,hatch,2023,BR,SSA,Salvador Deputado Magalhaes,on_rent,AGR-9301135,CUST-602786,"Oliveira, E.",112231,TRK804039
JTH-2050,LGD5G68FF7XDD6521,Hyundai,Elantra,sedan,2025,NA,DFW,Dallas Fort Worth,on_rent,AGR-5935420,CUST-997682,"Williams, T.",111710,TRK804040
GZX-8805,SHD0CC95EZK1D9190,Jeep,Grand Cherokee,suv,2023,NA,ATL,Atlanta Hartsfield,on_rent,AGR-8125196,CUST-421167,"Williams, M.",138593,TRK804041
OKP-8559,SXRKKRA0R02500935,Kia,Telluride,suv,2024,NA,ORD,Chicago O'Hare,on_rent,AGR-6945599,CUST-669506,"Garcia, A.",96083,TRK804042
BGJ-9981,JRTZ30GWBGPX42869,Tesla,Model 3,sedan,2025,NA,LAX,Los Angeles International,on_rent,AGR-7677654,CUST-617278,"Davis, F.",30654,TRK804043
NMW-1598,SWRGBPLDS55SJ7219,Toyota,Camry,sedan,2025,NA,MCO,Orlando International,on_rent,AGR-9580216,CUST-144910,"Jones, A.",110522,TRK804044
DTM-5360,LGSLYCG8RR42P8797,Toyota,RAV4,suv,2023,NA,DEN,Denver International,on_rent,AGR-5012576,CUST-105571,"Garcia, H.",129940,TRK804045
XEV-9024,CCKVCJKADSTPK2649,Chevrolet,Malibu,sedan,2023,NA,PHX,Phoenix Sky Harbor,on_rent,AGR-3292530,CUST-353386,"Miller, C.",89592,TRK804046
IJN-8079,KKLCW1YPA87N29409,Chevrolet,Equinox,suv,2023,NA,YYZ,Toronto Pearson,on_rent,AGR-4105669,CUST-120681,"Miller, L.",40015,TRK804047
IT87 QUC,FVCX2ZZF3TYUV2921,Skoda,Octavia,sedan,2024,EU,LHR,London Heathrow,available,,,,18299,TRK804048
CM18 BEB,CJZL0P5HA885H1378,Opel,Corsa,hatch,2023,EU,CDG,Paris Charles de Gaulle,available,,,,111715,TRK804049
IP11 VLS,YATNTK4VN1JUP8813,BMW,1 Series,hatch,2023,EU,FRA,Frankfurt am Main,available,,,,25265,TRK804050
FV83 SVB,SZLT6TATPWX492722,Mercedes-Benz,A-Class,hatch,2024,EU,MAD,Madrid Barajas,in_service,,,,128807,TRK804051
LZ53 UQE,HFHZM7S370FF87785,Fiat,500e,hatch,2022,EU,MXP,Milan Malpensa,on_rent,AGR-8468728,CUST-986071,"Andersson, P.",35806,TRK804052
DD84 XYI,MJZHZ2XER4BT62923,Seat,Leon,hatch,2025,EU,AMS,Amsterdam Schiphol,on_rent,AGR-7779893,CUST-936356,"Garcia, T.",102322,TRK804053
XT78 KPE,PEP3PU4H79EK41084,Ford,Puma,suv,2022,EU,MUC,Munich Franz Josef Strauss,on_rent,AGR-7851868,CUST-846944,"Rossi, F.",52038,TRK804054
UD88 WDB,HHTA0YZH7W5194756,Citroen,C3,hatch,2025,EU,LIS,Lisbon Humberto Delgado,on_rent,AGR-6590820,CUST-173777,"Murphy, D.",63060,TRK804055
WFO9R69,RRY25ZAJ2RVRM3377,Fiat,Cronos,sedan,2023,BR,GRU,Sao Paulo Guarulhos,on_rent,AGR-7732362,CUST-334985,"Araujo, H.",139621,TRK804056
XOI6Q65,MBDUBT4HZ7L874086,Fiat,Argo,hatch,2024,BR,CGH,Sao Paulo Congonhas,on_rent,AGR-1851129,CUST-283353,"Oliveira, L.",14467,TRK804057
AKX7I34,LLA3R6428LH1M7517,Fiat,Mobi,hatch,2024,BR,GIG,Rio Galeao,on_rent,AGR-9111953,CUST-800188,"Nascimento, A.",12222,TRK804058
SVY2P04,MUUYGFECPTLPJ8400,Volkswagen,Polo,hatch,2024,BR,CNF,Belo Horizonte Confins,available,,,,112428,TRK804059
FMA4T37,HLE9F3LS46NBY2358,Volkswagen,T-Cross,suv,2024,BR,CWB,Curitiba Afonso Pena,available,,,,124677,TRK804060
IAO6L93,MUBEMZVA0300B3337,Chevrolet,Onix,hatch,2025,BR,BSB,Brasilia Internacional,available,,,,53657,TRK804061
LLD4X17,ZAHFFEX0ZHR0F6793,Chevrolet,Tracker,suv,2025,BR,POA,Porto Alegre Salgado Filho,on_rent,AGR-8411085,CUST-429471,"Araujo, T.",137451,TRK804062
KRN7V53,MDD5Y465BZY4R9865,Hyundai,HB20,hatch,2023,BR,SSA,Salvador Deputado Magalhaes,on_rent,AGR-7040725,CUST-965835,"Pereira, M.",119022,TRK804063
WVW-1358,ZXXYVNJS8RDJV2842,Hyundai,Elantra,sedan,2022,NA,DFW,Dallas Fort Worth,on_rent,AGR-6594198,CUST-924859,"Smith, T.",135582,TRK804064
GKF-1237,BBNCCFX032Y353467,Jeep,Grand Cherokee,suv,2022,NA,ATL,Atlanta Hartsfield,available,,,,113053,TRK804065
ZLW-7742,DURJ5N7NJYKRG7981,Kia,Telluride,suv,2023,NA,ORD,Chicago O'Hare,on_rent,AGR-5154174,CUST-620805,"Garcia, A.",71243,TRK804066
VQG-3127,FFRJWW93EEKZB8516,Tesla,Model 3,sedan,2024,NA,LAX,Los Angeles International,on_rent,AGR-2054857,CUST-201586,"Taylor, W.",69225,TRK804067
AZD-5074,AUJGW0KP89LET1872,Toyota,Camry,sedan,2025,NA,MCO,Orlando International,on_rent,AGR-5649309,CUST-619069,"Miller, W.",80983,TRK804068
JHH-5660,RAL8KEGMAAXRE2487,Toyota,RAV4,suv,2022,NA,DEN,Denver International,in_service,,,,17261,TRK804069
TXG-9971,GJGXHLFXKDJJZ3301,Chevrolet,Malibu,sedan,2023,NA,PHX,Phoenix Sky Harbor,on_rent,AGR-6751672,CUST-839928,"Wilson, P.",40359,TRK804070
EDB-3652,PWTGP0RXPL1MW7015,Chevrolet,Equinox,suv,2024,NA,YYZ,Toronto Pearson,on_rent,AGR-6495550,CUST-355434,"Jones, K.",80828,TRK804071
TM92 FKM,CKSSZR9GBTYXP3454,Skoda,Octavia,sedan,2024,EU,LHR,London Heathrow,on_rent,AGR-4281801,CUST-700166,"Garcia, A.",123633,TRK804072
DU22 UJE,JYPGWG231PT6S1756,Opel,Corsa,hatch,2024,EU,CDG,Paris Charles de Gaulle,in_service,,,,9384,TRK804073
QS62 ZBQ,MFEE8UBEG370G6540,BMW,1 Series,hatch,2023,EU,FRA,Frankfurt am Main,on_rent,AGR-4447483,CUST-662822,"Silva, M.",87741,TRK804074
YB45 RMS,GMSBFKWSJS00G8184,Mercedes-Benz,A-Class,hatch,2024,EU,MAD,Madrid Barajas,available,,,,36844,TRK804075
VA85 GUG,GDRCS7BDYVZYG6873,Fiat,500e,hatch,2025,EU,MXP,Milan Malpensa,on_rent,AGR-2427209,CUST-762560,"Silva, S.",139081,TRK804076
JF91 ZZH,TFGUMSYLJF01L3225,Seat,Leon,hatch,2024,EU,AMS,Amsterdam Schiphol,in_service,,,,124215,TRK804077
WP67 EJQ,HBGXMXLNDH5953158,Ford,Puma,suv,2023,EU,MUC,Munich Franz Josef Strauss,available,,,,18510,TRK804078
FS18 WIM,RCLUMZRNFHSF98611,Citroen,C3,hatch,2024,EU,LIS,Lisbon Humberto Delgado,on_rent,AGR-9823542,CUST-928229,"Rossi, W.",97086,TRK804079
PLJ0C60,FNGV1AWF57FVK9394,Fiat,Cronos,sedan,2023,BR,GRU,Sao Paulo Guarulhos,on_rent,AGR-7735956,CUST-518857,"Carvalho, E.",100834,TRK804080
ZZP7X82,PDYU5P3D7PA6Y2332,Fiat,Argo,hatch,2023,BR,CGH,Sao Paulo Congonhas,on_rent,AGR-7271466,CUST-505349,"Rodrigues, D.",139487,TRK804081
OQZ9A56,BXV6R3GHKYGT50308,Fiat,Mobi,hatch,2024,BR,GIG,Rio Galeao,on_rent,AGR-3544121,CUST-656710,"Carvalho, A.",64927,TRK804082
TLA3S86,UEA0BKJF4F82K7670,Volkswagen,Polo,hatch,2025,BR,CNF,Belo Horizonte Confins,on_rent,AGR-2635311,CUST-309631,"Araujo, F.",60468,TRK804083
SEO0Y51,BJENR4A1HY5WU9649,Volkswagen,T-Cross,suv,2024,BR,CWB,Curitiba Afonso Pena,available,,,,107229,TRK804084
FGP2V24,VRE8406G9WBUE9112,Chevrolet,Onix,hatch,2022,BR,BSB,Brasilia Internacional,on_rent,AGR-7233328,CUST-960951,"Oliveira, E.",117845,TRK804085
BDH6Y66,JPMZH73S8AWRG1445,Chevrolet,Tracker,suv,2024,BR,POA,Porto Alegre Salgado Filho,on_rent,AGR-2499963,CUST-213122,"Nascimento, B.",37459,TRK804086
HXB5D09,KVN0WZDT4LLVZ2932,Hyundai,HB20,hatch,2022,BR,SSA,Salvador Deputado Magalhaes,on_rent,AGR-5294857,CUST-954555,"Santos, E.",115009,TRK804087
AKX-1635,ZJJNTSYFK5XY03715,Hyundai,Elantra,sedan,2022,NA,DFW,Dallas Fort Worth,available,,,,119089,TRK804088
YPR-9091,DEM0523W6KPRR7268,Jeep,Grand Cherokee,suv,2024,NA,ATL,Atlanta Hartsfield,on_rent,AGR-9534626,CUST-388153,"Garcia, H.",98216,TRK804089
DDS-8017,EAYUP0X69ZZGS4245,Kia,Telluride,suv,2022,NA,ORD,Chicago O'Hare,on_rent,AGR-6606175,CUST-376515,"Brown, D.",46905,TRK804090
GDV-8156,HBP8VKF99914H5764,Tesla,Model 3,sedan,2025,NA,LAX,Los Angeles International,on_rent,AGR-4457381,CUST-545228,"Jones, L.",108361,TRK804091
IUI-2976,EKRNF2808SKGW6344,Toyota,Camry,sedan,2022,NA,MCO,Orlando International,in_service,,,,63797,TRK804092
EXA-3755,ASWLM6GWDBB7S5263,Toyota,RAV4,suv,2023,NA,DEN,Denver International,on_rent,AGR-1978914,CUST-126166,"Taylor, B.",112971,TRK804093
XNP-1377,JENHX3PUZ0RSH0261,Chevrolet,Malibu,sedan,2022,NA,PHX,Phoenix Sky Harbor,available,,,,104640,TRK804094
VYY-7543,KFGTJPPR9NG8A6470,Chevrolet,Equinox,suv,2023,NA,YYZ,Toronto Pearson,in_service,,,,134129,TRK804095
MO93 FQJ,VKLDP8MT62ER66641,Skoda,Octavia,sedan,2025,EU,LHR,London Heathrow,on_rent,AGR-3153834,CUST-637051,"Silva, R.",64817,TRK804096
QK93 SEG,XEWYP0870SYGF6698,Opel,Corsa,hatch,2023,EU,CDG,Paris Charles de Gaulle,on_rent,AGR-7515604,CUST-584488,"Kowalski, G.",134012,TRK804097
CG25 KCL,DVJYK8722TFEA0792,BMW,1 Series,hatch,2022,EU,FRA,Frankfurt am Main,on_rent,AGR-3859651,CUST-781126,"Kowalski, S.",42684,TRK804098
TI54 XCC,HJGR3R0YX7D4E1306,Mercedes-Benz,A-Class,hatch,2023,EU,MAD,Madrid Barajas,on_rent,AGR-4373873,CUST-596039,"Andersson, G.",105775,TRK804099
UX52 XTF,YNPWN0D5L50E20044,Fiat,500e,hatch,2025,EU,MXP,Milan Malpensa,available,,,,13527,TRK804100
HX44 EWX,AGAM58JWG5BXM4330,Seat,Leon,hatch,2023,EU,AMS,Amsterdam Schiphol,on_rent,AGR-7687151,CUST-492267,"Schmidt, J.",132759,TRK804101
GO41 UUV,RPWNU1BJYG2610911,Ford,Puma,suv,2023,EU,MUC,Munich Franz Josef Strauss,on_rent,AGR-4047024,CUST-274932,"Muller, E.",62402,TRK804102
SF88 MLH,WRPJ98EH6YGCW1926,Citroen,C3,hatch,2022,EU,LIS,Lisbon Humberto Delgado,on_rent,AGR-8333182,CUST-813142,"Dubois, D.",101626,TRK804103
GJG9Z87,TGXZLCJ9TC25P7274,Fiat,Cronos,sedan,2024,BR,GRU,Sao Paulo Guarulhos,on_rent,AGR-5544258,CUST-131309,"Nascimento, A.",119068,TRK804104
OCG9Z00,SNTFK68CS757D7038,Fiat,Argo,hatch,2024,BR,CGH,Sao Paulo Congonhas,in_service,,,,123527,TRK804105
TYB1X47,MELTKXUXKZZNH4142,Fiat,Mobi,hatch,2023,BR,GIG,Rio Galeao,available,,,,14755,TRK804106
MNY4L62,RNEE3P3C3M7330688,Volkswagen,Polo,hatch,2022,BR,CNF,Belo Horizonte Confins,on_rent,AGR-1209703,CUST-861206,"Oliveira, L.",88584,TRK804107
PYN3H11,BXR7JSZCZ508N4732,Volkswagen,T-Cross,suv,2023,BR,CWB,Curitiba Afonso Pena,on_rent,AGR-4619111,CUST-152944,"Costa, F.",94853,TRK804108
LCP7S22,KDCY3EKUZ4YGY9457,Chevrolet,Onix,hatch,2025,BR,BSB,Brasilia Internacional,on_rent,AGR-2077854,CUST-377849,"Pereira, F.",40881,TRK804109
IWC3L66,DUT27WRGY7WJG0849,Chevrolet,Tracker,suv,2023,BR,POA,Porto Alegre Salgado Filho,available,,,,18069,TRK804110
YTQ7G47,XLMA8EBVK8PCA4658,Hyundai,HB20,hatch,2023,BR,SSA,Salvador Deputado Magalhaes,available,,,,24978,TRK804111
ZAB-9607,ZLB1C06S80AJ48775,Hyundai,Elantra,sedan,2023,NA,DFW,Dallas Fort Worth,on_rent,AGR-5207114,CUST-235100,"Martinez, D.",89662,TRK804112
OFM-5438,VKBCSLREEX7HK1792,Jeep,Grand Cherokee,suv,2022,NA,ATL,Atlanta Hartsfield,available,,,,82274,TRK804113
WAL-3889,ZGHJGFSEDG7H56654,Kia,Telluride,suv,2024,NA,ORD,Chicago O'Hare,on_rent,AGR-8187137,CUST-397728,"Garcia, B.",14433,TRK804114
DVX-5997,FESAHG75ARAD18265,Tesla,Model 3,sedan,2022,NA,LAX,Los Angeles International,on_rent,AGR-5153594,CUST-517875,"Garcia, K.",52563,TRK804115
BSU-3206,SBL7G6V4U6F8K9975,Toyota,Camry,sedan,2025,NA,MCO,Orlando International,on_rent,AGR-2021345,CUST-508323,"Wilson, B.",43372,TRK804116
SJO-6292,AZNC6NR8NEAFD1367,Toyota,RAV4,suv,2024,NA,DEN,Denver International,on_rent,AGR-2357591,CUST-519338,"Jones, J.",82399,TRK804117
UJF-2858,EBFLFDD1CAGKA5608,Chevrolet,Malibu,sedan,2023,NA,PHX,Phoenix Sky Harbor,on_rent,AGR-7946534,CUST-509682,"Williams, S.",57708,TRK804118
LYQ-7669,ZAJLYWH1ZJEM71393,Chevrolet,Equinox,suv,2022,NA,YYZ,Toronto Pearson,on_rent,AGR-3967831,CUST-942138,"Wilson, L.",61677,TRK804119
WB84 UAX,UPP03NH0XPVUB7889,Skoda,Octavia,sedan,2024,EU,LHR,London Heathrow,on_rent,AGR-8013345,CUST-784438,"Dubois, D.",31298,TRK804120
PP80 SRF,YSPWY2VJ2U4YG0480,Opel,Corsa,hatch,2024,EU,CDG,Paris Charles de Gaulle,on_rent,AGR-4807606,CUST-661677,"Jansen, L.",30722,TRK804121
CO66 VUV,BLV4FT7LRB05T1631,BMW,1 Series,hatch,2022,EU,FRA,Frankfurt am Main,on_rent,AGR-5981514,CUST-767268,"Jansen, D.",121595,TRK804122
MD64 GKB,FHED4GA9CNK244405,Mercedes-Benz,A-Class,hatch,2024,EU,MAD,Madrid Barajas,in_service,,,,48200,TRK804123
YK94 OTI,CCHE8EHJ70CU48797,Fiat,500e,hatch,2023,EU,MXP,Milan Malpensa,on_rent,AGR-9849280,CUST-290820,"Muller, D.",63392,TRK804124
NE93 LPX,ZAGKR99HJRRD42176,Seat,Leon,hatch,2025,EU,AMS,Amsterdam Schiphol,on_rent,AGR-2670326,CUST-195751,"Schmidt, G.",44136,TRK804125
VJ85 DAK,HKF5DBW8UWCJT9006,Ford,Puma,suv,2022,EU,MUC,Munich Franz Josef Strauss,on_rent,AGR-5705534,CUST-817515,"Jansen, H.",104742,TRK804126
KX25 RCH,HTFBHH8HKBJ5G6256,Citroen,C3,hatch,2023,EU,LIS,Lisbon Humberto Delgado,on_rent,AGR-8233935,CUST-359491,"Kowalski, L.",18291,TRK804127
NEU1C62,UPKDKHXW9WL999059,Fiat,Cronos,sedan,2024,BR,GRU,Sao Paulo Guarulhos,available,,,,101805,TRK804128
VHA1G57,PUUP89ANEJ9CS5087,Fiat,Argo,hatch,2023,BR,CGH,Sao Paulo Congonhas,on_rent,AGR-8018290,CUST-906687,"Silva, C.",51010,TRK804129
GLD2J67,YMW3BWETVTY1T9334,Fiat,Mobi,hatch,2025,BR,GIG,Rio Galeao,in_service,,,,16000,TRK804130
AKH0G93,CNLFCF5B5T4DZ8683,Volkswagen,Polo,hatch,2025,BR,CNF,Belo Horizonte Confins,on_rent,AGR-7001520,CUST-306382,"Oliveira, A.",73960,TRK804131
LAA6R50,ZFREYM803TG4F6145,Volkswagen,T-Cross,suv,2024,BR,CWB,Curitiba Afonso Pena,on_rent,AGR-9047291,CUST-446505,"Lima, B.",13008,TRK804132
LSH6Q94,EJXFJC60B4C195254,Chevrolet,Onix,hatch,2024,BR,BSB,Brasilia Internacional,on_rent,AGR-8323210,CUST-769884,"Costa, H.",42020,TRK804133
BGD6H72,MVD6ZR5KCDAYD0736,Chevrolet,Tracker,suv,2024,BR,POA,Porto Alegre Salgado Filho,on_rent,AGR-4183386,CUST-145695,"Silva, P.",33557,TRK804134
RGT8R74,FJB776S06JND09502,Hyundai,HB20,hatch,2024,BR,SSA,Salvador Deputado Magalhaes,on_rent,AGR-6870378,CUST-376419,"Souza, D.",13398,TRK804135
BXU-1793,ZARCN11XK37AE6957,Hyundai,Elantra,sedan,2024,NA,DFW,Dallas Fort Worth,on_rent,AGR-7381745,CUST-986094,"Jones, E.",30875,TRK804136
PCQ-8338,TVJRNA1KDUV836490,Jeep,Grand Cherokee,suv,2022,NA,ATL,Atlanta Hartsfield,on_rent,AGR-8562887,CUST-984068,"Garcia, N.",63445,TRK804137
OEJ-2929,GXGKGMCXT3XXM5247,Kia,Telluride,suv,2024,NA,ORD,Chicago O'Hare,on_rent,AGR-3493271,CUST-280696,"Wilson, F.",132851,TRK804138
ZZK-9605,TSAUJK4EA38EY5261,Tesla,Model 3,sedan,2025,NA,LAX,Los Angeles International,available,,,,105955,TRK804139
FUW-2200,WUE4ZDU85UMYT8252,Toyota,Camry,sedan,2025,NA,MCO,Orlando International,on_rent,AGR-9658926,CUST-751379,"Martinez, W.",114003,TRK804140
UCD-9608,FXC0MYZ4LEZAP5173,Toyota,RAV4,suv,2023,NA,DEN,Denver International,available,,,,18657,TRK804141
IZA-3870,LEAKNWHWJZ5RF6488,Chevrolet,Malibu,sedan,2022,NA,PHX,Phoenix Sky Harbor,on_rent,AGR-8341017,CUST-258571,"Wilson, N.",129054,TRK804142
TGT-5967,KKRX8GFDMHGJH2136,Chevrolet,Equinox,suv,2023,NA,YYZ,Toronto Pearson,available,,,,112724,TRK804143
VP41 NSR,EWK8ZY4FJ2ECN8171,Skoda,Octavia,sedan,2025,EU,LHR,London Heathrow,on_rent,AGR-3387132,CUST-788343,"Murphy, T.",22431,TRK804144
BF87 TEK,VUHGURJP5CE2B7546,Opel,Corsa,hatch,2025,EU,CDG,Paris Charles de Gaulle,available,,,,121325,TRK804145
WG86 STR,WDP53N77CFYYH3708,BMW,1 Series,hatch,2022,EU,FRA,Frankfurt am Main,on_rent,AGR-2515448,CUST-147919,"Novak, H.",88273,TRK804146
YS12 XRU,UHSNW1BSCNDX47541,Mercedes-Benz,A-Class,hatch,2024,EU,MAD,Madrid Barajas,available,,,,127067,TRK804147
XP26 ZYI,UPL3VEUDT7G0W2784,Fiat,500e,hatch,2023,EU,MXP,Milan Malpensa,available,,,,116108,TRK804148
IC62 STK,DLHNEEKJXK7FG1469,Seat,Leon,hatch,2024,EU,AMS,Amsterdam Schiphol,on_rent,AGR-9038526,CUST-379385,"Dubois, C.",76987,TRK804149
RF46 QOO,LGF130V7W5JX78780,Ford,Puma,suv,2025,EU,MUC,Munich Franz Josef Strauss,available,,,,33075,TRK804150
NF73 XVG,RBNPJ1MGKGNPD7413,Citroen,C3,hatch,2023,EU,LIS,Lisbon Humberto Delgado,on_rent,AGR-2511089,CUST-316904,"Garcia, E.",42374,TRK804151
PXN5X80,HLKYHZKW185YX6905,Fiat,Cronos,sedan,2023,BR,GRU,Sao Paulo Guarulhos,available,,,,116324,TRK804152
CUD2Z61,SCAX3PW6JRBZ61174,Fiat,Argo,hatch,2022,BR,CGH,Sao Paulo Congonhas,on_rent,AGR-8524850,CUST-810116,"Carvalho, N.",25201,TRK804153
UWN4Y26,WDLUN3ZX3WYYK8224,Fiat,Mobi,hatch,2023,BR,GIG,Rio Galeao,on_rent,AGR-5981521,CUST-457402,"Silva, D.",93071,TRK804154
JUM8E57,RNMGN6ZE2WERN1615,Volkswagen,Polo,hatch,2023,BR,CNF,Belo Horizonte Confins,available,,,,87689,TRK804155
XJJ6V18,ZYMNUDNULN9JD0345,Volkswagen,T-Cross,suv,2023,BR,CWB,Curitiba Afonso Pena,in_service,,,,102506,TRK804156
OZH3Q66,NEC64MPT5MDKG4328,Chevrolet,Onix,hatch,2023,BR,BSB,Brasilia Internacional,on_rent,AGR-8647550,CUST-117477,"Araujo, H.",9835,TRK804157
CHK0V40,PYUBTC983W0SW3028,Chevrolet,Tracker,suv,2022,BR,POA,Porto Alegre Salgado Filho,on_rent,AGR-1924708,CUST-119629,"Rodrigues, W.",96574,TRK804158
GPA2S40,FDEB6NB5HRLPB6823,Hyundai,HB20,hatch,2024,BR,SSA,Salvador Deputado Magalhaes,on_rent,AGR-3661254,CUST-727178,"Nascimento, J.",27436,TRK804159
UGT-3136,JAVZM7GF5RG4F4770,Hyundai,Elantra,sedan,2023,NA,DFW,Dallas Fort Worth,in_service,,,,41851,TRK804160
NNP-8094,HKJPB3LVG6AKV6545,Jeep,Grand Cherokee,suv,2024,NA,ATL,Atlanta Hartsfield,on_rent,AGR-9274215,CUST-171523,"Anderson, G.",12314,TRK804161
ZTU-5212,NHPVX9WA8BTGR8504,Kia,Telluride,suv,2023,NA,ORD,Chicago O'Hare,on_rent,AGR-1112298,CUST-775139,"Taylor, T.",28183,TRK804162
DGW-4230,RKGAGZE0B60VV0031,Tesla,Model 3,sedan,2023,NA,LAX,Los Angeles International,on_rent,AGR-5397951,CUST-851177,"Martinez, M.",60180,TRK804163
TYT-2953,XVG1D5PK8MT4G2433,Toyota,Camry,sedan,2024,NA,MCO,Orlando International,on_rent,AGR-4710731,CUST-680031,"Brown, D.",31332,TRK804164
BWU-8407,FTLKVK41XY8X53790,Toyota,RAV4,suv,2022,NA,DEN,Denver International,on_rent,AGR-7644089,CUST-787645,"Miller, P.",94117,TRK804165
NPL-9925,UEYAX5U3WVRUM5116,Chevrolet,Malibu,sedan,2024,NA,PHX,Phoenix Sky Harbor,available,,,,127846,TRK804166
RWY-3896,NWEJDELK532DX8051,Chevrolet,Equinox,suv,2024,NA,YYZ,Toronto Pearson,on_rent,AGR-6368287,CUST-438832,"Davis, H.",134725,TRK804167
SG38 LHF,VXN635XNDDYCZ9474,Skoda,Octavia,sedan,2025,EU,LHR,London Heathrow,on_rent,AGR-4870334,CUST-107808,"Schmidt, T.",103670,TRK804168
CW50 VOW,MVF3ZMA3BY0BC2083,Opel,Corsa,hatch,2024,EU,CDG,Paris Charles de Gaulle,on_rent,AGR-7307248,CUST-214206,"Rossi, L.",117997,TRK804169
PU81 OOD,VXULUU4PGPN2L5321,BMW,1 Series,hatch,2023,EU,FRA,Frankfurt am Main,on_rent,AGR-1454335,CUST-194512,"Kowalski, P.",87809,TRK804170
HX59 QPF,TRTZWHRJF1Y5G0104,Mercedes-Benz,A-Class,hatch,2023,EU,MAD,Madrid Barajas,on_rent,AGR-8271473,CUST-607711,"Andersson, J.",68885,TRK804171
KC39 YGL,WJNYPSANM9XLB8514,Fiat,500e,hatch,2024,EU,MXP,Milan Malpensa,in_service,,,,27620,TRK804172
PC40 PVT,CXL76BKSENE6G8071,Seat,Leon,hatch,2022,EU,AMS,Amsterdam Schiphol,on_rent,AGR-5738990,CUST-290662,"Schmidt, K.",115713,TRK804173
TC13 NNR,KKZ47V4V82B8Y5784,Ford,Puma,suv,2024,EU,MUC,Munich Franz Josef Strauss,on_rent,AGR-7899974,CUST-143089,"Rossi, K.",74693,TRK804174
CE63 XIH,GMS3L65LWAF7F7799,Citroen,C3,hatch,2025,EU,LIS,Lisbon Humberto Delgado,on_rent,AGR-4060919,CUST-717280,"Muller, R.",95283,TRK804175
LWS0X95,YHZDA2BCXUF074776,Fiat,Cronos,sedan,2023,BR,GRU,Sao Paulo Guarulhos,available,,,,71098,TRK804176
UQU4X79,LJAZ0Y6MAH40P0779,Fiat,Argo,hatch,2023,BR,CGH,Sao Paulo Congonhas,available,,,,93200,TRK804177
ASV2A52,TNBVP9VWR81321017,Fiat,Mobi,hatch,2023,BR,GIG,Rio Galeao,available,,,,32368,TRK804178
JSC8P54,ERMU6DGGRFXTR8909,Volkswagen,Polo,hatch,2024,BR,CNF,Belo Horizonte Confins,on_rent,AGR-7496804,CUST-327358,"Nascimento, D.",94397,TRK804179
JOV4X58,BHFJ8UJHYURHX6697,Volkswagen,T-Cross,suv,2024,BR,CWB,Curitiba Afonso Pena,on_rent,AGR-4577484,CUST-515544,"Oliveira, P.",109332,TRK804180
VKH5R75,GTV09PH3HDYKB0090,Chevrolet,Onix,hatch,2024,BR,BSB,Brasilia Internacional,on_rent,AGR-7689089,CUST-144747,"Lima, R.",59318,TRK804181
YVG6H88,DTEG8N3PM9U454120,Chevrolet,Tracker,suv,2023,BR,POA,Porto Alegre Salgado Filho,available,,,,137939,TRK804182
TBM0M79,SYX8L9WEG12PN1152,Hyundai,HB20,hatch,2023,BR,SSA,Salvador Deputado Magalhaes,on_rent,AGR-1964117,CUST-724604,"Santos, G.",9787,TRK804183
IMK-5546,EFPNWLULXMRHL0693,Hyundai,Elantra,sedan,2022,NA,DFW,Dallas Fort Worth,on_rent,AGR-9981093,CUST-451931,"Brown, T.",59233,TRK804184
WLF-8604,WKBY11DRAYPJC4752,Jeep,Grand Cherokee,suv,2023,NA,ATL,Atlanta Hartsfield,on_rent,AGR-5174466,CUST-736563,"Davis, F.",113417,TRK804185
OFM-2491,VJNX6JRFV2WE46047,Kia,Telluride,suv,2022,NA,ORD,Chicago O'Hare,on_rent,AGR-7805379,CUST-942684,"Johnson, T.",15549,TRK804186
ORU-2358,DRGY4BEF6Z03H6540,Tesla,Model 3,sedan,2022,NA,LAX,Los Angeles International,on_rent,AGR-1810951,CUST-445202,"Taylor, B.",65421,TRK804187
FCL-3123,EVVMWA4S35Z3A1557,Toyota,Camry,sedan,2022,NA,MCO,Orlando International,on_rent,AGR-9943173,CUST-804294,"Johnson, H.",94487,TRK804188
BVD-7564,JEMZEKAYXLRCX5547,Toyota,RAV4,suv,2023,NA,DEN,Denver International,available,,,,40927,TRK804189
CJN-9374,EWTSMNFCHK6BM8128,Chevrolet,Malibu,sedan,2024,NA,PHX,Phoenix Sky Harbor,on_rent,AGR-2987763,CUST-204356,"Wilson, G.",122845,TRK804190
KSO-8775,BPL0LLK55GL8Y3744,Chevrolet,Equinox,suv,2025,NA,YYZ,Toronto Pearson,available,,,,33642,TRK804191
UI55 ZIE,DCPHGT6TBREE42209,Skoda,Octavia,sedan,2024,EU,LHR,London Heathrow,available,,,,52679,TRK804192
DC25 PDJ,TSE9VU4EVXLZZ6639,Opel,Corsa,hatch,2023,EU,CDG,Paris Charles de Gaulle,on_rent,AGR-3226250,CUST-273987,"Garcia, D.",139429,TRK804193
TW66 GDM,GRV6G37BVZH625056,BMW,1 Series,hatch,2024,EU,FRA,Frankfurt am Main,on_rent,AGR-8771440,CUST-783505,"Schmidt, L.",20018,TRK804194
MI31 ZBU,RXEJ2SGWSGXXE1932,Mercedes-Benz,A-Class,hatch,2022,EU,MAD,Madrid Barajas,on_rent,AGR-8592997,CUST-925866,"Dubois, F.",96230,TRK804195
OX65 RTU,YVDR8KF5CZVA66255,Fiat,500e,hatch,2024,EU,MXP,Milan Malpensa,available,,,,8230,TRK804196
CA19 SGV,UGWHGBCTX6G9M5022,Seat,Leon,hatch,2024,EU,AMS,Amsterdam Schiphol,available,,,,69210,TRK804197
QM78 ADU,CARFWSH4AGMSA8641,Ford,Puma,suv,2024,EU,MUC,Munich Franz Josef Strauss,in_service,,,,60406,TRK804198
TH82 SAK,VTC847J8BH9559239,Citroen,C3,hatch,2025,EU,LIS,Lisbon Humberto Delgado,in_service,,,,134771,TRK804199
EAJ2L11,SKJHRFUBGKMAT8181,Fiat,Cronos,sedan,2024,BR,GRU,Sao Paulo Guarulhos,on_rent,AGR-6811259,CUST-456214,"Souza, T.",38962,TRK804200
QCA5X23,KVAHDJXARKNYZ7709,Fiat,Argo,hatch,2023,BR,CGH,Sao Paulo Congonhas,on_rent,AGR-3894890,CUST-903366,"Carvalho, W.",80330,TRK804201
SBB7E13,GRTY2C7CZ7SYE4231,Fiat,Mobi,hatch,2023,BR,GIG,Rio Galeao,on_rent,AGR-6861489,CUST-839057,"Carvalho, C.",109136,TRK804202
DYQ6V40,FBTDM5B8BS1GH0017,Volkswagen,Polo,hatch,2023,BR,CNF,Belo Horizonte Confins,available,,,,42511,TRK804203
TVX2Y30,GLTSSTJGC7J4Z1546,Volkswagen,T-Cross,suv,2024,BR,CWB,Curitiba Afonso Pena,on_rent,AGR-6444364,CUST-867523,"Almeida, P.",63377,TRK804204
WRF9H82,HSEH2RLNSY8VS9439,Chevrolet,Onix,hatch,2022,BR,BSB,Brasilia Internacional,on_rent,AGR-3954771,CUST-971365,"Oliveira, M.",138900,TRK804205
XKI5V46,AWFAC2RFT2K6J4971,Chevrolet,Tracker,suv,2024,BR,POA,Porto Alegre Salgado Filho,on_rent,AGR-3791068,CUST-921020,"Araujo, B.",54883,TRK804206
UUG9F20,TPFLMEHKZH5CL2406,Hyundai,HB20,hatch,2024,BR,SSA,Salvador Deputado Magalhaes,on_rent,AGR-8304404,CUST-539648,"Lima, C.",22237,TRK804207
MRM-2837,LYGKG7KFV8DLR7227,Hyundai,Elantra,sedan,2024,NA,DFW,Dallas Fort Worth,available,,,,96315,TRK804208
WUX-9149,VZAYCGZS9ECY24889,Jeep,Grand Cherokee,suv,2022,NA,ATL,Atlanta Hartsfield,on_rent,AGR-8223822,CUST-169221,"Smith, F.",31721,TRK804209
NTK-8158,JJZXCV1REPRT26728,Kia,Telluride,suv,2025,NA,ORD,Chicago O'Hare,available,,,,113138,TRK804210
TAJ-1378,SWY6PKAL4ZV7J9834,Tesla,Model 3,sedan,2024,NA,LAX,Los Angeles International,on_rent,AGR-8834219,CUST-827367,"Taylor, S.",18385,TRK804211
DBP-6310,NXEHBWN2AJX290046,Toyota,Camry,sedan,2024,NA,MCO,Orlando International,on_rent,AGR-6286089,CUST-654910,"Anderson, E.",96775,TRK804212
MLG-4827,PGBMYZMG6FX2D0717,Toyota,RAV4,suv,2023,NA,DEN,Denver International,on_rent,AGR-4680000,CUST-770580,"Brown, H.",24535,TRK804213
JSJ-1186,HEXH03MSBNT5A0370,Chevrolet,Malibu,sedan,2024,NA,PHX,Phoenix Sky Harbor,on_rent,AGR-8876987,CUST-323777,"Brown, F.",43816,TRK804214
OKN-2738,NSG8BW6LKZK743148,Chevrolet,Equinox,suv,2025,NA,YYZ,Toronto Pearson,available,,,,27421,TRK804215
VP81 VQW,DWD7ML69N36Y75926,Skoda,Octavia,sedan,2024,EU,LHR,London Heathrow,on_rent,AGR-8416000,CUST-694117,"Jansen, D.",26046,TRK804216
AB88 KKX,BGZJ1AZ0LTVCU2518,Opel,Corsa,hatch,2025,EU,CDG,Paris Charles de Gaulle,available,,,,33333,TRK804217
DN90 MJA,NJCCDTXWBYJDN1269,BMW,1 Series,hatch,2022,EU,FRA,Frankfurt am Main,available,,,,11194,TRK804218
IH92 OHR,DSXZFWBV3JHY91547,Mercedes-Benz,A-Class,hatch,2022,EU,MAD,Madrid Barajas,on_rent,AGR-2337927,CUST-383309,"Murphy, G.",114205,TRK804219
AN55 PVA,TTJ6CR63N19194361,Fiat,500e,hatch,2022,EU,MXP,Milan Malpensa,available,,,,89663,TRK804220
PS58 ZKB,PGSNAM8XRYA416446,Seat,Leon,hatch,2025,EU,AMS,Amsterdam Schiphol,in_service,,,,134359,TRK804221
AI25 BHF,VGJ8EDPP5VUXE6038,Ford,Puma,suv,2025,EU,MUC,Munich Franz Josef Strauss,on_rent,AGR-1730892,CUST-348517,"Jansen, T.",113750,TRK804222
BI47 TOS,ULV8BNPPC83RR9865,Citroen,C3,hatch,2025,EU,LIS,Lisbon Humberto Delgado,on_rent,AGR-1521658,CUST-908586,"Dubois, F.",50910,TRK804223
MKK8R49,RVRZWNCHB2WZ94303,Fiat,Cronos,sedan,2024,BR,GRU,Sao Paulo Guarulhos,on_rent,AGR-1970319,CUST-417851,"Araujo, G.",30915,TRK804224
NHM7Z26,RRVCNJF1Y100K9774,Fiat,Argo,hatch,2022,BR,CGH,Sao Paulo Congonhas,on_rent,AGR-3899082,CUST-379201,"Santos, E.",94458,TRK804225
MSO9Z85,EFH0YM9UMZ8826983,Fiat,Mobi,hatch,2025,BR,GIG,Rio Galeao,on_rent,AGR-5781012,CUST-819846,"Oliveira, A.",65338,TRK804226
XJB6S70,THM801WRXB2EA1560,Volkswagen,Polo,hatch,2023,BR,CNF,Belo Horizonte Confins,on_rent,AGR-5188295,CUST-805334,"Pereira, L.",24902,TRK804227
ZFM3V19,LBGAL1YBY42GT9814,Volkswagen,T-Cross,suv,2025,BR,CWB,Curitiba Afonso Pena,available,,,,89327,TRK804228
WZB2K53,ENEEVSARLL5YJ2526,Chevrolet,Onix,hatch,2023,BR,BSB,Brasilia Internacional,available,,,,137391,TRK804229
IXX7X69,HFNAG4KGC34KC9087,Chevrolet,Tracker,suv,2024,BR,POA,Porto Alegre Salgado Filho,available,,,,117363,TRK804230
SAK7J80,XJMBCDEUG52DW0058,Hyundai,HB20,hatch,2023,BR,SSA,Salvador Deputado Magalhaes,on_rent,AGR-1077037,CUST-461732,"Silva, C.",21008,TRK804231
MSO-9540,DPTTJW824W88A3378,Hyundai,Elantra,sedan,2022,NA,DFW,Dallas Fort Worth,on_rent,AGR-7149058,CUST-883416,"Miller, T.",118321,TRK804232
QIJ-6160,NVK9PZB8RKW407315,Jeep,Grand Cherokee,suv,2022,NA,ATL,Atlanta Hartsfield,on_rent,AGR-6002391,CUST-285971,"Johnson, R.",116013,TRK804233
WRC-9410,JRUU96Z1DNC3T8905,Kia,Telluride,suv,2023,NA,ORD,Chicago O'Hare,on_rent,AGR-7175588,CUST-603195,"Garcia, H.",78399,TRK804234
WED-1502,CDJAYJXUEYS0B4684,Tesla,Model 3,sedan,2024,NA,LAX,Los Angeles International,available,,,,79278,TRK804235
RKP-5134,JGBJ5PR3ZVBMY6057,Toyota,Camry,sedan,2023,NA,MCO,Orlando International,on_rent,AGR-1491415,CUST-376783,"Jones, C.",53364,TRK804236
OQJ-2935,VFTPNJMEGVB8X7268,Toyota,RAV4,suv,2024,NA,DEN,Denver International,in_service,,,,12627,TRK804237
LOY-3649,HFLN0WMD9KAJJ2320,Chevrolet,Malibu,sedan,2022,NA,PHX,Phoenix Sky Harbor,on_rent,AGR-8054034,CUST-270892,"Garcia, R.",40743,TRK804238
GUU-2438,MVUSRTVGU4TSC8188,Chevrolet,Equinox,suv,2023,NA,YYZ,Toronto Pearson,available,,,,28346,TRK804239
FG42 EJJ,EFZ6W8JJ14HY92334,Skoda,Octavia,sedan,2023,EU,LHR,London Heathrow,on_rent,AGR-3962354,CUST-861711,"Novak, H.",101978,TRK804240
XJ93 SPV,UDHHR4MX9JVBE9156,Opel,Corsa,hatch,2023,EU,CDG,Paris Charles de Gaulle,on_rent,AGR-8740115,CUST-763991,"Schmidt, J.",125996,TRK804241
DW14 BNL,HYU5SWPAYXXZJ5805,BMW,1 Series,hatch,2022,EU,FRA,Frankfurt am Main,on_rent,AGR-1261524,CUST-163618,"Kowalski, K.",66430,TRK804242
JE49 OSS,YZGNT7SXYMNGM8911,Mercedes-Benz,A-Class,hatch,2023,EU,MAD,Madrid Barajas,available,,,,20735,TRK804243
KG52 PAF,FPRZBJGCKV1UV4097,Fiat,500e,hatch,2024,EU,MXP,Milan Malpensa,on_rent,AGR-2879943,CUST-556028,"Murphy, L.",113966,TRK804244
PP43 EDK,PRHP9U0AD13XK6311,Seat,Leon,hatch,2025,EU,AMS,Amsterdam Schiphol,on_rent,AGR-3110746,CUST-733407,"Rossi, N.",124590,TRK804245
NL22 ZRZ,UEEABU4NWUS1J9707,Ford,Puma,suv,2025,EU,MUC,Munich Franz Josef Strauss,on_rent,AGR-6987620,CUST-232583,"Rossi, L.",85714,TRK804246
XE41 WPK,FYXF4MC6B62TK3056,Citroen,C3,hatch,2025,EU,LIS,Lisbon Humberto Delgado,on_rent,AGR-8207805,CUST-455361,"Silva, C.",86339,TRK804247
IHA0I13,DVXLUM1SL9TVH9291,Fiat,Cronos,sedan,2024,BR,GRU,Sao Paulo Guarulhos,on_rent,AGR-7399666,CUST-151677,"Souza, K.",101233,TRK804248
YZN0W15,REJ52AZNTD3V63796,Fiat,Argo,hatch,2023,BR,CGH,Sao Paulo Congonhas,on_rent,AGR-7832222,CUST-664882,"Oliveira, L.",92327,TRK804249
VMO7Z22,BMXC182XR5LR61391,Fiat,Mobi,hatch,2024,BR,GIG,Rio Galeao,available,,,,113917,TRK804250
GRY4P03,CDYMG16MMV33C3178,Volkswagen,Polo,hatch,2023,BR,CNF,Belo Horizonte Confins,on_rent,AGR-3502115,CUST-652297,"Silva, K.",132882,TRK804251
FFZ2J50,ZFUT8LBSXNDK38221,Volkswagen,T-Cross,suv,2024,BR,CWB,Curitiba Afonso Pena,on_rent,AGR-1561244,CUST-176128,"Souza, S.",66609,TRK804252
ODS0O12,VPV6H2GFRJML07372,Chevrolet,Onix,hatch,2025,BR,BSB,Brasilia Internacional,on_rent,AGR-4650672,CUST-875332,"Oliveira, T.",47086,TRK804253
SYZ8D05,BKBH2XD6346HK2696,Chevrolet,Tracker,suv,2023,BR,POA,Porto Alegre Salgado Filho,on_rent,AGR-7516986,CUST-911254,"Nascimento, B.",36060,TRK804254
VWP4D12,GXEHATG830N8R9896,Hyundai,HB20,hatch,2023,BR,SSA,Salvador Deputado Magalhaes,on_rent,AGR-1441201,CUST-522390,"Nascimento, E.",81406,TRK804255
KZI-6988,MAYAPW4XS16HR2398,Hyundai,Elantra,sedan,2022,NA,DFW,Dallas Fort Worth,on_rent,AGR-6044408,CUST-405776,"Garcia, N.",138814,TRK804256
JSZ-4044,UNXWM23RANHN85781,Jeep,Grand Cherokee,suv,2023,NA,ATL,Atlanta Hartsfield,on_rent,AGR-2089650,CUST-277644,"Johnson, W.",91223,TRK804257
ZWC-3864,TDN3KPJPA0Z7H6234,Kia,Telluride,suv,2025,NA,ORD,Chicago O'Hare,on_rent,AGR-8476998,CUST-855503,"Jones, K.",49635,TRK804258
NBQ-7811,TBNRUUEA2SRLN6591,Tesla,Model 3,sedan,2024,NA,LAX,Los Angeles International,on_rent,AGR-1192922,CUST-494976,"Garcia, F.",58028,TRK804259
AMW-7384,ZYXUCR5015W485493,Toyota,Camry,sedan,2022,NA,MCO,Orlando International,on_rent,AGR-7340396,CUST-495921,"Taylor, A.",102262,TRK804260
HVU-1380,KJGTJ5L4H8MS81714,Toyota,RAV4,suv,2024,NA,DEN,Denver International,available,,,,27583,TRK804261
PYI-5256,EUTBYS4F5WM208774,Chevrolet,Malibu,sedan,2025,NA,PHX,Phoenix Sky Harbor,available,,,,9823,TRK804262
TIG-5024,CGFBMMW1RN2J05031,Chevrolet,Equinox,suv,2025,NA,YYZ,Toronto Pearson,on_rent,AGR-9851409,CUST-738894,"Garcia, K.",60297,TRK804263
HB34 HMC,XZWBN56YLSGE66663,Skoda,Octavia,sedan,2023,EU,LHR,London Heathrow,on_rent,AGR-5636263,CUST-646523,"Rossi, G.",125603,TRK804264
HN38 TEJ,NKVDFEKAMZW174213,Opel,Corsa,hatch,2022,EU,CDG,Paris Charles de Gaulle,in_service,,,,109131,TRK804265
SX66 ZCH,ZDRHY4KRU21X49594,BMW,1 Series,hatch,2023,EU,FRA,Frankfurt am Main,in_service,,,,117074,TRK804266
OS61 NVV,ZJV7BR3KGFBNT9372,Mercedes-Benz,A-Class,hatch,2025,EU,MAD,Madrid Barajas,available,,,,111898,TRK804267
UQ10 BDI,KZXWUABF7EWRN0270,Fiat,500e,hatch,2024,EU,MXP,Milan Malpensa,on_rent,AGR-6018756,CUST-824008,"Silva, B.",108188,TRK804268
TU39 ULS,NEFMJ1UX9RDVD5249,Seat,Leon,hatch,2023,EU,AMS,Amsterdam Schiphol,in_service,,,,126344,TRK804269
LL60 UBY,HAE00NS28PDHY1802,Ford,Puma,suv,2024,EU,MUC,Munich Franz Josef Strauss,available,,,,123435,TRK804270
QL14 JZB,PCT3JW7WS7NRE4236,Citroen,C3,hatch,2023,EU,LIS,Lisbon Humberto Delgado,available,,,,109301,TRK804271
YPR2W98,FDR5XA7C3P0SV5758,Fiat,Cronos,sedan,2024,BR,GRU,Sao Paulo Guarulhos,on_rent,AGR-3366009,CUST-460103,"Carvalho, N.",121558,TRK804272
BAI7P75,KZY4SRXTW7XUW4148,Fiat,Argo,hatch,2024,BR,CGH,Sao Paulo Congonhas,available,,,,64034,TRK804273
NZQ1U39,ZGNVFUFCEFJ4B0390,Fiat,Mobi,hatch,2024,BR,GIG,Rio Galeao,on_rent,AGR-2229448,CUST-409654,"Araujo, K.",85098,TRK804274
AAE7K39,DYUYD2MPGUPAR5930,Volkswagen,Polo,hatch,2022,BR,CNF,Belo Horizonte Confins,on_rent,AGR-6511558,CUST-689459,"Lima, D.",134086,TRK804275
ACZ3K30,BUBV6F6F0HUAS9912,Volkswagen,T-Cross,suv,2025,BR,CWB,Curitiba Afonso Pena,on_rent,AGR-8154910,CUST-266978,"Silva, D.",115746,TRK804276
AKK9T93,NVRDXJ90SWEN52333,Chevrolet,Onix,hatch,2025,BR,BSB,Brasilia Internacional,available,,,,74610,TRK804277
UYJ0L45,PTKARBFLNPPMF6113,Chevrolet,Tracker,suv,2023,BR,POA,Porto Alegre Salgado Filho,on_rent,AGR-4336729,CUST-709383,"Costa, R.",99977,TRK804278
ZIU7Z88,BAELCGUPT3LCV7224,Hyundai,HB20,hatch,2023,BR,SSA,Salvador Deputado Magalhaes,on_rent,AGR-3269888,CUST-426360,"Oliveira, W.",11809,TRK804279
QPU-7348,DMBV9PZYXJ0JD9653,Hyundai,Elantra,sedan,2025,NA,DFW,Dallas Fort Worth,on_rent,AGR-8087125,CUST-905258,"Martinez, J.",19814,TRK804280
RIX-6769,CJYD04ASAXR7G6022,Jeep,Grand Cherokee,suv,2023,NA,ATL,Atlanta Hartsfield,on_rent,AGR-6631395,CUST-730507,"Smith, M.",136542,TRK804281
MCP-9474,FNYS2BRWSEUSW2555,Kia,Telluride,suv,2023,NA,ORD,Chicago O'Hare,available,,,,44267,TRK804282
MPA-2855,MWZZ0A07CTMJC5891,Tesla,Model 3,sedan,2024,NA,LAX,Los Angeles International,on_rent,AGR-2129287,CUST-813749,"Garcia, P.",102338,TRK804283
LVU-1547,LLF0X2C11NHD23962,Toyota,Camry,sedan,2025,NA,MCO,Orlando International,available,,,,94025,TRK804284
JHG-7598,SDB6N5J4H59HF1290,Toyota,RAV4,suv,2023,NA,DEN,Denver International,on_rent,AGR-8566415,CUST-442045,"Taylor, M.",99676,TRK804285
PBM-7479,PDFVVGCDPGNLL7620,Chevrolet,Malibu,sedan,2024,NA,PHX,Phoenix Sky Harbor,on_rent,AGR-8131271,CUST-458462,"Anderson, C.",109921,TRK804286
AIN-8329,KMRY47EDZC4FJ8557,Chevrolet,Equinox,suv,2024,NA,YYZ,Toronto Pearson,available,,,,38593,TRK804287
UY77 RQC,LAGWMLYEHPJD60868,Skoda,Octavia,sedan,2023,EU,LHR,London Heathrow,available,,,,48215,TRK804288
CU72 MWF,AUCA1LYZPK9A84700,Opel,Corsa,hatch,2023,EU,CDG,Paris Charles de Gaulle,on_rent,AGR-6973079,CUST-122908,"Dubois, H.",139074,TRK804289
EB49 DHY,XUSVM3F0L71L29672,BMW,1 Series,hatch,2023,EU,FRA,Frankfurt am Main,on_rent,AGR-9097656,CUST-561252,"Rossi, M.",127696,TRK804290
TH76 VFZ,HFBJ7JM618VGX6034,Mercedes-Benz,A-Class,hatch,2023,EU,MAD,Madrid Barajas,in_service,,,,20530,TRK804291
TA62 TNQ,HCH1VT8V8A4C11184,Fiat,500e,hatch,2024,EU,MXP,Milan Malpensa,on_rent,AGR-3977276,CUST-325040,"Kowalski, H.",91253,TRK804292
UK54 FQY,ADUB8W531LMHJ9643,Seat,Leon,hatch,2022,EU,AMS,Amsterdam Schiphol,on_rent,AGR-5464558,CUST-215427,"Garcia, S.",68310,TRK804293
ZK41 BGG,JWVUU1YPSRBMN7078,Ford,Puma,suv,2022,EU,MUC,Munich Franz Josef Strauss,available,,,,113110,TRK804294
BI50 YTW,WESZFD7S0AJGY4499,Citroen,C3,hatch,2022,EU,LIS,Lisbon Humberto Delgado,in_service,,,,85333,TRK804295
GWF6K34,ZYGJTVK15DHBY2828,Fiat,Cronos,sedan,2025,BR,GRU,Sao Paulo Guarulhos,on_rent,AGR-3993745,CUST-212208,"Oliveira, F.",43778,TRK804296
TVS0C28,YSJVFBGDLBEHS3030,Fiat,Argo,hatch,2025,BR,CGH,Sao Paulo Congonhas,in_service,,,,33244,TRK804297
YFQ5A53,GPARFA3MDB9UN7373,Fiat,Mobi,hatch,2024,BR,GIG,Rio Galeao,on_rent,AGR-7774656,CUST-109574,"Rodrigues, P.",139197,TRK804298
DWH8T38,CVVH9Y1AUZSMP8043,Volkswagen,Polo,hatch,2022,BR,CNF,Belo Horizonte Confins,on_rent,AGR-2608979,CUST-605924,"Lima, C.",15246,TRK804299
JOL4Q66,WFZ1R79PE9J3V5111,Volkswagen,T-Cross,suv,2023,BR,CWB,Curitiba Afonso Pena,on_rent,AGR-7597510,CUST-188561,"Pereira, T.",36280,TRK804300
MWO8Q63,BPR3Y0EE3UU9W4262,Chevrolet,Onix,hatch,2025,BR,BSB,Brasilia Internacional,on_rent,AGR-9298951,CUST-535661,"Almeida, M.",93251,TRK804301
FYA8M10,GTHDFLVBP2D3C3801,Chevrolet,Tracker,suv,2024,BR,POA,Porto Alegre Salgado Filho,available,,,,103934,TRK804302
MHR0A15,YXCFX32Y4137J2477,Hyundai,HB20,hatch,2023,BR,SSA,Salvador Deputado Magalhaes,on_rent,AGR-5164586,CUST-197210,"Costa, H.",107033,TRK804303
DQL-8668,XJXK85GXHZG583308,Hyundai,Elantra,sedan,2024,NA,DFW,Dallas Fort Worth,on_rent,AGR-1284546,CUST-388633,"Williams, R.",9516,TRK804304
EHN-2692,NGPHFL7PFTBB41644,Jeep,Grand Cherokee,suv,2023,NA,ATL,Atlanta Hartsfield,on_rent,AGR-3738208,CUST-991243,"Anderson, B.",131821,TRK804305
IJH-1135,WKSZJP4ZGH8MZ4411,Kia,Telluride,suv,2025,NA,ORD,Chicago O'Hare,in_service,,,,75420,TRK804306
XCK-4720,TTTSHTSFURBDN3844,Tesla,Model 3,sedan,2025,NA,LAX,Los Angeles International,on_rent,AGR-6028710,CUST-144692,"Williams, C.",64145,TRK804307
PZU-3696,CRKNDD6HNFB5N8801,Toyota,Camry,sedan,2022,NA,MCO,Orlando International,on_rent,AGR-2526495,CUST-408108,"Martinez, G.",58315,TRK804308
MFA-2534,HGZNVVL35SJFT9543,Toyota,RAV4,suv,2023,NA,DEN,Denver International,on_rent,AGR-3958060,CUST-926731,"Miller, W.",34742,TRK804309
YHC-3175,TBR9X5UFN39W47030,Chevrolet,Malibu,sedan,2024,NA,PHX,Phoenix Sky Harbor,on_rent,AGR-2460966,CUST-899780,"Jones, J.",93778,TRK804310
PAL-7870,JANZAZRW23R9T3214,Chevrolet,Equinox,suv,2023,NA,YYZ,Toronto Pearson,on_rent,AGR-7486003,CUST-155897,"Johnson, H.",135624,TRK804311
EJ31 IZF,MHJZSUV56XN376540,Skoda,Octavia,sedan,2024,EU,LHR,London Heathrow,on_rent,AGR-8701393,CUST-936727,"Murphy, M.",135536,TRK804312
KG37 WFC,FWD5FM8NP44U27314,Opel,Corsa,hatch,2025,EU,CDG,Paris Charles de Gaulle,on_rent,AGR-7895468,CUST-367232,"Kowalski, C.",60326,TRK804313
TV28 ADB,JWY7943HHYRCM8973,BMW,1 Series,hatch,2022,EU,FRA,Frankfurt am Main,on_rent,AGR-6499385,CUST-698575,"Muller, H.",70944,TRK804314
OD68 CGV,LPZ9YMJAGD4SF2365,Mercedes-Benz,A-Class,hatch,2023,EU,MAD,Madrid Barajas,on_rent,AGR-5375400,CUST-871052,"Muller, K.",20925,TRK804315
WA32 IHJ,BPRV4LGF54N1X4750,Fiat,500e,hatch,2025,EU,MXP,Milan Malpensa,on_rent,AGR-4098797,CUST-142635,"Bianchi, C.",57198,TRK804316
UJ67 MHU,HWULFG1XMRR7E1626,Seat,Leon,hatch,2023,EU,AMS,Amsterdam Schiphol,on_rent,AGR-8921444,CUST-644440,"Novak, H.",44858,TRK804317
FS19 UYO,MFWUS5ZP3BV0C3327,Ford,Puma,suv,2024,EU,MUC,Munich Franz Josef Strauss,on_rent,AGR-4662301,CUST-542231,"Garcia, P.",127125,TRK804318
BH35 ZDZ,JBWHJ2FRH6BEJ3230,Citroen,C3,hatch,2024,EU,LIS,Lisbon Humberto Delgado,on_rent,AGR-6857527,CUST-542778,"Schmidt, H.",114427,TRK804319
HPP7N99,LUL0EFRUSLDHH3058,Fiat,Cronos,sedan,2025,BR,GRU,Sao Paulo Guarulhos,on_rent,AGR-8114867,CUST-765649,"Carvalho, E.",128510,TRK804320
PCD7W06,FGXCB4NDX2F0Y4882,Fiat,Argo,hatch,2023,BR,CGH,Sao Paulo Congonhas,on_rent,AGR-8820866,CUST-930492,"Oliveira, F.",61437,TRK804321
SGQ3T16,NGFM0FS8VR1FZ0184,Fiat,Mobi,hatch,2023,BR,GIG,Rio Galeao,on_rent,AGR-5812702,CUST-710167,"Almeida, L.",127744,TRK804322
LAE7H21,EFJE3JN71NNZB5523,Volkswagen,Polo,hatch,2023,BR,CNF,Belo Horizonte Confins,available,,,,127737,TRK804323
IOR4X75,VHNZDWUAUP3YT4291,Volkswagen,T-Cross,suv,2024,BR,CWB,Curitiba Afonso Pena,in_service,,,,28434,TRK804324
SBF7A99,VZJPKNG6G66SZ9726,Chevrolet,Onix,hatch,2024,BR,BSB,Brasilia Internacional,in_service,,,,41189,TRK804325
LRG1S16,VERD19HMYJF2H2637,Chevrolet,Tracker,suv,2022,BR,POA,Porto Alegre Salgado Filho,on_rent,AGR-7547792,CUST-464745,"Nascimento, G.",86692,TRK804326
XCD9X60,RNM2V7WHUAH881369,Hyundai,HB20,hatch,2024,BR,SSA,Salvador Deputado Magalhaes,on_rent,AGR-6277188,CUST-928774,"Nascimento, B.",24304,TRK804327
ZUC-3427,TZKLDWF8TCXYE4499,Hyundai,Elantra,sedan,2023,NA,DFW,Dallas Fort Worth,available,,,,46543,TRK804328
GPP-6631,ZZMJCY1SPKNMU1063,Jeep,Grand Cherokee,suv,2022,NA,ATL,Atlanta Hartsfield,in_service,,,,132269,TRK804329
MAB-1604,FEMMRUHT1C9WY0135,Kia,Telluride,suv,2023,NA,ORD,Chicago O'Hare,on_rent,AGR-7969096,CUST-768831,"Jones, M.",102315,TRK804330
ZRI-4979,KUU5SL83WVFKL1576,Tesla,Model 3,sedan,2023,NA,LAX,Los Angeles International,on_rent,AGR-1493503,CUST-234317,"Garcia, P.",38760,TRK804331
XIB-8802,ESVGTJMFC33L17141,Toyota,Camry,sedan,2024,NA,MCO,Orlando International,on_rent,AGR-3576405,CUST-513203,"Johnson, N.",32421,TRK804332
XHM-1105,CTS859T6FMWRH0141,Toyota,RAV4,suv,2025,NA,DEN,Denver International,on_rent,AGR-1480212,CUST-519167,"Brown, H.",121661,TRK804333
WSD-3976,PCB9PHPWL98V58761,Chevrolet,Malibu,sedan,2023,NA,PHX,Phoenix Sky Harbor,on_rent,AGR-2910913,CUST-823486,"Anderson, T.",120192,TRK804334
ZWI-2870,KRVGLFKE68C182360,Chevrolet,Equinox,suv,2022,NA,YYZ,Toronto Pearson,in_service,,,,134814,TRK804335
EU48 MZR,DEBL81M5VZJBG8249,Skoda,Octavia,sedan,2024,EU,LHR,London Heathrow,on_rent,AGR-8242838,CUST-980311,"Jansen, L.",39226,TRK804336
ZW21 CLL,SNG0RMW0DBU5Z9749,Opel,Corsa,hatch,2022,EU,CDG,Paris Charles de Gaulle,in_service,,,,118586,TRK804337
SH33 NTW,ETAY9A97AJJK26129,BMW,1 Series,hatch,2023,EU,FRA,Frankfurt am Main,available,,,,14730,TRK804338
KZ54 NPH,WMHVHRGG44CCV3229,Mercedes-Benz,A-Class,hatch,2024,EU,MAD,Madrid Barajas,in_service,,,,90762,TRK804339
IE18 OHU,BUATTJ2FLTD2X8099,Fiat,500e,hatch,2023,EU,MXP,Milan Malpensa,available,,,,48617,TRK804340
FW50 GQN,ZGATD5PE8716W4083,Seat,Leon,hatch,2025,EU,AMS,Amsterdam Schiphol,on_rent,AGR-8799283,CUST-705783,"Dubois, M.",128391,TRK804341
EK97 THM,ZGF0P9NV9ACZL1895,Ford,Puma,suv,2023,EU,MUC,Munich Franz Josef Strauss,available,,,,85645,TRK804342
HZ38 OSZ,NETYW7AXY9C9C2850,Citroen,C3,hatch,2022,EU,LIS,Lisbon Humberto Delgado,available,,,,72674,TRK804343
VYB2Z08,YASHLJ6JFP7VJ7059,Fiat,Cronos,sedan,2023,BR,GRU,Sao Paulo Guarulhos,on_rent,AGR-9062609,CUST-238794,"Nascimento, A.",30030,TRK804344
FMC0K88,YNN9F1VDEGWPG0766,Fiat,Argo,hatch,2024,BR,CGH,Sao Paulo Congonhas,on_rent,AGR-2315767,CUST-992697,"Almeida, E.",96898,TRK804345
QEU1K14,UGZ62GK9FNE6H8447,Fiat,Mobi,hatch,2023,BR,GIG,Rio Galeao,in_service,,,,86569,TRK804346
IJY6O21,CYFKW06Y6JCNY1183,Volkswagen,Polo,hatch,2023,BR,CNF,Belo Horizonte Confins,in_service,,,,48283,TRK804347
DEA4G11,WUAFXPMP8FWCS1896,Volkswagen,T-Cross,suv,2025,BR,CWB,Curitiba Afonso Pena,available,,,,138342,TRK804348
GPF3F13,BGY57CPP8TPAN5307,Chevrolet,Onix,hatch,2022,BR,BSB,Brasilia Internacional,on_rent,AGR-9702542,CUST-565452,"Carvalho, E.",17084,TRK804349
ZEC2Y17,VEFNYNLP97PVF9127,Chevrolet,Tracker,suv,2023,BR,POA,Porto Alegre Salgado Filho,on_rent,AGR-6286831,CUST-461638,"Silva, W.",89859,TRK804350
TZH9G66,DYG1BA0WHC9215779,Hyundai,HB20,hatch,2023,BR,SSA,Salvador Deputado Magalhaes,on_rent,AGR-6425651,CUST-189915,"Lima, W.",85122,TRK804351
EAP-1912,STGHXETHT8NYS9664,Hyundai,Elantra,sedan,2023,NA,DFW,Dallas Fort Worth,on_rent,AGR-4130652,CUST-233731,"Williams, W.",93921,TRK804352
NRD-4445,FJNYKRZHNGZFG9229,Jeep,Grand Cherokee,suv,2024,NA,ATL,Atlanta Hartsfield,on_rent,AGR-1895189,CUST-113926,"Williams, M.",67845,TRK804353
WEO-2382,MEHCT6DT4JLH62152,Kia,Telluride,suv,2023,NA,ORD,Chicago O'Hare,on_rent,AGR-5633622,CUST-354738,"Brown, M.",18413,TRK804354
LCH-5546,LGZJ1JZ98R4PP0147,Tesla,Model 3,sedan,2024,NA,LAX,Los Angeles International,available,,,,22219,TRK804355
RZI-5084,SHE7LX4T87UEF6953,Toyota,Camry,sedan,2022,NA,MCO,Orlando International,available,,,,102800,TRK804356
HJM-7195,LZE0BS5XAXCW62515,Toyota,RAV4,suv,2025,NA,DEN,Denver International,on_rent,AGR-4959667,CUST-736576,"Johnson, G.",136146,TRK804357
QKJ-7985,XUHVN7LEXVW4C1339,Chevrolet,Malibu,sedan,2024,NA,PHX,Phoenix Sky Harbor,on_rent,AGR-5578114,CUST-138483,"Anderson, S.",123116,TRK804358
AYC-3355,PZU2S6FESPN2X5811,Chevrolet,Equinox,suv,2022,NA,YYZ,Toronto Pearson,in_service,,,,119029,TRK804359
ZF74 GEL,RBECUACL5TW9Z9570,Skoda,Octavia,sedan,2024,EU,LHR,London Heathrow,on_rent,AGR-6663367,CUST-911689,"Kowalski, M.",26617,TRK804360
WB44 XFM,HJU4K866FHZEF9845,Opel,Corsa,hatch,2023,EU,CDG,Paris Charles de Gaulle,on_rent,AGR-7426188,CUST-202145,"Schmidt, C.",132259,TRK804361
SZ60 JWV,YTCB030CDE92S0744,BMW,1 Series,hatch,2024,EU,FRA,Frankfurt am Main,on_rent,AGR-8976182,CUST-932234,"Jansen, F.",75739,TRK804362
VD46 MVM,ZLK5YPDL6UBZR1865,Mercedes-Benz,A-Class,hatch,2023,EU,MAD,Madrid Barajas,on_rent,AGR-2775796,CUST-193891,"Rossi, F.",80392,TRK804363
FQ10 IML,ZYRN97XDH7F7V6135,Fiat,500e,hatch,2023,EU,MXP,Milan Malpensa,on_rent,AGR-1916026,CUST-553925,"Kowalski, W.",77092,TRK804364
YP77 RSL,GBA4KSDSPMP2W2381,Seat,Leon,hatch,2023,EU,AMS,Amsterdam Schiphol,in_service,,,,84514,TRK804365
JI37 RLJ,YZGFGK9DPUPTA5568,Ford,Puma,suv,2023,EU,MUC,Munich Franz Josef Strauss,on_rent,AGR-4553811,CUST-387584,"Muller, B.",48317,TRK804366
KX91 QCB,SBN8VLBHG10YY9321,Citroen,C3,hatch,2024,EU,LIS,Lisbon Humberto Delgado,on_rent,AGR-2712013,CUST-264569,"Dubois, M.",18185,TRK804367
JME6E63,SXYHHFN07BU641436,Fiat,Cronos,sedan,2022,BR,GRU,Sao Paulo Guarulhos,available,,,,138854,TRK804368
OSG2Q75,CYGRC2R0EUJET6735,Fiat,Argo,hatch,2024,BR,CGH,Sao Paulo Congonhas,in_service,,,,96195,TRK804369
BZS8L44,RVKUZU0GNTVBB2341,Fiat,Mobi,hatch,2023,BR,GIG,Rio Galeao,available,,,,86030,TRK804370
JQA0D80,CLD0BDSR6LG238020,Volkswagen,Polo,hatch,2024,BR,CNF,Belo Horizonte Confins,available,,,,33801,TRK804371
SOL3R27,SLU9YT09BJ1PE2749,Volkswagen,T-Cross,suv,2022,BR,CWB,Curitiba Afonso Pena,on_rent,AGR-6468963,CUST-293938,"Almeida, K.",126268,TRK804372
MXL1Z88,EACTFDFPSCGMZ1260,Chevrolet,Onix,hatch,2023,BR,BSB,Brasilia Internacional,available,,,,48412,TRK804373
BKC1T04,XKT8LX1HHA4W18951,Chevrolet,Tracker,suv,2025,BR,POA,Porto Alegre Salgado Filho,on_rent,AGR-6664668,CUST-221067,"Almeida, J.",114120,TRK804374
YBD4U41,FYEJJ5KBMP5NE8288,Hyundai,HB20,hatch,2024,BR,SSA,Salvador Deputado Magalhaes,on_rent,AGR-7154041,CUST-614562,"Santos, G.",66066,TRK804375
BLT-6010,NTWE6KR3HUHUJ1292,Hyundai,Elantra,sedan,2024,NA,DFW,Dallas Fort Worth,on_rent,AGR-7517241,CUST-182967,"Davis, S.",136304,TRK804376
AJU-3518,JWRV4J75W3YB50087,Jeep,Grand Cherokee,suv,2023,NA,ATL,Atlanta Hartsfield,on_rent,AGR-2756258,CUST-143265,"Martinez, W.",56924,TRK804377
UFC-8357,DHSYJGD30N8299809,Kia,Telluride,suv,2023,NA,ORD,Chicago O'Hare,in_service,,,,105435,TRK804378
SEC-9697,SHE5C8UX7PFNP2278,Tesla,Model 3,sedan,2025,NA,LAX,Los Angeles International,on_rent,AGR-2862681,CUST-299819,"Anderson, P.",124620,TRK804379
CRK-3964,JEUBT9ZC3NEY73034,Toyota,Camry,sedan,2024,NA,MCO,Orlando International,on_rent,AGR-4617981,CUST-852100,"Jones, C.",139564,TRK804380
UHS-2795,WAU5VN2C5T2HZ8597,Toyota,RAV4,suv,2024,NA,DEN,Denver International,on_rent,AGR-5994760,CUST-856535,"Davis, N.",138264,TRK804381
CQR-7173,XCPBSHAP1XBP39143,Chevrolet,Malibu,sedan,2025,NA,PHX,Phoenix Sky Harbor,on_rent,AGR-5412805,CUST-962030,"Wilson, T.",139561,TRK804382
XCY-8187,RASJ5W80W27930971,Chevrolet,Equinox,suv,2022,NA,YYZ,Toronto Pearson,available,,,,128228,TRK804383
IO17 HGL,AAFYZS8GVCHSE8357,Skoda,Octavia,sedan,2022,EU,LHR,London Heathrow,on_rent,AGR-4236450,CUST-734381,"Kowalski, G.",106253,TRK804384
IC39 AMT,NNNPAHTN6290A2311,Opel,Corsa,hatch,2022,EU,CDG,Paris Charles de Gaulle,available,,,,51962,TRK804385
WK13 HVX,FYKJTWATZWV936264,BMW,1 Series,hatch,2025,EU,FRA,Frankfurt am Main,on_rent,AGR-8899455,CUST-498428,"Rossi, S.",87152,TRK804386
NQ48 ERQ,AFYPXA5ES98HN9832,Mercedes-Benz,A-Class,hatch,2022,EU,MAD,Madrid Barajas,available,,,,131965,TRK804387
OR54 GGG,JGR0K2D241HDS9580,Fiat,500e,hatch,2023,EU,MXP,Milan Malpensa,available,,,,78642,TRK804388
UA87 NOW,XSNFUCS9M5RT10042,Seat,Leon,hatch,2024,EU,AMS,Amsterdam Schiphol,on_rent,AGR-5248926,CUST-282051,"Schmidt, F.",31293,TRK804389
OM89 LFS,AAV36FJDGVRXR8138,Ford,Puma,suv,2023,EU,MUC,Munich Franz Josef Strauss,on_rent,AGR-9491722,CUST-590144,"Garcia, J.",126478,TRK804390
HN31 ZER,VBDJLKXGDATA42659,Citroen,C3,hatch,2025,EU,LIS,Lisbon Humberto Delgado,on_rent,AGR-1347523,CUST-646666,"Bianchi, H.",131917,TRK804391
IGY3E67,JEFA4TA60K4093561,Fiat,Cronos,sedan,2025,BR,GRU,Sao Paulo Guarulhos,on_rent,AGR-2353965,CUST-332710,"Carvalho, M.",116660,TRK804392
YXB5G70,EXW3FBVGUATVD3148,Fiat,Argo,hatch,2025,BR,CGH,Sao Paulo Congonhas,on_rent,AGR-5038976,CUST-557108,"Pereira, E.",76946,TRK804393
DBA2B73,JFMHZW91MYBJX0340,Fiat,Mobi,hatch,2024,BR,GIG,Rio Galeao,on_rent,AGR-3169109,CUST-611502,"Costa, W.",48581,TRK804394
RUB9C85,SPGMPMZGYTXJ74809,Volkswagen,Polo,hatch,2023,BR,CNF,Belo Horizonte Confins,available,,,,112542,TRK804395
POZ0F75,TXX6ZN0EDSGV08166,Volkswagen,T-Cross,suv,2022,BR,CWB,Curitiba Afonso Pena,on_rent,AGR-9056139,CUST-220166,"Pereira, B.",15329,TRK804396
BCY8U23,UJS586XJ9KH916054,Chevrolet,Onix,hatch,2024,BR,BSB,Brasilia Internacional,on_rent,AGR-1263420,CUST-247006,"Souza, S.",18762,TRK804397
LCQ3Y63,TWCUMP5UHGEHV4450,Chevrolet,Tracker,suv,2024,BR,POA,Porto Alegre Salgado Filho,available,,,,55104,TRK804398
JJF7P30,HFME91CWBHK7H6955,Hyundai,HB20,hatch,2024,BR,SSA,Salvador Deputado Magalhaes,available,,,,99243,TRK804399
ERS-5184,HTZ83E98GCJFM8352,Hyundai,Elantra,sedan,2022,NA,DFW,Dallas Fort Worth,on_rent,AGR-8147586,CUST-442600,"Williams, E.",67139,TRK804400
IMA-1635,KBKNZTKW05X2F7191,Jeep,Grand Cherokee,suv,2023,NA,ATL,Atlanta Hartsfield,on_rent,AGR-1147537,CUST-220962,"Taylor, L.",124658,TRK804401
ZMY-2954,CRM4REE0XDJ985691,Kia,Telluride,suv,2023,NA,ORD,Chicago O'Hare,on_rent,AGR-8296755,CUST-367271,"Williams, A.",75821,TRK804402
XQG-7782,HAB1M5ZSZ1LTS9257,Tesla,Model 3,sedan,2024,NA,LAX,Los Angeles International,on_rent,AGR-3384853,CUST-852191,"Johnson, C.",118310,TRK804403
OMX-5203,AXC4UD29CGP4F5099,Toyota,Camry,sedan,2023,NA,MCO,Orlando International,on_rent,AGR-2922962,CUST-186596,"Garcia, A.",80170,TRK804404
DBY-8963,AEHXLGKCVMAU61791,Toyota,RAV4,suv,2025,NA,DEN,Denver International,on_rent,AGR-2310347,CUST-100784,"Brown, W.",110283,TRK804405
SQF-5063,XBH279MBRGJTH1825,Chevrolet,Malibu,sedan,2024,NA,PHX,Phoenix Sky Harbor,on_rent,AGR-7013816,CUST-571729,"Davis, W.",136721,TRK804406
WPB-5976,EELV4P2A7A6T80103,Chevrolet,Equinox,suv,2025,NA,YYZ,Toronto Pearson,on_rent,AGR-2416362,CUST-541803,"Wilson, N.",51861,TRK804407
LM23 TKG,ZCSBER5HTME913835,Skoda,Octavia,sedan,2024,EU,LHR,London Heathrow,in_service,,,,134058,TRK804408
QC88 NGQ,THA2CLWPYP8VT3635,Opel,Corsa,hatch,2025,EU,CDG,Paris Charles de Gaulle,on_rent,AGR-5771517,CUST-683170,"Andersson, R.",25121,TRK804409
XE73 DCV,YGACY5LKE67MZ9312,BMW,1 Series,hatch,2022,EU,FRA,Frankfurt am Main,on_rent,AGR-9219865,CUST-408156,"Dubois, C.",47804,TRK804410
DH66 MAF,FDFH1NRKUJCDF8286,Mercedes-Benz,A-Class,hatch,2023,EU,MAD,Madrid Barajas,on_rent,AGR-7191522,CUST-795169,"Jansen, G.",12115,TRK804411
ZW48 ULD,UNMSDP83JT8EC0528,Fiat,500e,hatch,2024,EU,MXP,Milan Malpensa,in_service,,,,121995,TRK804412
PK91 UOT,EYTU8DKMPWPK68648,Seat,Leon,hatch,2024,EU,AMS,Amsterdam Schiphol,on_rent,AGR-7010219,CUST-549451,"Schmidt, D.",65837,TRK804413
DU91 ZZR,HMM70D99YN8BA4788,Ford,Puma,suv,2022,EU,MUC,Munich Franz Josef Strauss,on_rent,AGR-5473188,CUST-541668,"Garcia, C.",121108,TRK804414
DP65 BFD,RBN30ZXJAMK6Z5882,Citroen,C3,hatch,2023,EU,LIS,Lisbon Humberto Delgado,available,,,,74990,TRK804415
BMD2L23,KXCWJL3JEG4GB9314,Fiat,Cronos,sedan,2022,BR,GRU,Sao Paulo Guarulhos,on_rent,AGR-8157003,CUST-594667,"Carvalho, H.",28994,TRK804416
NCN9V03,UKPW4AZGHS50U0574,Fiat,Argo,hatch,2023,BR,CGH,Sao Paulo Congonhas,on_rent,AGR-3290920,CUST-524904,"Oliveira, B.",57309,TRK804417
NRJ7G98,RAYN6YC6EBFT08252,Fiat,Mobi,hatch,2023,BR,GIG,Rio Galeao,available,,,,12064,TRK804418
RPJ1M57,TUNC7B4Z924TF9345,Volkswagen,Polo,hatch,2025,BR,CNF,Belo Horizonte Confins,available,,,,12320,TRK804419
VZY6H89,XSV2N9RVY27VC1918,Volkswagen,T-Cross,suv,2025,BR,CWB,Curitiba Afonso Pena,on_rent,AGR-5210306,CUST-558448,"Araujo, E.",50533,TRK804420
QGT6I49,HMZJY1EED402J3694,Chevrolet,Onix,hatch,2024,BR,BSB,Brasilia Internacional,available,,,,43946,TRK804421
NOA1Y92,ZVPSRHNBNUYCE1087,Chevrolet,Tracker,suv,2022,BR,POA,Porto Alegre Salgado Filho,in_service,,,,90547,TRK804422
WKV9Z73,SYNBP8925ETBX2589,Hyundai,HB20,hatch,2022,BR,SSA,Salvador Deputado Magalhaes,available,,,,56098,TRK804423
SUA-3347,JTG0BDEDLFR8L3888,Hyundai,Elantra,sedan,2023,NA,DFW,Dallas Fort Worth,on_rent,AGR-3125291,CUST-392918,"Taylor, K.",69278,TRK804424
DNV-2171,HZPSG53DS02F76007,Jeep,Grand Cherokee,suv,2023,NA,ATL,Atlanta Hartsfield,on_rent,AGR-9670226,CUST-869075,"Anderson, K.",79560,TRK804425
ILD-8294,NWUGZNY3X2YMX9768,Kia,Telluride,suv,2023,NA,ORD,Chicago O'Hare,available,,,,43332,TRK804426
PMA-9938,XLBBREUSDCJTZ8222,Tesla,Model 3,sedan,2025,NA,LAX,Los Angeles International,in_service,,,,37309,TRK804427
LEG-6803,NLJYNWHZJFRXC8460,Toyota,Camry,sedan,2023,NA,MCO,Orlando International,available,,,,71324,TRK804428
SEL-8545,RHK50HSPH8KVE0883,Toyota,RAV4,suv,2023,NA,DEN,Denver International,on_rent,AGR-2844827,CUST-785162,"Davis, J.",106132,TRK804429
GSZ-9033,TSMMRC0K6SH411704,Chevrolet,Malibu,sedan,2025,NA,PHX,Phoenix Sky Harbor,on_rent,AGR-5720854,CUST-660815,"Jones, K.",22296,TRK804430
HBX-3428,DWDHTMTRVKW7V9661,Chevrolet,Equinox,suv,2024,NA,YYZ,Toronto Pearson,available,,,,111539,TRK804431
GE53 SOG,PPTXNMNRX72AV3694,Skoda,Octavia,sedan,2023,EU,LHR,London Heathrow,on_rent,AGR-5363556,CUST-629565,"Schmidt, B.",23662,TRK804432
JU38 ILO,YRJSEZ66D19LL4149,Opel,Corsa,hatch,2024,EU,CDG,Paris Charles de Gaulle,available,,,,35922,TRK804433
RD78 FAV,GVRFLG12LGCNA7968,BMW,1 Series,hatch,2025,EU,FRA,Frankfurt am Main,on_rent,AGR-3442936,CUST-722756,"Bianchi, N.",104784,TRK804434
DN41 ASW,AUGXZKC98CMH82406,Mercedes-Benz,A-Class,hatch,2022,EU,MAD,Madrid Barajas,in_service,,,,78683,TRK804435
SH77 OXB,FKDU95C1RD5KB0734,Fiat,500e,hatch,2023,EU,MXP,Milan Malpensa,available,,,,114385,TRK804436
OT10 BNR,EEW3JRMCU00ZG6011,Seat,Leon,hatch,2024,EU,AMS,Amsterdam Schiphol,on_rent,AGR-3407404,CUST-884095,"Dubois, C.",29870,TRK804437
QX47 JJA,JZCC6PR26D5BL5396,Ford,Puma,suv,2022,EU,MUC,Munich Franz Josef Strauss,on_rent,AGR-2397067,CUST-140588,"Garcia, K.",121628,TRK804438
CM12 QPT,VVZSZ0EAKNAR91139,Citroen,C3,hatch,2023,EU,LIS,Lisbon Humberto Delgado,on_rent,AGR-6002011,CUST-759798,"Rossi, H.",65572,TRK804439
BIG5V96,XERE6PT53JL8F6652,Fiat,Cronos,sedan,2023,BR,GRU,Sao Paulo Guarulhos,on_rent,AGR-7566355,CUST-604850,"Rodrigues, T.",46179,TRK804440
OZE0S83,WKJG0J88R5S651026,Fiat,Argo,hatch,2023,BR,CGH,Sao Paulo Congonhas,on_rent,AGR-8582246,CUST-512685,"Nascimento, F.",102642,TRK804441
DAR9F66,GENF81PLLN6Y68037,Fiat,Mobi,hatch,2024,BR,GIG,Rio Galeao,on_rent,AGR-4153049,CUST-727029,"Pereira, L.",116342,TRK804442
FMS5L85,GEUKPX9ER1FPH9461,Volkswagen,Polo,hatch,2022,BR,CNF,Belo Horizonte Confins,available,,,,88127,TRK804443
VGN8K41,NDKA2LEFJ3SZD9531,Volkswagen,T-Cross,suv,2023,BR,CWB,Curitiba Afonso Pena,available,,,,103168,TRK804444
LVZ5L01,XAGCC19YEGUNL7290,Chevrolet,Onix,hatch,2022,BR,BSB,Brasilia Internacional,on_rent,AGR-3180078,CUST-822502,"Costa, J.",100435,TRK804445
HIH1J27,WMP7PZYCGL9U92985,Chevrolet,Tracker,suv,2025,BR,POA,Porto Alegre Salgado Filho,available,,,,34527,TRK804446
LJQ7N19,NJXKWUVJVNRY86710,Hyundai,HB20,hatch,2024,BR,SSA,Salvador Deputado Magalhaes,on_rent,AGR-8259742,CUST-666294,"Nascimento, B.",114405,TRK804447
XVO-4339,SUDK3C3C4YWGJ4657,Hyundai,Elantra,sedan,2024,NA,DFW,Dallas Fort Worth,in_service,,,,112551,TRK804448
LXM-5988,PDK2HST0JMP7G8284,Jeep,Grand Cherokee,suv,2022,NA,ATL,Atlanta Hartsfield,on_rent,AGR-7114893,CUST-399091,"Wilson, P.",98306,TRK804449
REM-9812,VZMNCB9S5EY4F4907,Kia,Telluride,suv,2023,NA,ORD,Chicago O'Hare,on_rent,AGR-7991109,CUST-307869,"Martinez, M.",133479,TRK804450
PBZ-8890,KWLCM56LNBK2U9711,Tesla,Model 3,sedan,2024,NA,LAX,Los Angeles International,on_rent,AGR-4323904,CUST-766602,"Johnson, C.",44402,TRK804451
QUD-6770,RJJHE4C33M7EK4395,Toyota,Camry,sedan,2024,NA,MCO,Orlando International,on_rent,AGR-4668854,CUST-656768,"Jones, E.",70368,TRK804452
ACC-8596,CGMHTZU5G0RKP0739,Toyota,RAV4,suv,2023,NA,DEN,Denver International,in_service,,,,45085,TRK804453
VGK-6989,UPEMPBATBS5RG7909,Chevrolet,Malibu,sedan,2024,NA,PHX,Phoenix Sky Harbor,on_rent,AGR-6657363,CUST-743453,"Miller, G.",64525,TRK804454
BMP-3530,UHG4LM69FKH8U4053,Chevrolet,Equinox,suv,2022,NA,YYZ,Toronto Pearson,on_rent,AGR-1557346,CUST-683513,"Williams, T.",21481,TRK804455
KA91 JAW,RGY56RD7GW6P87069,Skoda,Octavia,sedan,2024,EU,LHR,London Heathrow,available,,,,11175,TRK804456
GU79 KOR,YAF35B6BKREZL8762,Opel,Corsa,hatch,2024,EU,CDG,Paris Charles de Gaulle,on_rent,AGR-4495463,CUST-559110,"Silva, F.",133088,TRK804457
NE90 WYC,CDLUYKD2MMZZ41406,BMW,1 Series,hatch,2023,EU,FRA,Frankfurt am Main,on_rent,AGR-8030203,CUST-329189,"Andersson, L.",124538,TRK804458
JY10 HNJ,BNFJV0AST70D44229,Mercedes-Benz,A-Class,hatch,2024,EU,MAD,Madrid Barajas,on_rent,AGR-5259015,CUST-693319,"Bianchi, N.",109115,TRK804459
FL78 GMU,THDJDA4YC0MNZ7842,Fiat,500e,hatch,2024,EU,MXP,Milan Malpensa,available,,,,36086,TRK804460
WP37 GEG,MCDNTCGGYHVR54111,Seat,Leon,hatch,2022,EU,AMS,Amsterdam Schiphol,on_rent,AGR-3506770,CUST-836488,"Muller, W.",28065,TRK804461
XJ77 RWH,SMZ5LVUXWWHJ78151,Ford,Puma,suv,2023,EU,MUC,Munich Franz Josef Strauss,available,,,,70290,TRK804462
BI72 JOD,YEKCHJNA55NDL7921,Citroen,C3,hatch,2025,EU,LIS,Lisbon Humberto Delgado,available,,,,62111,TRK804463
YQJ4Y33,ECMCKMEGNAKSD0236,Fiat,Cronos,sedan,2023,BR,GRU,Sao Paulo Guarulhos,on_rent,AGR-6452936,CUST-504559,"Carvalho, C.",86494,TRK804464
NMD5Z75,BMEGJNU9ZEXF06223,Fiat,Argo,hatch,2023,BR,CGH,Sao Paulo Congonhas,available,,,,112989,TRK804465
ISP0M30,KNXC7801PB5XD1194,Fiat,Mobi,hatch,2023,BR,GIG,Rio Galeao,in_service,,,,15066,TRK804466
WSX6U77,FVM8ZUTMN1WDX5628,Volkswagen,Polo,hatch,2023,BR,CNF,Belo Horizonte Confins,available,,,,97647,TRK804467
AIK6X55,XMGF5559APE829176,Volkswagen,T-Cross,suv,2022,BR,CWB,Curitiba Afonso Pena,available,,,,132676,TRK804468
STS0I47,CEC07H5UW1ZLP5690,Chevrolet,Onix,hatch,2025,BR,BSB,Brasilia Internacional,on_rent,AGR-1236871,CUST-590023,"Nascimento, A.",99616,TRK804469
UAH9V96,NHP71HEH4RUYM5861,Chevrolet,Tracker,suv,2023,BR,POA,Porto Alegre Salgado Filho,on_rent,AGR-8173584,CUST-338237,"Carvalho, G.",102714,TRK804470
FMX7B46,CWECHXRDBDN1T4653,Hyundai,HB20,hatch,2023,BR,SSA,Salvador Deputado Magalhaes,on_rent,AGR-9687885,CUST-115570,"Almeida, M.",130919,TRK804471
WHH-4861,UCNZ3FMLX3D527820,Hyundai,Elantra,sedan,2023,NA,DFW,Dallas Fort Worth,in_service,,,,36750,TRK804472
KPR-3230,AES0UEEWZVPWY2355,Jeep,Grand Cherokee,suv,2023,NA,ATL,Atlanta Hartsfield,on_rent,AGR-7011723,CUST-208257,"Taylor, L.",46419,TRK804473
YPZ-1329,NGBFR1JU571857302,Kia,Telluride,suv,2025,NA,ORD,Chicago O'Hare,on_rent,AGR-6189138,CUST-645852,"Jones, S.",89580,TRK804474
KDF-4494,AHHLAL45KLL0F3213,Tesla,Model 3,sedan,2024,NA,LAX,Los Angeles International,available,,,,45141,TRK804475
JDR-6381,USCLV057D7F387649,Toyota,Camry,sedan,2024,NA,MCO,Orlando International,on_rent,AGR-3209375,CUST-252392,"Brown, H.",40334,TRK804476
ZJN-7458,WLSPD1KZ23H7J6617,Toyota,RAV4,suv,2025,NA,DEN,Denver International,in_service,,,,8687,TRK804477
MZB-4946,MDUMBYXP3HC7K9180,Chevrolet,Malibu,sedan,2024,NA,PHX,Phoenix Sky Harbor,available,,,,72793,TRK804478
FEB-7361,MGVEVBK8PTBKA7436,Chevrolet,Equinox,suv,2024,NA,YYZ,Toronto Pearson,on_rent,AGR-8684346,CUST-757029,"Jones, S.",93181,TRK804479
YO10 JRZ,LKGP65PX7T8XL2612,Skoda,Octavia,sedan,2025,EU,LHR,London Heathrow,on_rent,AGR-1102440,CUST-386303,"Rossi, M.",133092,TRK804480
NG96 EZM,CWVX05ELH5U8W3075,Opel,Corsa,hatch,2022,EU,CDG,Paris Charles de Gaulle,on_rent,AGR-2755699,CUST-374137,"Silva, W.",16944,TRK804481
LJ53 LVV,BXRNFVRD0L62X9780,BMW,1 Series,hatch,2024,EU,FRA,Frankfurt am Main,on_rent,AGR-1008132,CUST-366571,"Garcia, D.",56418,TRK804482
LO88 HRZ,UXLW6A2DVUCSW0555,Mercedes-Benz,A-Class,hatch,2023,EU,MAD,Madrid Barajas,on_rent,AGR-8481490,CUST-736497,"Andersson, G.",45055,TRK804483
VA64 MMT,TUD1KL6NNDVH00579,Fiat,500e,hatch,2025,EU,MXP,Milan Malpensa,on_rent,AGR-8478358,CUST-517668,"Schmidt, M.",93494,TRK804484
YX24 EBS,USPH5BLJ7N5NS8452,Seat,Leon,hatch,2022,EU,AMS,Amsterdam Schiphol,on_rent,AGR-2792366,CUST-401582,"Rossi, K.",117067,TRK804485
QN80 MGG,BHRBA480FABCY1113,Ford,Puma,suv,2023,EU,MUC,Munich Franz Josef Strauss,on_rent,AGR-3469041,CUST-991830,"Silva, R.",118360,TRK804486
EV69 VHS,VLMZNH58426U66779,Citroen,C3,hatch,2024,EU,LIS,Lisbon Humberto Delgado,on_rent,AGR-9387090,CUST-864311,"Andersson, J.",17703,TRK804487
NRS9Q67,UKRMHF97ZU1GC2517,Fiat,Cronos,sedan,2023,BR,GRU,Sao Paulo Guarulhos,available,,,,30418,TRK804488
QAK4V31,MZCM377CAX9BN1338,Fiat,Argo,hatch,2023,BR,CGH,Sao Paulo Congonhas,on_rent,AGR-6925354,CUST-190359,"Rodrigues, F.",54746,TRK804489
ROZ1L83,DPDY4KEX2LBD05219,Fiat,Mobi,hatch,2024,BR,GIG,Rio Galeao,on_rent,AGR-4350099,CUST-506684,"Oliveira, P.",24586,TRK804490
TZB4U67,KLTXNL99NR52X9539,Volkswagen,Polo,hatch,2024,BR,CNF,Belo Horizonte Confins,on_rent,AGR-3292156,CUST-424677,"Costa, T.",114568,TRK804491
RVE2B13,GRBAXVLU73BUM7306,Volkswagen,T-Cross,suv,2023,BR,CWB,Curitiba Afonso Pena,on_rent,AGR-1547262,CUST-399892,"Almeida, F.",90207,TRK804492
POS1S76,KCHMS3ZSWNDUB2035,Chevrolet,Onix,hatch,2022,BR,BSB,Brasilia Internacional,available,,,,55162,TRK804493
OSD7G39,YSN8FLKCH3M6R8857,Chevrolet,Tracker,suv,2023,BR,POA,Porto Alegre Salgado Filho,on_rent,AGR-4554891,CUST-414826,"Carvalho, S.",107877,TRK804494
MEV6V48,CPUTJC21NG8ED3304,Hyundai,HB20,hatch,2024,BR,SSA,Salvador Deputado Magalhaes,on_rent,AGR-8384388,CUST-469694,"Souza, R.",61900,TRK804495
POG-1103,MFF4UG8VWMREL4492,Hyundai,Elantra,sedan,2024,NA,DFW,Dallas Fort Worth,on_rent,AGR-7695741,CUST-375998,"Smith, J.",72592,TRK804496
LOI-5313,VEA8S6JG6P42E7152,Jeep,Grand Cherokee,suv,2025,NA,ATL,Atlanta Hartsfield,available,,,,19176,TRK804497
BVI-7846,YFJFBYZYXC7BW2191,Kia,Telluride,suv,2025,NA,ORD,Chicago O'Hare,available,,,,37730,TRK804498
HVY-8502,USUU6M2168LS52658,Tesla,Model 3,sedan,2024,NA,LAX,Los Angeles International,on_rent,AGR-3119548,CUST-738150,"Garcia, L.",60468,TRK804499
NOH-8369,DWRPJPSYVY1FA0920,Toyota,Camry,sedan,2025,NA,MCO,Orlando International,on_rent,AGR-3219966,CUST-147025,"Taylor, R.",39382,TRK804500
ZIW-8954,YWSCU0ZBMR01S2595,Toyota,RAV4,suv,2022,NA,DEN,Denver International,on_rent,AGR-2118587,CUST-135253,"Jones, N.",84817,TRK804501
LAK-6012,DNDSZK51ECX254419,Chevrolet,Malibu,sedan,2022,NA,PHX,Phoenix Sky Harbor,available,,,,61408,TRK804502
FOK-3385,GRS277WZSLZX91230,Chevrolet,Equinox,suv,2023,NA,YYZ,Toronto Pearson,on_rent,AGR-1498756,CUST-488007,"Anderson, S.",134524,TRK804503
TB50 SND,UBTEV0GTMEZWE6761,Skoda,Octavia,sedan,2023,EU,LHR,London Heathrow,in_service,,,,67293,TRK804504
GQ37 JWO,WUG31LTK03BY87278,Opel,Corsa,hatch,2024,EU,CDG,Paris Charles de Gaulle,on_rent,AGR-1840812,CUST-193608,"Bianchi, F.",58336,TRK804505
HI55 BGQ,JFLWUNAR1W7EA8921,BMW,1 Series,hatch,2024,EU,FRA,Frankfurt am Main,available,,,,62694,TRK804506
NB45 KBT,PYJSUDUSN6UDZ1799,Mercedes-Benz,A-Class,hatch,2024,EU,MAD,Madrid Barajas,on_rent,AGR-9003559,CUST-338106,"Schmidt, A.",72451,TRK804507
NN29 MTQ,WPRBASL1HLTRR2386,Fiat,500e,hatch,2023,EU,MXP,Milan Malpensa,on_rent,AGR-2485648,CUST-287343,"Dubois, G.",47314,TRK804508
YQ94 HZN,UKXCV8A74SGFL0474,Seat,Leon,hatch,2023,EU,AMS,Amsterdam Schiphol,on_rent,AGR-5335222,CUST-901520,"Dubois, J.",84597,TRK804509
YY78 BLI,WEAU9L87H733G3886,Ford,Puma,suv,2025,EU,MUC,Munich Franz Josef Strauss,on_rent,AGR-4601365,CUST-269072,"Silva, S.",138537,TRK804510
OC91 WLJ,UCVDLTA0Z44G95446,Citroen,C3,hatch,2022,EU,LIS,Lisbon Humberto Delgado,on_rent,AGR-7147857,CUST-316911,"Rossi, J.",65964,TRK804511
LMT2N79,YUS050K1JZA2F0129,Fiat,Cronos,sedan,2023,BR,GRU,Sao Paulo Guarulhos,available,,,,18967,TRK804512
MOK8E98,YGWWZFMSR7J357520,Fiat,Argo,hatch,2024,BR,CGH,Sao Paulo Congonhas,on_rent,AGR-3872267,CUST-458357,"Santos, F.",98503,TRK804513
YWP4B66,GBT555CAJ76JH9939,Fiat,Mobi,hatch,2023,BR,GIG,Rio Galeao,on_rent,AGR-2981877,CUST-563750,"Pereira, L.",93348,TRK804514
YRJ1N21,BPGNR6ZU575VJ2519,Volkswagen,Polo,hatch,2022,BR,CNF,Belo Horizonte Confins,on_rent,AGR-1050631,CUST-710562,"Santos, M.",126685,TRK804515
CWT4M61,ZYNS77M3H0Z0G1269,Volkswagen,T-Cross,suv,2023,BR,CWB,Curitiba Afonso Pena,in_service,,,,108780,TRK804516
FCU1U32,ZGFJD1XCL8H4G1067,Chevrolet,Onix,hatch,2023,BR,BSB,Brasilia Internacional,in_service,,,,108076,TRK804517
BAH1L60,VCADT4BHESU7K1956,Chevrolet,Tracker,suv,2023,BR,POA,Porto Alegre Salgado Filho,on_rent,AGR-1380418,CUST-986598,"Araujo, M.",138510,TRK804518
RUW0D47,YSJG7WU45TPJ07360,Hyundai,HB20,hatch,2024,BR,SSA,Salvador Deputado Magalhaes,on_rent,AGR-7369385,CUST-171544,"Pereira, K.",9662,TRK804519
YCO-7054,DSMBJ2W349WU09477,Hyundai,Elantra,sedan,2025,NA,DFW,Dallas Fort Worth,available,,,,64272,TRK804520
XEL-1326,YKJS1MHK8UAP38919,Jeep,Grand Cherokee,suv,2023,NA,ATL,Atlanta Hartsfield,on_rent,AGR-9292683,CUST-558853,"Martinez, F.",20878,TRK804521
UAE-2803,HWL33KVRM90CJ7337,Kia,Telluride,suv,2025,NA,ORD,Chicago O'Hare,available,,,,136293,TRK804522
BYH-1426,DZU2CWU6ZV7JS6760,Tesla,Model 3,sedan,2023,NA,LAX,Los Angeles International,available,,,,113901,TRK804523
ZCC-5851,TXDG7BR0EX8YP6721,Toyota,Camry,sedan,2025,NA,MCO,Orlando International,on_rent,AGR-1299672,CUST-904459,"Martinez, H.",39536,TRK804524
ITO-2856,RDZ2TGM5C0KXX0190,Toyota,RAV4,suv,2024,NA,DEN,Denver International,on_rent,AGR-8319224,CUST-537626,"Williams, L.",95203,TRK804525
LGL-6651,ELLVN1FS9RH062547,Chevrolet,Malibu,sedan,2023,NA,PHX,Phoenix Sky Harbor,available,,,,101553,TRK804526
CBS-2936,LSD2D22037Z3X6253,Chevrolet,Equinox,suv,2023,NA,YYZ,Toronto Pearson,on_rent,AGR-3383829,CUST-444962,"Smith, T.",134773,TRK804527
SA70 OMB,FTM1PPNZ25ZR82832,Skoda,Octavia,sedan,2023,EU,LHR,London Heathrow,on_rent,AGR-3241503,CUST-719434,"Bianchi, K.",78114,TRK804528
VY97 CLI,AMS8CXKND4B0Z0359,Opel,Corsa,hatch,2025,EU,CDG,Paris Charles de Gaulle,in_service,,,,40387,TRK804529
QV87 YGC,SSY4FVJ73SFKA2691,BMW,1 Series,hatch,2025,EU,FRA,Frankfurt am Main,available,,,,62664,TRK804530
CN16 ZBG,AJTXHC7ZEX1SW2096,Mercedes-Benz,A-Class,hatch,2023,EU,MAD,Madrid Barajas,on_rent,AGR-6613530,CUST-364335,"Schmidt, W.",21377,TRK804531
UQ14 FSS,TAJ8KPRA7BVR94689,Fiat,500e,hatch,2023,EU,MXP,Milan Malpensa,on_rent,AGR-6014223,CUST-986756,"Muller, J.",48949,TRK804532
FV71 QSK,NSMEL76836U013354,Seat,Leon,hatch,2023,EU,AMS,Amsterdam Schiphol,in_service,,,,45600,TRK804533
US92 AHK,BMVVFZG1CB5T81852,Ford,Puma,suv,2023,EU,MUC,Munich Franz Josef Strauss,available,,,,83840,TRK804534
GA28 IFG,VZC1AXHX60GZP6694,Citroen,C3,hatch,2022,EU,LIS,Lisbon Humberto Delgado,on_rent,AGR-7766985,CUST-925136,"Schmidt, K.",35132,TRK804535
NXF2A33,MEJND9KHK72ZS5294,Fiat,Cronos,sedan,2024,BR,GRU,Sao Paulo Guarulhos,on_rent,AGR-6857817,CUST-568735,"Lima, H.",86525,TRK804536
MDC8I56,DAS3PKBE0DVHE2902,Fiat,Argo,hatch,2024,BR,CGH,Sao Paulo Congonhas,on_rent,AGR-6728010,CUST-911401,"Souza, D.",54035,TRK804537
PJE7A81,NLL63SLJY5NFM2462,Fiat,Mobi,hatch,2024,BR,GIG,Rio Galeao,available,,,,20164,TRK804538
ITV9E38,PKR4869DFUUB21451,Volkswagen,Polo,hatch,2024,BR,CNF,Belo Horizonte Confins,on_rent,AGR-3090450,CUST-656517,"Silva, D.",52309,TRK804539
OIQ2C67,THBJE7WU90UR62746,Volkswagen,T-Cross,suv,2024,BR,CWB,Curitiba Afonso Pena,on_rent,AGR-2772564,CUST-930206,"Santos, G.",23488,TRK804540
JYX9K04,GXSPGVUM16HJN2929,Chevrolet,Onix,hatch,2022,BR,BSB,Brasilia Internacional,available,,,,96094,TRK804541
RXP8Y51,YEE3U7K4D5UKB2692,Chevrolet,Tracker,suv,2022,BR,POA,Porto Alegre Salgado Filho,in_service,,,,18019,TRK804542
IYY0P77,PHTLFFCDJ6VP14677,Hyundai,HB20,hatch,2023,BR,SSA,Salvador Deputado Magalhaes,on_rent,AGR-6846768,CUST-973942,"Rodrigues, D.",123830,TRK804543
YDW-5950,PWE8GJ06SXG7B2213,Hyundai,Elantra,sedan,2023,NA,DFW,Dallas Fort Worth,on_rent,AGR-8307726,CUST-393220,"Smith, H.",45541,TRK804544
KOG-9927,RKE7XP32NTTSY2168,Jeep,Grand Cherokee,suv,2025,NA,ATL,Atlanta Hartsfield,on_rent,AGR-6214386,CUST-726283,"Martinez, A.",73151,TRK804545
YCZ-3084,CFHZV0ZW0CJJD7765,Kia,Telluride,suv,2022,NA,ORD,Chicago O'Hare,on_rent,AGR-3000764,CUST-905509,"Wilson, N.",19305,TRK804546
XHB-4489,HNC6KXJMMMG2Z4576,Tesla,Model 3,sedan,2025,NA,LAX,Los Angeles International,available,,,,8113,TRK804547
MBP-4298,KJH7955MRUZEL9906,Toyota,Camry,sedan,2022,NA,MCO,Orlando International,on_rent,AGR-2319953,CUST-474550,"Martinez, C.",126077,TRK804548
VJR-3786,YFDKSY1JNGKG28721,Toyota,RAV4,suv,2023,NA,DEN,Denver International,in_service,,,,92284,TRK804549
HCM-3139,YJAVFPS2SNYAZ8290,Chevrolet,Malibu,sedan,2025,NA,PHX,Phoenix Sky Harbor,on_rent,AGR-6727217,CUST-967962,"Wilson, R.",74716,TRK804550
QFO-3835,CFM9YW10E225S2523,Chevrolet,Equinox,suv,2023,NA,YYZ,Toronto Pearson,available,,,,35678,TRK804551
OS91 YJS,KYEJ8ALZV88UL4283,Skoda,Octavia,sedan,2022,EU,LHR,London Heathrow,on_rent,AGR-8327918,CUST-152490,"Silva, K.",125622,TRK804552
EG79 JRH,DGF5T2ZAVPT5D5976,Opel,Corsa,hatch,2022,EU,CDG,Paris Charles de Gaulle,available,,,,12415,TRK804553
LO13 DEV,SATZ4YSG483L74822,BMW,1 Series,hatch,2025,EU,FRA,Frankfurt am Main,on_rent,AGR-1708490,CUST-562371,"Muller, C.",31786,TRK804554
CA11 COQ,SEFWBXFN7XXHW3373,Mercedes-Benz,A-Class,hatch,2024,EU,MAD,Madrid Barajas,available,,,,9922,TRK804555
HY33 GXW,WEHKSF0CZR4GA9729,Fiat,500e,hatch,2022,EU,MXP,Milan Malpensa,available,,,,135296,TRK804556
MA44 LLG,LHAAGDAHBL5WL9782,Seat,Leon,hatch,2024,EU,AMS,Amsterdam Schiphol,on_rent,AGR-6064826,CUST-482958,"Jansen, H.",8231,TRK804557
PU35 DJD,FJW3J8KYJF1VX0864,Ford,Puma,suv,2024,EU,MUC,Munich Franz Josef Strauss,on_rent,AGR-8450528,CUST-230772,"Jansen, M.",134447,TRK804558
VA16 RNC,CZL4TJL81ZCM08585,Citroen,C3,hatch,2024,EU,LIS,Lisbon Humberto Delgado,available,,,,76188,TRK804559
BFC1B77,BVVF88KSCG0236288,Fiat,Cronos,sedan,2022,BR,GRU,Sao Paulo Guarulhos,in_service,,,,121881,TRK804560
WEK2R00,WJY9CYCJAXWTA7879,Fiat,Argo,hatch,2022,BR,CGH,Sao Paulo Congonhas,available,,,,47299,TRK804561
QPD4R59,AHKZG99H6K2D43753,Fiat,Mobi,hatch,2023,BR,GIG,Rio Galeao,on_rent,AGR-7054598,CUST-333059,"Araujo, T.",9468,TRK804562
UHU3O58,PSJWUWBWEN73V1504,Volkswagen,Polo,hatch,2025,BR,CNF,Belo Horizonte Confins,in_service,,,,92806,TRK804563
TAU2Z33,JTN4KUNB7B4Z77126,Volkswagen,T-Cross,suv,2024,BR,CWB,Curitiba Afonso Pena,on_rent,AGR-6625255,CUST-784838,"Rodrigues, G.",81656,TRK804564
HGM5L93,XFNEFVGW85F6T5769,Chevrolet,Onix,hatch,2023,BR,BSB,Brasilia Internacional,in_service,,,,16172,TRK804565
WUE6J47,PBB4MARGUM7JZ9431,Chevrolet,Tracker,suv,2024,BR,POA,Porto Alegre Salgado Filho,on_rent,AGR-6307222,CUST-119958,"Oliveira, G.",121957,TRK804566
QNB2A63,YPA94C6EGPXE66182,Hyundai,HB20,hatch,2022,BR,SSA,Salvador Deputado Magalhaes,on_rent,AGR-8943946,CUST-399091,"Silva, W.",91869,TRK804567
KMI-6158,PNEZT10K0TJNF8841,Hyundai,Elantra,sedan,2024,NA,DFW,Dallas Fort Worth,on_rent,AGR-2060837,CUST-761012,"Johnson, E.",53961,TRK804568
OMO-9408,JWD9T3BBS5DX62498,Jeep,Grand Cherokee,suv,2022,NA,ATL,Atlanta Hartsfield,on_rent,AGR-2454128,CUST-502363,"Anderson, K.",22525,TRK804569
JRG-4698,XFPDE4P4J2TJH8356,Kia,Telluride,suv,2025,NA,ORD,Chicago O'Hare,available,,,,43021,TRK804570
SZP-5435,RRTB891748W0A4757,Tesla,Model 3,sedan,2023,NA,LAX,Los Angeles International,on_rent,AGR-4117237,CUST-579780,"Miller, C.",41312,TRK804571
XWW-1591,GRJDZANL6V9BX4438,Toyota,Camry,sedan,2023,NA,MCO,Orlando International,on_rent,AGR-3243429,CUST-982325,"Miller, D.",106710,TRK804572
IKM-7292,DTF1U01YKZRX32274,Toyota,RAV4,suv,2025,NA,DEN,Denver International,available,,,,121186,TRK804573
OWC-1831,TKMX0K2VJ1TYP6224,Chevrolet,Malibu,sedan,2024,NA,PHX,Phoenix Sky Harbor,on_rent,AGR-8978160,CUST-796567,"Taylor, G.",13002,TRK804574
HXQ-4595,ZUG8GXDWTB8YR6910,Chevrolet,Equinox,suv,2023,NA,YYZ,Toronto Pearson,on_rent,AGR-7492047,CUST-604394,"Davis, R.",26851,TRK804575
US46 JUA,DBR1H0L4VX2048484,Skoda,Octavia,sedan,2023,EU,LHR,London Heathrow,on_rent,AGR-8751630,CUST-665237,"Schmidt, L.",110921,TRK804576
TP21 FAH,BFZFDH0VVYPZX4810,Opel,Corsa,hatch,2022,EU,CDG,Paris Charles de Gaulle,available,,,,44516,TRK804577
RM65 OMV,WGFNG2T8ZD3G55806,BMW,1 Series,hatch,2022,EU,FRA,Frankfurt am Main,available,,,,78513,TRK804578
IS29 CYI,HANRJCLA4LN4Z0895,Mercedes-Benz,A-Class,hatch,2025,EU,MAD,Madrid Barajas,on_rent,AGR-3141385,CUST-695539,"Schmidt, M.",77684,TRK804579
JC68 WQT,ANPZ2AJBHA2FS1558,Fiat,500e,hatch,2024,EU,MXP,Milan Malpensa,in_service,,,,10845,TRK804580
KJ97 RYN,RDFSYAY0JEY6S2737,Seat,Leon,hatch,2023,EU,AMS,Amsterdam Schiphol,on_rent,AGR-5748178,CUST-570941,"Garcia, C.",40594,TRK804581
QN98 EET,NSCRVL2ERYLR19431,Ford,Puma,suv,2023,EU,MUC,Munich Franz Josef Strauss,on_rent,AGR-2526751,CUST-692067,"Kowalski, G.",75571,TRK804582
TT83 GSJ,KZA7AWA0NKL3B3078,Citroen,C3,hatch,2024,EU,LIS,Lisbon Humberto Delgado,on_rent,AGR-2832832,CUST-982879,"Novak, S.",20040,TRK804583
QEV1E73,BPH0X980LR9AF1912,Fiat,Cronos,sedan,2025,BR,GRU,Sao Paulo Guarulhos,available,,,,56581,TRK804584
XBA6L15,DTC51CDBABCVL3314,Fiat,Argo,hatch,2023,BR,CGH,Sao Paulo Congonhas,on_rent,AGR-5982616,CUST-353695,"Santos, G.",134380,TRK804585
BUD0E59,CJY4UGWN5R6ZB7317,Fiat,Mobi,hatch,2025,BR,GIG,Rio Galeao,on_rent,AGR-6361535,CUST-617933,"Souza, E.",117690,TRK804586
KXV3W68,DEZ1LZ0Z1SK332284,Volkswagen,Polo,hatch,2025,BR,CNF,Belo Horizonte Confins,in_service,,,,12735,TRK804587
HVY4K67,ZBJKAMAC9MPNR2611,Volkswagen,T-Cross,suv,2023,BR,CWB,Curitiba Afonso Pena,on_rent,AGR-6178871,CUST-126578,"Rodrigues, L.",73821,TRK804588
TEA2W35,XUF576T31KX1H9262,Chevrolet,Onix,hatch,2024,BR,BSB,Brasilia Internacional,on_rent,AGR-4869026,CUST-540296,"Almeida, K.",19455,TRK804589
MRW8G89,SNLEKKVCRF5Z35326,Chevrolet,Tracker,suv,2023,BR,POA,Porto Alegre Salgado Filho,available,,,,69423,TRK804590
YCM5O93,ERXE57KEUKZWV9335,Hyundai,HB20,hatch,2023,BR,SSA,Salvador Deputado Magalhaes,on_rent,AGR-7995261,CUST-566412,"Souza, M.",76959,TRK804591
HIW-2626,UCN9N2GD20WKE3526,Hyundai,Elantra,sedan,2024,NA,DFW,Dallas Fort Worth,on_rent,AGR-7710991,CUST-210345,"Taylor, F.",55457,TRK804592
SVH-5255,LMNGTXV8FZUS96013,Jeep,Grand Cherokee,suv,2023,NA,ATL,Atlanta Hartsfield,on_rent,AGR-6936551,CUST-779896,"Williams, F.",13999,TRK804593
ULZ-6260,ZUUCS68WSBCEX9776,Kia,Telluride,suv,2024,NA,ORD,Chicago O'Hare,available,,,,132618,TRK804594
MZZ-1188,JYB5DZWJRUBLE4751,Tesla,Model 3,sedan,2022,NA,LAX,Los Angeles International,on_rent,AGR-3167770,CUST-352048,"Brown, P.",58663,TRK804595
LWR-3934,YGSLJYE3WG9JA2766,Toyota,Camry,sedan,2024,NA,MCO,Orlando International,available,,,,119337,TRK804596
WTS-5550,EMDM55G1JE2025732,Toyota,RAV4,suv,2022,NA,DEN,Denver International,on_rent,AGR-9157554,CUST-990718,"Wilson, H.",22693,TRK804597
OQK-5842,TWM9TBB2FN1K10570,Chevrolet,Malibu,sedan,2023,NA,PHX,Phoenix Sky Harbor,on_rent,AGR-3597186,CUST-276204,"Williams, N.",67333,TRK804598
TZX-7216,MDTAFXCVDXP637214,Chevrolet,Equinox,suv,2024,NA,YYZ,Toronto Pearson,on_rent,AGR-4297352,CUST-909582,"Martinez, A.",65716,TRK804599
CH30 LGD,THR1GR9Y2U7D82628,Skoda,Octavia,sedan,2025,EU,LHR,London Heathrow,on_rent,AGR-1660234,CUST-877037,"Novak, A.",48652,TRK804600
GO12 NNG,FWFX70PBR3S424918,Opel,Corsa,hatch,2024,EU,CDG,Paris Charles de Gaulle,on_rent,AGR-3235026,CUST-538540,"Silva, L.",34603,TRK804601
UM61 VEO,SDJXMJDZ5HSTE3827,BMW,1 Series,hatch,2024,EU,FRA,Frankfurt am Main,on_rent,AGR-8146839,CUST-319408,"Muller, M.",87001,TRK804602
KJ21 MYW,JWCLZ2SGY3S0J9754,Mercedes-Benz,A-Class,hatch,2022,EU,MAD,Madrid Barajas,in_service,,,,125447,TRK804603
HB68 THP,NXVXTPM27U5SR9860,Fiat,500e,hatch,2024,EU,MXP,Milan Malpensa,available,,,,64137,TRK804604
AN41 ROW,KSGUJ1GXPZ3UK4018,Seat,Leon,hatch,2022,EU,AMS,Amsterdam Schiphol,available,,,,12478,TRK804605
VH38 ZUO,XBCLYCBT9RK0T2567,Ford,Puma,suv,2023,EU,MUC,Munich Franz Josef Strauss,on_rent,AGR-5834479,CUST-432776,"Rossi, C.",122511,TRK804606
BI37 PXP,XYZ0JWKFXT9SP7960,Citroen,C3,hatch,2025,EU,LIS,Lisbon Humberto Delgado,available,,,,88678,TRK804607
AYX3B95,BATHHHM99H7KE9673,Fiat,Cronos,sedan,2023,BR,GRU,Sao Paulo Guarulhos,on_rent,AGR-5375322,CUST-763843,"Silva, L.",90866,TRK804608
EGU3S32,DUTKUHE7416RZ3925,Fiat,Argo,hatch,2024,BR,CGH,Sao Paulo Congonhas,on_rent,AGR-1497434,CUST-768031,"Araujo, C.",32996,TRK804609
BRU7Y17,JRF7HP3T6XGXR5360,Fiat,Mobi,hatch,2023,BR,GIG,Rio Galeao,on_rent,AGR-4330266,CUST-675648,"Almeida, B.",35657,TRK804610
UMS8Y23,TSTFXPZCX3E6D4961,Volkswagen,Polo,hatch,2023,BR,CNF,Belo Horizonte Confins,on_rent,AGR-3798130,CUST-958943,"Silva, M.",111558,TRK804611
OYP6L89,RAYBHE0199C965072,Volkswagen,T-Cross,suv,2023,BR,CWB,Curitiba Afonso Pena,on_rent,AGR-4241822,CUST-309037,"Almeida, M.",40879,TRK804612
IPD6S54,ZBZD3KBU0XCPF8973,Chevrolet,Onix,hatch,2025,BR,BSB,Brasilia Internacional,on_rent,AGR-5200058,CUST-226382,"Costa, H.",96733,TRK804613
SFP4U31,DANEX26ZL0U180836,Chevrolet,Tracker,suv,2024,BR,POA,Porto Alegre Salgado Filho,available,,,,33466,TRK804614
YWQ1R01,VGRRXSVZRP4N51077,Hyundai,HB20,hatch,2024,BR,SSA,Salvador Deputado Magalhaes,on_rent,AGR-2771345,CUST-810250,"Costa, F.",131357,TRK804615
YPO-5990,UURPS07DUK26R1900,Hyundai,Elantra,sedan,2024,NA,DFW,Dallas Fort Worth,on_rent,AGR-3253784,CUST-489437,"Smith, F.",122150,TRK804616
IOD-8569,LLT3S47P0FZMZ5017,Jeep,Grand Cherokee,suv,2024,NA,ATL,Atlanta Hartsfield,on_rent,AGR-9682852,CUST-374936,"Taylor, H.",109144,TRK804617
YDD-1936,NMNUVNWYNNF0T2430,Kia,Telluride,suv,2025,NA,ORD,Chicago O'Hare,in_service,,,,126777,TRK804618
ZBK-3584,NAJC0U66GDUC42355,Tesla,Model 3,sedan,2023,NA,LAX,Los Angeles International,on_rent,AGR-7646791,CUST-642731,"Brown, H.",128732,TRK804619
VPF-6994,VFJJG9Y0TZTZB2575,Toyota,Camry,sedan,2023,NA,MCO,Orlando International,on_rent,AGR-9325489,CUST-955019,"Brown, C.",56153,TRK804620
GIT-5010,CZV1T5DFTCUN25080,Toyota,RAV4,suv,2023,NA,DEN,Denver International,available,,,,116258,TRK804621
NGO-9395,KHLKZVS9SCKU58167,Chevrolet,Malibu,sedan,2024,NA,PHX,Phoenix Sky Harbor,in_service,,,,48211,TRK804622
VAP-3504,DCP8AXDEFWJ379939,Chevrolet,Equinox,suv,2023,NA,YYZ,Toronto Pearson,on_rent,AGR-8355495,CUST-676657,"Miller, S.",132197,TRK804623
OJ12 MCK,WJR5NWXPCHRWW4649,Skoda,Octavia,sedan,2022,EU,LHR,London Heathrow,on_rent,AGR-2600116,CUST-414978,"Garcia, R.",34160,TRK804624
EH68 SNT,VLVZJ01F0586V5816,Opel,Corsa,hatch,2022,EU,CDG,Paris Charles de Gaulle,on_rent,AGR-3282089,CUST-467250,"Rossi, D.",25691,TRK804625
SO50 LOH,PMBFKEZX3CKVJ1475,BMW,1 Series,hatch,2023,EU,FRA,Frankfurt am Main,on_rent,AGR-5573443,CUST-584761,"Garcia, L.",37763,TRK804626
OV34 OBF,KAMFE6NJSMETJ1612,Mercedes-Benz,A-Class,hatch,2023,EU,MAD,Madrid Barajas,in_service,,,,131052,TRK804627
MK53 NSX,MTVHBKU92YE8Y5441,Fiat,500e,hatch,2024,EU,MXP,Milan Malpensa,on_rent,AGR-3532473,CUST-920779,"Jansen, D.",95768,TRK804628
ZA20 RQG,PAM3PFMWEUTZV2788,Seat,Leon,hatch,2024,EU,AMS,Amsterdam Schiphol,in_service,,,,139060,TRK804629
WN21 CEU,VSWJDAPLKK0KA6518,Ford,Puma,suv,2022,EU,MUC,Munich Franz Josef Strauss,on_rent,AGR-4602707,CUST-406148,"Novak, T.",113304,TRK804630
WG56 DNI,CGCW445ZML7JS3787,Citroen,C3,hatch,2023,EU,LIS,Lisbon Humberto Delgado,on_rent,AGR-2641087,CUST-391250,"Andersson, G.",9547,TRK804631
MFS7K77,URVT5E6MTB6GX5486,Fiat,Cronos,sedan,2024,BR,GRU,Sao Paulo Guarulhos,on_rent,AGR-5919980,CUST-709960,"Nascimento, E.",40973,TRK804632
BRV5U72,PSGPBRTJD5GU23783,Fiat,Argo,hatch,2024,BR,CGH,Sao Paulo Congonhas,available,,,,41448,TRK804633
KSQ0U60,DEGT1PZ5FFFGC2902,Fiat,Mobi,hatch,2023,BR,GIG,Rio Galeao,on_rent,AGR-1705967,CUST-549644,"Silva, T.",84233,TRK804634
ZQF2D82,ZHP5423J7K3XX8860,Volkswagen,Polo,hatch,2024,BR,CNF,Belo Horizonte Confins,available,,,,89469,TRK804635
HNP9D41,ATHB7JD50VMEM7742,Volkswagen,T-Cross,suv,2025,BR,CWB,Curitiba Afonso Pena,on_rent,AGR-8563974,CUST-387251,"Almeida, R.",30641,TRK804636
UOO2D35,VAE3D9T5AK86T5473,Chevrolet,Onix,hatch,2023,BR,BSB,Brasilia Internacional,on_rent,AGR-2118579,CUST-220637,"Costa, F.",83937,TRK804637
EJJ3D31,KRVPM6D5A71318339,Chevrolet,Tracker,suv,2023,BR,POA,Porto Alegre Salgado Filho,on_rent,AGR-1168872,CUST-616949,"Lima, K.",127464,TRK804638
JOQ9J60,MCZVXFNA9M97F5578,Hyundai,HB20,hatch,2022,BR,SSA,Salvador Deputado Magalhaes,on_rent,AGR-4159390,CUST-321693,"Carvalho, B.",103373,TRK804639
YGI-7231,UUADRAA1SPLV40049,Hyundai,Elantra,sedan,2024,NA,DFW,Dallas Fort Worth,on_rent,AGR-8263541,CUST-999993,"Wilson, C.",132424,TRK804640
XTM-9598,XKBLAUG32LNAN1002,Jeep,Grand Cherokee,suv,2025,NA,ATL,Atlanta Hartsfield,available,,,,49502,TRK804641
OER-4495,ZPYHYTMBK0EHY3559,Kia,Telluride,suv,2024,NA,ORD,Chicago O'Hare,on_rent,AGR-6282924,CUST-662209,"Brown, N.",8550,TRK804642
QVW-1584,XVC0LW9K4VWKT4180,Tesla,Model 3,sedan,2025,NA,LAX,Los Angeles International,on_rent,AGR-2823034,CUST-219476,"Wilson, S.",108709,TRK804643
WHI-8880,EAW02ABAJ1P6T4379,Toyota,Camry,sedan,2024,NA,MCO,Orlando International,on_rent,AGR-8650620,CUST-805804,"Miller, K.",29298,TRK804644
UPW-2843,RMPVVY4EH67L84844,Toyota,RAV4,suv,2023,NA,DEN,Denver International,on_rent,AGR-2763502,CUST-265684,"Williams, S.",24179,TRK804645
VFT-6108,KTGDEVWGY9PT74278,Chevrolet,Malibu,sedan,2024,NA,PHX,Phoenix Sky Harbor,on_rent,AGR-2248776,CUST-983375,"Miller, H.",34027,TRK804646
PGB-2676,BKTVSNX2LFNSF2159,Chevrolet,Equinox,suv,2023,NA,YYZ,Toronto Pearson,on_rent,AGR-3266033,CUST-489850,"Johnson, C.",9480,TRK804647
KI14 API,HHDD2CT7Z7NM62925,Skoda,Octavia,sedan,2024,EU,LHR,London Heathrow,available,,,,66950,TRK804648
LS73 AJK,FNBXM1L37P8CF1455,Opel,Corsa,hatch,2022,EU,CDG,Paris Charles de Gaulle,available,,,,8711,TRK804649
VY77 XKW,BXB10VJUMKTZE2263,BMW,1 Series,hatch,2024,EU,FRA,Frankfurt am Main,on_rent,AGR-6736849,CUST-113995,"Bianchi, A.",55236,TRK804650
QL59 IEI,GNRMRM3S04UA47510,Mercedes-Benz,A-Class,hatch,2023,EU,MAD,Madrid Barajas,available,,,,132489,TRK804651
WE58 NBR,GUXST8ZHTV2Z32742,Fiat,500e,hatch,2024,EU,MXP,Milan Malpensa,on_rent,AGR-8323070,CUST-620985,"Schmidt, P.",58223,TRK804652
FN56 UDD,YPMWM32EKKN655755,Seat,Leon,hatch,2023,EU,AMS,Amsterdam Schiphol,available,,,,98665,TRK804653
WJ65 KMM,AFHEM1YLMWT5P0148,Ford,Puma,suv,2024,EU,MUC,Munich Franz Josef Strauss,on_rent,AGR-3376137,CUST-478832,"Jansen, N.",120040,TRK804654
FS84 CPM,EPFG04PXX0AHJ0126,Citroen,C3,hatch,2023,EU,LIS,Lisbon Humberto Delgado,on_rent,AGR-9288314,CUST-841071,"Rossi, P.",112613,TRK804655
XAI6A06,WGLGUWYP5D73M1017,Fiat,Cronos,sedan,2023,BR,GRU,Sao Paulo Guarulhos,on_rent,AGR-1792966,CUST-665915,"Pereira, B.",22546,TRK804656
DPQ8J60,MASED7SXTG6NW0695,Fiat,Argo,hatch,2025,BR,CGH,Sao Paulo Congonhas,available,,,,103449,TRK804657
PPY0S20,VDPBLSBWFHGWA9467,Fiat,Mobi,hatch,2023,BR,GIG,Rio Galeao,on_rent,AGR-3691369,CUST-525328,"Costa, B.",54710,TRK804658
XAX5J84,NSBDV0UZAZNXR4455,Volkswagen,Polo,hatch,2025,BR,CNF,Belo Horizonte Confins,on_rent,AGR-5937142,CUST-125382,"Souza, D.",130106,TRK804659
GUN3D90,SXKAL2V68DRUX3074,Volkswagen,T-Cross,suv,2023,BR,CWB,Curitiba Afonso Pena,available,,,,97321,TRK804660
CYI9F34,SPVE0W12XEBXA2940,Chevrolet,Onix,hatch,2024,BR,BSB,Brasilia Internacional,available,,,,48038,TRK804661
ANS9B81,ZMZ9PWGLJEXJT6413,Chevrolet,Tracker,suv,2024,BR,POA,Porto Alegre Salgado Filho,on_rent,AGR-8107781,CUST-351852,"Araujo, D.",98277,TRK804662
QPK4O31,HWZ0CWHH56T773945,Hyundai,HB20,hatch,2022,BR,SSA,Salvador Deputado Magalhaes,available,,,,19512,TRK804663
GRU-5271,VRA8GR26DPEKP2902,Hyundai,Elantra,sedan,2024,NA,DFW,Dallas Fort Worth,available,,,,15225,TRK804664
HQB-3786,VEYYYT4038U1H9942,Jeep,Grand Cherokee,suv,2024,NA,ATL,Atlanta Hartsfield,available,,,,105055,TRK804665
MWK-5021,RDAWHBKJFLMZP7300,Kia,Telluride,suv,2022,NA,ORD,Chicago O'Hare,in_service,,,,74873,TRK804666
WCB-6368,GVH7TR74461D82966,Tesla,Model 3,sedan,2023,NA,LAX,Los Angeles International,available,,,,61430,TRK804667
HSC-6480,ZZD4737VMGR8T3414,Toyota,Camry,sedan,2024,NA,MCO,Orlando International,on_rent,AGR-8627659,CUST-114161,"Williams, J.",75240,TRK804668
SUE-8223,DULGK337AW55T5056,Toyota,RAV4,suv,2024,NA,DEN,Denver International,in_service,,,,71444,TRK804669
GRL-3935,WFN1MT71WK96A3724,Chevrolet,Malibu,sedan,2024,NA,PHX,Phoenix Sky Harbor,available,,,,58561,TRK804670
RRD-1766,NPY5W31UAA7WW2688,Chevrolet,Equinox,suv,2024,NA,YYZ,Toronto Pearson,available,,,,98227,TRK804671
ZR87 QRG,LFV9YF7DELYCK2183,Skoda,Octavia,sedan,2025,EU,LHR,London Heathrow,on_rent,AGR-6855361,CUST-673259,"Dubois, A.",69554,TRK804672
RT37 RBU,KGBZF8ZRK84GC6841,Opel,Corsa,hatch,2025,EU,CDG,Paris Charles de Gaulle,available,,,,67032,TRK804673
YU12 EEE,KHVGV5YAU8N6J1262,BMW,1 Series,hatch,2025,EU,FRA,Frankfurt am Main,on_rent,AGR-5510909,CUST-189344,"Muller, W.",123661,TRK804674
BX71 TMR,KCMDUJJP1W34H5396,Mercedes-Benz,A-Class,hatch,2024,EU,MAD,Madrid Barajas,on_rent,AGR-2799322,CUST-985300,"Muller, E.",45849,TRK804675
QT10 BXM,XAULNEG0ZDNWY5194,Fiat,500e,hatch,2022,EU,MXP,Milan Malpensa,in_service,,,,60462,TRK804676
JX53 TPE,PLEFJDBPKGD7X5245,Seat,Leon,hatch,2022,EU,AMS,Amsterdam Schiphol,on_rent,AGR-9527344,CUST-297309,"Dubois, E.",66870,TRK804677
FO82 CSE,YLDPMB6LPNX806286,Ford,Puma,suv,2025,EU,MUC,Munich Franz Josef Strauss,available,,,,70875,TRK804678
CK31 IPV,FTM49G245JTV54748,Citroen,C3,hatch,2023,EU,LIS,Lisbon Humberto Delgado,on_rent,AGR-4841770,CUST-379830,"Rossi, L.",123517,TRK804679
TOR1S84,HHFXF5317ZYG31746,Fiat,Cronos,sedan,2024,BR,GRU,Sao Paulo Guarulhos,in_service,,,,109901,TRK804680
QRR7M30,FAL8TZMBUW7F25975,Fiat,Argo,hatch,2024,BR,CGH,Sao Paulo Congonhas,on_rent,AGR-6078347,CUST-704950,"Rodrigues, L.",24423,TRK804681
EZF0J11,LTY5WMT36JVUU4025,Fiat,Mobi,hatch,2022,BR,GIG,Rio Galeao,available,,,,106445,TRK804682
ZEF9M81,UZFMDAUTPH3HZ4407,Volkswagen,Polo,hatch,2023,BR,CNF,Belo Horizonte Confins,on_rent,AGR-5789151,CUST-789613,"Almeida, G.",52482,TRK804683
GEB9I08,CSNACB33ZY2YL8380,Volkswagen,T-Cross,suv,2024,BR,CWB,Curitiba Afonso Pena,on_rent,AGR-2130818,CUST-477364,"Rodrigues, S.",26525,TRK804684
NMQ5R35,FYMP5C7F7ZH6W8905,Chevrolet,Onix,hatch,2025,BR,BSB,Brasilia Internacional,on_rent,AGR-4338836,CUST-324808,"Araujo, R.",24167,TRK804685
GWR1J67,MKS05AGVZXWM52728,Chevrolet,Tracker,suv,2024,BR,POA,Porto Alegre Salgado Filho,on_rent,AGR-2971814,CUST-172438,"Souza, S.",69733,TRK804686
DYX1U03,MWERWXA5BUDTB3555,Hyundai,HB20,hatch,2023,BR,SSA,Salvador Deputado Magalhaes,in_service,,,,45032,TRK804687
WGS-8676,UHFZWT13BVLNH6625,Hyundai,Elantra,sedan,2024,NA,DFW,Dallas Fort Worth,in_service,,,,137628,TRK804688
OBX-6377,SBSGV0XXANHPB4575,Jeep,Grand Cherokee,suv,2022,NA,ATL,Atlanta Hartsfield,available,,,,100057,TRK804689
JGU-5106,EHXKJPD9GBX4R0355,Kia,Telluride,suv,2023,NA,ORD,Chicago O'Hare,on_rent,AGR-3789598,CUST-671435,"Martinez, E.",125338,TRK804690
ZNX-2189,YXYW3ESNDJ09W4958,Tesla,Model 3,sedan,2023,NA,LAX,Los Angeles International,available,,,,53379,TRK804691
CZQ-3179,TFA0CR9ZYN5FK3733,Toyota,Camry,sedan,2024,NA,MCO,Orlando International,available,,,,85886,TRK804692
NQU-8875,FGUNT4FAN17H40572,Toyota,RAV4,suv,2024,NA,DEN,Denver International,available,,,,29332,TRK804693
HUQ-5077,TZE9VHEECC0W00023,Chevrolet,Malibu,sedan,2023,NA,PHX,Phoenix Sky Harbor,on_rent,AGR-4112753,CUST-954424,"Smith, J.",65662,TRK804694
QLP-4231,YTNJE6G0DTF6Y8382,Chevrolet,Equinox,suv,2023,NA,YYZ,Toronto Pearson,on_rent,AGR-4760449,CUST-213985,"Brown, F.",90841,TRK804695
FK65 OSY,FMSXK4MF0P91R0778,Skoda,Octavia,sedan,2022,EU,LHR,London Heathrow,on_rent,AGR-1168327,CUST-857542,"Andersson, J.",51024,TRK804696
MU19 TOT,XYBZDVF4T0K2F4185,Opel,Corsa,hatch,2023,EU,CDG,Paris Charles de Gaulle,on_rent,AGR-9903035,CUST-655308,"Andersson, M.",47610,TRK804697
GI12 LTO,RVA939ECKTH8V2759,BMW,1 Series,hatch,2022,EU,FRA,Frankfurt am Main,on_rent,AGR-7576837,CUST-790574,"Murphy, L.",137745,TRK804698
DN51 WWI,BXRHNRFZ5UCXT3555,Mercedes-Benz,A-Class,hatch,2023,EU,MAD,Madrid Barajas,available,,,,77895,TRK804699
RC29 WAP,PNLKNSA7VJ7R87958,Fiat,500e,hatch,2022,EU,MXP,Milan Malpensa,in_service,,,,131299,TRK804700
WX18 FPN,JNUP77VXXVT0V8780,Seat,Leon,hatch,2022,EU,AMS,Amsterdam Schiphol,available,,,,72093,TRK804701
PE52 QOT,XSBY9GYTVCDZ70701,Ford,Puma,suv,2025,EU,MUC,Munich Franz Josef Strauss,available,,,,22559,TRK804702
MN92 WBT,GJVG337JV9VDD6121,Citroen,C3,hatch,2024,EU,LIS,Lisbon Humberto Delgado,on_rent,AGR-9277615,CUST-537612,"Garcia, G.",115034,TRK804703
MBY2S27,WMMDDBM7VC4FT5923,Fiat,Cronos,sedan,2025,BR,GRU,Sao Paulo Guarulhos,on_rent,AGR-1639622,CUST-379766,"Pereira, B.",75898,TRK804704
NXD9Y12,LCZ86101ZY9332293,Fiat,Argo,hatch,2024,BR,CGH,Sao Paulo Congonhas,in_service,,,,123488,TRK804705
IMA5I12,TJVPJENAU1BEM5211,Fiat,Mobi,hatch,2023,BR,GIG,Rio Galeao,on_rent,AGR-5394812,CUST-857418,"Pereira, D.",68696,TRK804706
ATC8J24,XKJAH95PEFCLF2444,Volkswagen,Polo,hatch,2024,BR,CNF,Belo Horizonte Confins,on_rent,AGR-7173683,CUST-653947,"Costa, M.",56880,TRK804707
BUW1D26,UWMKWZESPHMTH9377,Volkswagen,T-Cross,suv,2024,BR,CWB,Curitiba Afonso Pena,on_rent,AGR-6570391,CUST-616401,"Rodrigues, P.",103016,TRK804708
LXX6P79,VRDK42ERW7BLV2628,Chevrolet,Onix,hatch,2023,BR,BSB,Brasilia Internacional,on_rent,AGR-5907798,CUST-641715,"Costa, P.",103240,TRK804709
TYJ9J31,EGV2NV9MYHZ998223,Chevrolet,Tracker,suv,2023,BR,POA,Porto Alegre Salgado Filho,on_rent,AGR-2213653,CUST-653536,"Carvalho, N.",26545,TRK804710
ZIE9B14,XLZC6MECKTS4F1507,Hyundai,HB20,hatch,2024,BR,SSA,Salvador Deputado Magalhaes,available,,,,111858,TRK804711
KCG-2089,CHVZK1J74XX6R9039,Hyundai,Elantra,sedan,2022,NA,DFW,Dallas Fort Worth,on_rent,AGR-1443228,CUST-539006,"Anderson, K.",41115,TRK804712
UYM-6274,PXCAX3PZJ6LMK9143,Jeep,Grand Cherokee,suv,2025,NA,ATL,Atlanta Hartsfield,on_rent,AGR-9835822,CUST-709205,"Martinez, H.",43542,TRK804713
AIN-5751,KZHLWDLRT6RLR6883,Kia,Telluride,suv,2024,NA,ORD,Chicago O'Hare,on_rent,AGR-1299596,CUST-642829,"Williams, W.",130534,TRK804714
BZL-9228,PLP9YRX0Z7LA41121,Tesla,Model 3,sedan,2023,NA,LAX,Los Angeles International,on_rent,AGR-1224485,CUST-624075,"Brown, E.",119674,TRK804715
EUM-6248,TBF1DD8SNWPHV0658,Toyota,Camry,sedan,2023,NA,MCO,Orlando International,on_rent,AGR-6190667,CUST-381401,"Smith, H.",49887,TRK804716
IXK-9009,AUMDC27APLTZP9562,Toyota,RAV4,suv,2024,NA,DEN,Denver International,available,,,,130163,TRK804717
RMW-8933,PTYT739XHK1RN0505,Chevrolet,Malibu,sedan,2023,NA,PHX,Phoenix Sky Harbor,on_rent,AGR-5167764,CUST-908076,"Brown, S.",130685,TRK804718
ZHP-2307,KKFSG09WZT59R4188,Chevrolet,Equinox,suv,2024,NA,YYZ,Toronto Pearson,available,,,,40317,TRK804719
HV99 JFP,SRZFDX99F8L5A8736,Skoda,Octavia,sedan,2023,EU,LHR,London Heathrow,on_rent,AGR-5272449,CUST-489024,"Murphy, M.",117291,TRK804720
PE36 DTT,LWKU0F30BB3YG9443,Opel,Corsa,hatch,2024,EU,CDG,Paris Charles de Gaulle,on_rent,AGR-1663151,CUST-140684,"Muller, S.",83226,TRK804721
NG30 HJV,LTD7X25D96MV78857,BMW,1 Series,hatch,2024,EU,FRA,Frankfurt am Main,available,,,,105877,TRK804722
QL21 YNU,CFNXFBWWUSECV5584,Mercedes-Benz,A-Class,hatch,2025,EU,MAD,Madrid Barajas,on_rent,AGR-4233198,CUST-401859,"Muller, N.",41690,TRK804723
RK26 KFB,USYPC639486CX5994,Fiat,500e,hatch,2022,EU,MXP,Milan Malpensa,on_rent,AGR-5938981,CUST-623647,"Kowalski, F.",10251,TRK804724
BF35 VTL,RMKS86SBJHFL14879,Seat,Leon,hatch,2025,EU,AMS,Amsterdam Schiphol,on_rent,AGR-1779870,CUST-859108,"Novak, K.",120290,TRK804725
MT99 ICG,BALVZYXVS5KV46204,Ford,Puma,suv,2023,EU,MUC,Munich Franz Josef Strauss,available,,,,100171,TRK804726
KL40 BSJ,NUB3J23H8G6930331,Citroen,C3,hatch,2024,EU,LIS,Lisbon Humberto Delgado,available,,,,12628,TRK804727
KGM5L95,CPPLMS9M6NNVV7344,Fiat,Cronos,sedan,2024,BR,GRU,Sao Paulo Guarulhos,in_service,,,,98197,TRK804728
ZRW9W71,CJF2JUL772YW85700,Fiat,Argo,hatch,2022,BR,CGH,Sao Paulo Congonhas,on_rent,AGR-6094728,CUST-457700,"Nascimento, W.",116848,TRK804729
MAA0G49,FSDC1EXH4G3SB1030,Fiat,Mobi,hatch,2022,BR,GIG,Rio Galeao,available,,,,88437,TRK804730
OAT1P20,RSDY9KB59MVG06205,Volkswagen,Polo,hatch,2022,BR,CNF,Belo Horizonte Confins,on_rent,AGR-2593563,CUST-313999,"Santos, W.",33569,TRK804731
EDU7U03,BWPEZWKNY43WG7525,Volkswagen,T-Cross,suv,2025,BR,CWB,Curitiba Afonso Pena,on_rent,AGR-6057075,CUST-233940,"Araujo, H.",63451,TRK804732
GEA2O62,HKRPH6ATB9YU57864,Chevrolet,Onix,hatch,2025,BR,BSB,Brasilia Internacional,on_rent,AGR-2392801,CUST-146810,"Costa, L.",80560,TRK804733
PNR0Z82,RJT4428FS1RT89885,Chevrolet,Tracker,suv,2024,BR,POA,Porto Alegre Salgado Filho,on_rent,AGR-9203755,CUST-950335,"Costa, C.",122834,TRK804734
VBA5F14,BYKM3SXGM8WHA4556,Hyundai,HB20,hatch,2023,BR,SSA,Salvador Deputado Magalhaes,on_rent,AGR-9002862,CUST-286886,"Araujo, F.",30021,TRK804735
VMH-6373,XFKKZ9XEW70N99178,Hyundai,Elantra,sedan,2023,NA,DFW,Dallas Fort Worth,on_rent,AGR-8811441,CUST-412394,"Davis, M.",103889,TRK804736
CUV-7196,LLZGVCHNLAMCD6460,Jeep,Grand Cherokee,suv,2024,NA,ATL,Atlanta Hartsfield,on_rent,AGR-4208370,CUST-940895,"Anderson, J.",8200,TRK804737
CNG-9780,AJAV2VFTPAH9K1552,Kia,Telluride,suv,2025,NA,ORD,Chicago O'Hare,on_rent,AGR-2731380,CUST-358149,"Johnson, N.",32158,TRK804738
XAN-8743,PLM3DFJTG7DL86418,Tesla,Model 3,sedan,2025,NA,LAX,Los Angeles International,on_rent,AGR-9329333,CUST-858062,"Martinez, B.",8652,TRK804739
ESZ-1169,HSKG33B5N6AY96041,Toyota,Camry,sedan,2023,NA,MCO,Orlando International,on_rent,AGR-6843132,CUST-349640,"Jones, P.",45294,TRK804740
FSF-6091,CSPHH9KGMN70C5168,Toyota,RAV4,suv,2024,NA,DEN,Denver International,on_rent,AGR-9567521,CUST-558213,"Brown, C.",127972,TRK804741
WMD-2866,RYE84YRF77E341904,Chevrolet,Malibu,sedan,2023,NA,PHX,Phoenix Sky Harbor,available,,,,12665,TRK804742
XVX-4581,SEBNTKYNBC6U40150,Chevrolet,Equinox,suv,2025,NA,YYZ,Toronto Pearson,on_rent,AGR-8721367,CUST-539737,"Martinez, A.",53910,TRK804743
DH71 HCZ,RRB4LWX8BX9615032,Skoda,Octavia,sedan,2024,EU,LHR,London Heathrow,available,,,,17448,TRK804744
CO19 VPW,RDYZ5UKFM67YL8434,Opel,Corsa,hatch,2022,EU,CDG,Paris Charles de Gaulle,available,,,,120909,TRK804745
BW51 SBP,UGZBJEHUM4MBD7395,BMW,1 Series,hatch,2023,EU,FRA,Frankfurt am Main,on_rent,AGR-8394482,CUST-213415,"Garcia, F.",41800,TRK804746
PD17 HOK,YCXTU6E3WFUGT1615,Mercedes-Benz,A-Class,hatch,2023,EU,MAD,Madrid Barajas,available,,,,82541,TRK804747
QW10 TZE,VCZTHPTNJ9M9T8205,Fiat,500e,hatch,2025,EU,MXP,Milan Malpensa,on_rent,AGR-3988020,CUST-992810,"Muller, E.",84097,TRK804748
MW29 VFI,GCKWRUY0SMXNF5646,Seat,Leon,hatch,2024,EU,AMS,Amsterdam Schiphol,on_rent,AGR-8274621,CUST-615035,"Kowalski, F.",104644,TRK804749
DI88 MYC,TLJ3MJU65EAFW5415,Ford,Puma,suv,2023,EU,MUC,Munich Franz Josef Strauss,on_rent,AGR-5974824,CUST-651604,"Novak, B.",55510,TRK804750
PE50 RPY,VMS91HPA9AXWH8265,Citroen,C3,hatch,2024,EU,LIS,Lisbon Humberto Delgado,on_rent,AGR-6332134,CUST-697238,"Silva, J.",61477,TRK804751
EDY4L96,XJCDHRZ9JFT637116,Fiat,Cronos,sedan,2023,BR,GRU,Sao Paulo Guarulhos,on_rent,AGR-8834582,CUST-794821,"Carvalho, L.",59607,TRK804752
MDX9N69,SXJYPVF78CCHF8142,Fiat,Argo,hatch,2024,BR,CGH,Sao Paulo Congonhas,available,,,,59365,TRK804753
YCA1U47,WSPFEDXBPEPYT9058,Fiat,Mobi,hatch,2024,BR,GIG,Rio Galeao,on_rent,AGR-4082159,CUST-441337,"Pereira, W.",69693,TRK804754
PMX0V17,VLW9WM1916U426367,Volkswagen,Polo,hatch,2024,BR,CNF,Belo Horizonte Confins,available,,,,85269,TRK804755
CFR9L53,PRPY92ABUPTV21856,Volkswagen,T-Cross,suv,2024,BR,CWB,Curitiba Afonso Pena,available,,,,70858,TRK804756
ZKB2V36,KPWDFUSXHPXLK3927,Chevrolet,Onix,hatch,2024,BR,BSB,Brasilia Internacional,in_service,,,,107760,TRK804757
JYD1F41,YMGR59E6ZARFU6697,Chevrolet,Tracker,suv,2024,BR,POA,Porto Alegre Salgado Filho,in_service,,,,91805,TRK804758
HJY4R70,CMNY0NRLGV67W6407,Hyundai,HB20,hatch,2024,BR,SSA,Salvador Deputado Magalhaes,on_rent,AGR-9290210,CUST-333578,"Rodrigues, C.",86947,TRK804759
AQT-7348,EWFW07ZPZCN6F7925,Hyundai,Elantra,sedan,2023,NA,DFW,Dallas Fort Worth,on_rent,AGR-3056876,CUST-851583,"Garcia, D.",65925,TRK804760
UUZ-9021,EXG86EYRKRECN2515,Jeep,Grand Cherokee,suv,2023,NA,ATL,Atlanta Hartsfield,available,,,,31661,TRK804761
BPJ-9366,GFJXFBYDZX39C5922,Kia,Telluride,suv,2024,NA,ORD,Chicago O'Hare,on_rent,AGR-6272636,CUST-698112,"Wilson, H.",55796,TRK804762
LKN-2703,HEUNJ6CJ6T3TA0985,Tesla,Model 3,sedan,2025,NA,LAX,Los Angeles International,on_rent,AGR-2628856,CUST-269039,"Davis, M.",68535,TRK804763
GGT-6496,RANZ2GK0GS4C59526,Toyota,Camry,sedan,2022,NA,MCO,Orlando International,available,,,,52027,TRK804764
JFY-2920,JRG5THLW2LGWD6957,Toyota,RAV4,suv,2023,NA,DEN,Denver International,on_rent,AGR-4320305,CUST-147994,"Garcia, N.",123311,TRK804765
UMN-7170,CVM8Z09JT6AMZ5419,Chevrolet,Malibu,sedan,2024,NA,PHX,Phoenix Sky Harbor,available,,,,60955,TRK804766
FWG-6773,VXMFRVSLG3M5M5170,Chevrolet,Equinox,suv,2023,NA,YYZ,Toronto Pearson,on_rent,AGR-7877719,CUST-991758,"Garcia, F.",117048,TRK804767
QZ76 RNP,DYH2Z0AEFJ2ZX6524,Skoda,Octavia,sedan,2025,EU,LHR,London Heathrow,on_rent,AGR-2358408,CUST-284718,"Novak, K.",18908,TRK804768
OX59 COI,GMU6PVYHNLC7K5148,Opel,Corsa,hatch,2025,EU,CDG,Paris Charles de Gaulle,available,,,,102012,TRK804769
CL70 TVM,EHL35F3E3TTBK6028,BMW,1 Series,hatch,2024,EU,FRA,Frankfurt am Main,available,,,,39126,TRK804770
ZU48 MCI,ASUTXARX1XPM31876,Mercedes-Benz,A-Class,hatch,2022,EU,MAD,Madrid Barajas,on_rent,AGR-7202416,CUST-412700,"Dubois, C.",94713,TRK804771
KP33 VUS,JAA68MHEZRPP08031,Fiat,500e,hatch,2023,EU,MXP,Milan Malpensa,on_rent,AGR-1594250,CUST-746108,"Kowalski, R.",46048,TRK804772
OK36 WVA,AMLSW8XGR8J6B6067,Seat,Leon,hatch,2023,EU,AMS,Amsterdam Schiphol,on_rent,AGR-1411915,CUST-390149,"Murphy, P.",69340,TRK804773
XG23 ABW,AFUEMJ1AVMCWS1378,Ford,Puma,suv,2023,EU,MUC,Munich Franz Josef Strauss,on_rent,AGR-4425514,CUST-262322,"Novak, W.",137257,TRK804774
IV15 POI,PHJW4SRU8M0YZ6574,Citroen,C3,hatch,2025,EU,LIS,Lisbon Humberto Delgado,on_rent,AGR-3713888,CUST-248408,"Silva, G.",34892,TRK804775
MLQ8X77,MJE247ST23GDL5931,Fiat,Cronos,sedan,2024,BR,GRU,Sao Paulo Guarulhos,on_rent,AGR-2772303,CUST-853589,"Oliveira, A.",23748,TRK804776
CSB6V78,NDTMJC7542TPS8340,Fiat,Argo,hatch,2024,BR,CGH,Sao Paulo Congonhas,in_service,,,,57426,TRK804777
TAN9G54,CHXFT5GE5DW9P4820,Fiat,Mobi,hatch,2022,BR,GIG,Rio Galeao,on_rent,AGR-7418308,CUST-922446,"Silva, W.",122069,TRK804778
SXJ2L74,UNLJ7YLS4HMNU6352,Volkswagen,Polo,hatch,2024,BR,CNF,Belo Horizonte Confins,available,,,,119473,TRK804779
AIV3Z66,LHBS3XCAN6XUN3317,Volkswagen,T-Cross,suv,2023,BR,CWB,Curitiba Afonso Pena,on_rent,AGR-4252629,CUST-748400,"Pereira, H.",93527,TRK804780
RRB0A99,VADY7M3CNWVW70669,Chevrolet,Onix,hatch,2024,BR,BSB,Brasilia Internacional,available,,,,130862,TRK804781
OCS3J93,AAFBFK8LE8AGH8945,Chevrolet,Tracker,suv,2023,BR,POA,Porto Alegre Salgado Filho,on_rent,AGR-8654337,CUST-544637,"Santos, P.",11629,TRK804782
SZY2K96,ZWG1ZY8VKS7KB2419,Hyundai,HB20,hatch,2023,BR,SSA,Salvador Deputado Magalhaes,on_rent,AGR-9009975,CUST-614051,"Lima, P.",15185,TRK804783
PKV-6910,BFUA463N6CBWJ8421,Hyundai,Elantra,sedan,2023,NA,DFW,Dallas Fort Worth,on_rent,AGR-6606280,CUST-969994,"Johnson, S.",113832,TRK804784
VAL-7407,HLST91S9KN2YL3765,Jeep,Grand Cherokee,suv,2025,NA,ATL,Atlanta Hartsfield,on_rent,AGR-2163517,CUST-388859,"Williams, N.",27675,TRK804785
MQH-7306,SUU7BXRKHC5TN3707,Kia,Telluride,suv,2023,NA,ORD,Chicago O'Hare,on_rent,AGR-8075392,CUST-223075,"Brown, A.",53691,TRK804786
EYT-3668,BFRGEZY7WDV7L1294,Tesla,Model 3,sedan,2025,NA,LAX,Los Angeles International,on_rent,AGR-3173853,CUST-924706,"Garcia, C.",19001,TRK804787
ZOV-4692,EBJBAFNKY8H0J0430,Toyota,Camry,sedan,2024,NA,MCO,Orlando International,on_rent,AGR-4573613,CUST-458835,"Miller, W.",24722,TRK804788
RFY-1841,FSMDGY9TU2HUU0128,Toyota,RAV4,suv,2022,NA,DEN,Denver International,in_service,,,,9708,TRK804789
UST-4330,ZSU5RTX90B51K5020,Chevrolet,Malibu,sedan,2024,NA,PHX,Phoenix Sky Harbor,on_rent,AGR-5271191,CUST-216188,"Williams, N.",59351,TRK804790
NUH-1775,YSL84Y1UMSD8T4377,Chevrolet,Equinox,suv,2024,NA,YYZ,Toronto Pearson,available,,,,94676,TRK804791
IM16 LFZ,WUWSFB849NDF61865,Skoda,Octavia,sedan,2025,EU,LHR,London Heathrow,available,,,,64132,TRK804792
BK55 WZM,WAHVF6H12YDGU7891,Opel,Corsa,hatch,2024,EU,CDG,Paris Charles de Gaulle,on_rent,AGR-9789686,CUST-799627,"Rossi, T.",20394,TRK804793
MY68 NHG,XME8N2HTTWBXY8869,BMW,1 Series,hatch,2025,EU,FRA,Frankfurt am Main,on_rent,AGR-4233818,CUST-928364,"Garcia, K.",26731,TRK804794
PW64 TYF,CSY9NSVN1CGES2093,Mercedes-Benz,A-Class,hatch,2025,EU,MAD,Madrid Barajas,on_rent,AGR-9743675,CUST-797019,"Jansen, S.",44640,TRK804795
LN24 CGB,ELW4PMKA35A5U9917,Fiat,500e,hatch,2023,EU,MXP,Milan Malpensa,on_rent,AGR-8063285,CUST-561427,"Garcia, M.",110025,TRK804796
PQ88 OFY,UZTWZ8AF94XUT7120,Seat,Leon,hatch,2023,EU,AMS,Amsterdam Schiphol,in_service,,,,42670,TRK804797
EI54 NGF,RGXCTBS6NPKG09348,Ford,Puma,suv,2024,EU,MUC,Munich Franz Josef Strauss,on_rent,AGR-9104918,CUST-697564,"Schmidt, J.",18741,TRK804798
UG49 VTP,LBBW56BMN693G9612,Citroen,C3,hatch,2025,EU,LIS,Lisbon Humberto Delgado,on_rent,AGR-7191655,CUST-546942,"Novak, B.",96510,TRK804799
BFE5E38,GGUAXA1XAH6SF4058,Fiat,Cronos,sedan,2024,BR,GRU,Sao Paulo Guarulhos,in_service,,,,120048,TRK804800
AED9D46,UALS14NEMXRJF8991,Fiat,Argo,hatch,2023,BR,CGH,Sao Paulo Congonhas,on_rent,AGR-8261436,CUST-957424,"Araujo, D.",126851,TRK804801
GHB7X19,BPS0WNJ49BC0C9735,Fiat,Mobi,hatch,2023,BR,GIG,Rio Galeao,available,,,,125257,TRK804802
ULT5K70,REA46C2M8KJ3W6647,Volkswagen,Polo,hatch,2023,BR,CNF,Belo Horizonte Confins,in_service,,,,99027,TRK804803
KKZ6I51,CJXYLLGMEXZ938481,Volkswagen,T-Cross,suv,2025,BR,CWB,Curitiba Afonso Pena,on_rent,AGR-7488795,CUST-403945,"Nascimento, W.",40323,TRK804804
GBM1M86,DLEFUTGEU8JK32356,Chevrolet,Onix,hatch,2023,BR,BSB,Brasilia Internacional,available,,,,38799,TRK804805
XMC2Y46,ZSWNDFM6Y0SPG4817,Chevrolet,Tracker,suv,2023,BR,POA,Porto Alegre Salgado Filho,on_rent,AGR-4325911,CUST-132905,"Lima, F.",61437,TRK804806
DGT1L75,URG6N232KG8PP7368,Hyundai,HB20,hatch,2023,BR,SSA,Salvador Deputado Magalhaes,on_rent,AGR-6351474,CUST-773359,"Santos, M.",70794,TRK804807
UUY-8084,TAK5135WPA7S26111,Hyundai,Elantra,sedan,2022,NA,DFW,Dallas Fort Worth,on_rent,AGR-7225005,CUST-463529,"Johnson, P.",125139,TRK804808
NFQ-1010,ZZBTX84PURBZV1308,Jeep,Grand Cherokee,suv,2024,NA,ATL,Atlanta Hartsfield,on_rent,AGR-1799018,CUST-785171,"Anderson, F.",39611,TRK804809
GTJ-5152,TLSZ7PVVHYAC86356,Kia,Telluride,suv,2024,NA,ORD,Chicago O'Hare,in_service,,,,85565,TRK804810
FVT-3731,PPRDEASGP0BFS7553,Tesla,Model 3,sedan,2025,NA,LAX,Los Angeles International,on_rent,AGR-5285954,CUST-940362,"Taylor, T.",36998,TRK804811
GGA-1593,CHZR72TMYFEW13929,Toyota,Camry,sedan,2024,NA,MCO,Orlando International,available,,,,109493,TRK804812
FYK-2420,TJX7K0SGZFBU67165,Toyota,RAV4,suv,2022,NA,DEN,Denver International,on_rent,AGR-8023826,CUST-504438,"Miller, F.",50684,TRK804813
IRH-2097,BHCANF5GSHPLE9613,Chevrolet,Malibu,sedan,2024,NA,PHX,Phoenix Sky Harbor,on_rent,AGR-4653243,CUST-686791,"Jones, N.",131040,TRK804814
IUP-5839,SWKLEKBFJMF6H1305,Chevrolet,Equinox,suv,2023,NA,YYZ,Toronto Pearson,available,,,,26356,TRK804815
RC37 RTP,EGDS04Z5DVK271037,Skoda,Octavia,sedan,2023,EU,LHR,London Heathrow,on_rent,AGR-1236611,CUST-752676,"Garcia, B.",139669,TRK804816
AH30 UPP,WAKL7D1EXUXXV2595,Opel,Corsa,hatch,2022,EU,CDG,Paris Charles de Gaulle,available,,,,80605,TRK804817
HD97 MLA,PMGVNW2GL7U5E1187,BMW,1 Series,hatch,2023,EU,FRA,Frankfurt am Main,available,,,,133551,TRK804818
GL79 XRC,ZUMR52VME4PPZ4590,Mercedes-Benz,A-Class,hatch,2024,EU,MAD,Madrid Barajas,on_rent,AGR-3393988,CUST-739953,"Novak, P.",122979,TRK804819
UC69 KVO,JYCN34484SB0T1878,Fiat,500e,hatch,2023,EU,MXP,Milan Malpensa,on_rent,AGR-9680211,CUST-814932,"Muller, C.",35328,TRK804820
OA85 VVD,FYHSDPZFVDKNN6359,Seat,Leon,hatch,2025,EU,AMS,Amsterdam Schiphol,available,,,,96421,TRK804821
TF32 GDH,WXCN71DXDG87C7639,Ford,Puma,suv,2023,EU,MUC,Munich Franz Josef Strauss,available,,,,18373,TRK804822
TT76 SEV,MUS37NKPZH58W4039,Citroen,C3,hatch,2024,EU,LIS,Lisbon Humberto Delgado,on_rent,AGR-6722835,CUST-407757,"Schmidt, R.",53374,TRK804823
ZFB5Y35,GPE0P2607CTE00205,Fiat,Cronos,sedan,2024,BR,GRU,Sao Paulo Guarulhos,on_rent,AGR-6249508,CUST-961308,"Santos, F.",54057,TRK804824
SEQ5C15,DSC26BES7TEH07155,Fiat,Argo,hatch,2024,BR,CGH,Sao Paulo Congonhas,on_rent,AGR-2684635,CUST-567752,"Costa, D.",23361,TRK804825
TXQ3T96,MJMJ5SF8DBGYR4671,Fiat,Mobi,hatch,2024,BR,GIG,Rio Galeao,on_rent,AGR-5432149,CUST-449064,"Pereira, T.",120245,TRK804826
PMH2Q57,MEG14UMT64NPV0348,Volkswagen,Polo,hatch,2023,BR,CNF,Belo Horizonte Confins,in_service,,,,61356,TRK804827
KGT8W56,WKLRV0VWPED941635,Volkswagen,T-Cross,suv,2023,BR,CWB,Curitiba Afonso Pena,available,,,,102003,TRK804828
BRG9E14,GLV8ZY5NRTF466300,Chevrolet,Onix,hatch,2022,BR,BSB,Brasilia Internacional,available,,,,13012,TRK804829
TKP4Z60,BTA0M5KSG8G0S0137,Chevrolet,Tracker,suv,2022,BR,POA,Porto Alegre Salgado Filho,on_rent,AGR-6869768,CUST-674511,"Silva, C.",130217,TRK804830
XRV3I11,BGV9Z9A6UEPYN7799,Hyundai,HB20,hatch,2024,BR,SSA,Salvador Deputado Magalhaes,in_service,,,,75817,TRK804831
JVV-8909,NKEARDFE6B3XD3547,Hyundai,Elantra,sedan,2024,NA,DFW,Dallas Fort Worth,on_rent,AGR-8802231,CUST-875373,"Martinez, B.",25077,TRK804832
MWW-1091,LDVPVR559C9PM9422,Jeep,Grand Cherokee,suv,2024,NA,ATL,Atlanta Hartsfield,available,,,,138137,TRK804833
QDW-6207,ZCZRXUS8KZL0F3331,Kia,Telluride,suv,2024,NA,ORD,Chicago O'Hare,on_rent,AGR-2768587,CUST-419783,"Jones, R.",123438,TRK804834
YUV-8015,LZEHEHAE8Z5PV3055,Tesla,Model 3,sedan,2023,NA,LAX,Los Angeles International,on_rent,AGR-3897481,CUST-522359,"Brown, K.",74987,TRK804835
MZX-1994,WLKHKWPPMD1VL9654,Toyota,Camry,sedan,2023,NA,MCO,Orlando International,in_service,,,,51400,TRK804836
CSD-7100,UEX7GHP75G1KF5650,Toyota,RAV4,suv,2024,NA,DEN,Denver International,on_rent,AGR-4788894,CUST-688962,"Taylor, F.",59211,TRK804837
TDK-6506,MTEBAP21MP8XU7578,Chevrolet,Malibu,sedan,2022,NA,PHX,Phoenix Sky Harbor,available,,,,84853,TRK804838
BJW-6525,WFHGRNYMUMW1U4289,Chevrolet,Equinox,suv,2025,NA,YYZ,Toronto Pearson,on_rent,AGR-3335962,CUST-873099,"Taylor, F.",16632,TRK804839
MB48 QTI,VBNZ3HZ3N40TU3677,Skoda,Octavia,sedan,2023,EU,LHR,London Heathrow,on_rent,AGR-1818762,CUST-695568,"Schmidt, B.",97175,TRK804840
BK97 REL,NXU5F7P1ETCCH7888,Opel,Corsa,hatch,2024,EU,CDG,Paris Charles de Gaulle,in_service,,,,134118,TRK804841
VN59 KMI,GGST3VHXEGG2J8985,BMW,1 Series,hatch,2024,EU,FRA,Frankfurt am Main,available,,,,94353,TRK804842
QA28 DZV,XPKH23W3KJWP22440,Mercedes-Benz,A-Class,hatch,2023,EU,MAD,Madrid Barajas,on_rent,AGR-4578218,CUST-159344,"Schmidt, A.",14569,TRK804843
ID87 OHM,JSPY89YVFB3NZ1931,Fiat,500e,hatch,2023,EU,MXP,Milan Malpensa,on_rent,AGR-8632710,CUST-141887,"Silva, M.",65354,TRK804844
EV42 JWG,UEKDY0HBRFEV63318,Seat,Leon,hatch,2023,EU,AMS,Amsterdam Schiphol,available,,,,73699,TRK804845
BD64 IQH,XAC19XJ6W9P5E0588,Ford,Puma,suv,2024,EU,MUC,Munich Franz Josef Strauss,on_rent,AGR-6607803,CUST-571572,"Jansen, B.",60023,TRK804846
DG99 CEP,CDZEP96PWBHPX4055,Citroen,C3,hatch,2022,EU,LIS,Lisbon Humberto Delgado,available,,,,104840,TRK804847
ZXK4S99,AVFF48322PARS4187,Fiat,Cronos,sedan,2025,BR,GRU,Sao Paulo Guarulhos,on_rent,AGR-8796065,CUST-530140,"Oliveira, S.",8905,TRK804848
NSV2X07,HATBJ1HY9LYZB6247,Fiat,Argo,hatch,2024,BR,CGH,Sao Paulo Congonhas,available,,,,91590,TRK804849
LIO4Y59,JVAWH2N4GX8M79667,Fiat,Mobi,hatch,2024,BR,GIG,Rio Galeao,available,,,,130457,TRK804850
YPI7X82,DPME0ZM3H4MPV3562,Volkswagen,Polo,hatch,2024,BR,CNF,Belo Horizonte Confins,available,,,,14271,TRK804851
MAV7D27,YTL81JVWAAXNW6465,Volkswagen,T-Cross,suv,2023,BR,CWB,Curitiba Afonso Pena,available,,,,95954,TRK804852
SRK6J11,VCGE9RGASU0G83754,Chevrolet,Onix,hatch,2025,BR,BSB,Brasilia Internacional,on_rent,AGR-9695107,CUST-813348,"Carvalho, D.",83423,TRK804853
KNK8J28,TUZJ40PLK2WUY4540,Chevrolet,Tracker,suv,2025,BR,POA,Porto Alegre Salgado Filho,available,,,,134778,TRK804854
LME2W43,VXETFKY5LM4CH5284,Hyundai,HB20,hatch,2022,BR,SSA,Salvador Deputado Magalhaes,on_rent,AGR-9551873,CUST-103714,"Rodrigues, P.",74901,TRK804855
EEN-7691,JVSZTK9KULTJM6809,Hyundai,Elantra,sedan,2022,NA,DFW,Dallas Fort Worth,on_rent,AGR-1067652,CUST-173049,"Garcia, M.",11522,TRK804856
VMW-6859,RXTAN6CEG5TLC8889,Jeep,Grand Cherokee,suv,2024,NA,ATL,Atlanta Hartsfield,on_rent,AGR-3444680,CUST-625347,"Smith, T.",76293,TRK804857
HYO-8133,GPRAFLD6Y94F41119,Kia,Telluride,suv,2022,NA,ORD,Chicago O'Hare,in_service,,,,88201,TRK804858
VEX-5104,TZJU3BCZ9GLA83733,Tesla,Model 3,sedan,2024,NA,LAX,Los Angeles International,on_rent,AGR-8243236,CUST-750166,"Smith, B.",54882,TRK804859
JQV-8163,WVH0LUZ95U06J6149,Toyota,Camry,sedan,2025,NA,MCO,Orlando International,on_rent,AGR-6444853,CUST-968800,"Martinez, C.",80308,TRK804860
GNP-5765,HXPRL6B8P2STJ4200,Toyota,RAV4,suv,2023,NA,DEN,Denver International,on_rent,AGR-8599392,CUST-360959,"Anderson, J.",124915,TRK804861
PAD-9214,XHNSRR2UZF36G8091,Chevrolet,Malibu,sedan,2022,NA,PHX,Phoenix Sky Harbor,on_rent,AGR-7916360,CUST-842638,"Martinez, T.",115266,TRK804862
KZG-5593,TEYGSSVY88WYH1953,Chevrolet,Equinox,suv,2024,NA,YYZ,Toronto Pearson,available,,,,114424,TRK804863
KQ69 ASX,WUD18W780HNN58184,Skoda,Octavia,sedan,2023,EU,LHR,London Heathrow,available,,,,98946,TRK804864
KF54 ZGU,ZFTJYFHYHC9JN2795,Opel,Corsa,hatch,2023,EU,CDG,Paris Charles de Gaulle,on_rent,AGR-2044706,CUST-877987,"Kowalski, A.",31336,TRK804865
XF23 LKE,YRHT64MT4ML7H0193,BMW,1 Series,hatch,2024,EU,FRA,Frankfurt am Main,available,,,,54111,TRK804866
ER62 YHY,NAKD2JWMZFZ2K9173,Mercedes-Benz,A-Class,hatch,2024,EU,MAD,Madrid Barajas,on_rent,AGR-8100964,CUST-859544,"Rossi, S.",93265,TRK804867
PN54 WVJ,EHXYWVDVU7GUZ2511,Fiat,500e,hatch,2023,EU,MXP,Milan Malpensa,on_rent,AGR-4499012,CUST-439042,"Muller, J.",92025,TRK804868
RD51 TSJ,JJVMBEKYTPZL21094,Seat,Leon,hatch,2023,EU,AMS,Amsterdam Schiphol,on_rent,AGR-2264449,CUST-312382,"Novak, A.",120175,TRK804869
RX15 OLW,DBPAMWJWPL3HD2531,Ford,Puma,suv,2023,EU,MUC,Munich Franz Josef Strauss,on_rent,AGR-3157399,CUST-547241,"Muller, E.",37317,TRK804870
HW55 UIM,FAGF706RSURPV6684,Citroen,C3,hatch,2023,EU,LIS,Lisbon Humberto Delgado,on_rent,AGR-9245345,CUST-955733,"Murphy, C.",28233,TRK804871
LJX2S31,FLVHPN4C50JPY3438,Fiat,Cronos,sedan,2023,BR,GRU,Sao Paulo Guarulhos,on_rent,AGR-7942440,CUST-231223,"Pereira, C.",81282,TRK804872
ECE0S50,RPG9D1HJ2WYVH7533,Fiat,Argo,hatch,2025,BR,CGH,Sao Paulo Congonhas,available,,,,89864,TRK804873
DNQ1R84,HFPRNNRKV28CU5722,Fiat,Mobi,hatch,2023,BR,GIG,Rio Galeao,available,,,,126646,TRK804874
RMG9J40,KFVRNSUWRZVYJ9296,Volkswagen,Polo,hatch,2024,BR,CNF,Belo Horizonte Confins,available,,,,65310,TRK804875
DKC9X55,DGFKFPFN22LJH9746,Volkswagen,T-Cross,suv,2024,BR,CWB,Curitiba Afonso Pena,on_rent,AGR-4754099,CUST-403875,"Santos, S.",98995,TRK804876
LBG5X68,NXP7G535KXD9B8769,Chevrolet,Onix,hatch,2025,BR,BSB,Brasilia Internacional,on_rent,AGR-9839570,CUST-223951,"Santos, T.",118498,TRK804877
SQB4H56,HNR566217MZHK7993,Chevrolet,Tracker,suv,2024,BR,POA,Porto Alegre Salgado Filho,on_rent,AGR-7908645,CUST-295169,"Nascimento, N.",77652,TRK804878
ZRV1K97,KNH9CBMGXS2YD7290,Hyundai,HB20,hatch,2023,BR,SSA,Salvador Deputado Magalhaes,available,,,,47161,TRK804879
MRY-3578,TMA513LBHXJ4G1847,Hyundai,Elantra,sedan,2024,NA,DFW,Dallas Fort Worth,on_rent,AGR-2252019,CUST-189476,"Davis, W.",119368,TRK804880
HKS-8161,DSCNCTDZH9P991787,Jeep,Grand Cherokee,suv,2022,NA,ATL,Atlanta Hartsfield,on_rent,AGR-6017730,CUST-884900,"Smith, R.",96398,TRK804881
JBA-6979,EYVV2XVPWLCEH6353,Kia,Telluride,suv,2025,NA,ORD,Chicago O'Hare,available,,,,99173,TRK804882
QAT-9613,HYP80VF1KXRGW4806,Tesla,Model 3,sedan,2023,NA,LAX,Los Angeles International,on_rent,AGR-1157699,CUST-771315,"Brown, H.",68342,TRK804883
NDF-1643,BGF3GKTWN33BZ0605,Toyota,Camry,sedan,2023,NA,MCO,Orlando International,on_rent,AGR-4234417,CUST-962413,"Jones, L.",138514,TRK804884
GNA-2356,GMTERD3T0G4P30800,Toyota,RAV4,suv,2023,NA,DEN,Denver International,available,,,,129385,TRK804885
DCS-2531,HNAZ49R9XE15S6762,Chevrolet,Malibu,sedan,2025,NA,PHX,Phoenix Sky Harbor,available,,,,29373,TRK804886
GAL-6888,LEUK3MJ3JYCXF1233,Chevrolet,Equinox,suv,2024,NA,YYZ,Toronto Pearson,available,,,,111071,TRK804887
DD79 WAH,BLT19DBDPR1CL6751,Skoda,Octavia,sedan,2024,EU,LHR,London Heathrow,on_rent,AGR-3662372,CUST-485575,"Jansen, D.",86760,TRK804888
PY24 MIG,YRL4EW8526FLF8667,Opel,Corsa,hatch,2025,EU,CDG,Paris Charles de Gaulle,on_rent,AGR-5609506,CUST-917299,"Silva, N.",90426,TRK804889
GI97 QEX,MAK2UPZGKFS129004,BMW,1 Series,hatch,2023,EU,FRA,Frankfurt am Main,on_rent,AGR-4954510,CUST-966945,"Schmidt, S.",23685,TRK804890
ZP74 CPX,KEKUDBCCRCKM82654,Mercedes-Benz,A-Class,hatch,2023,EU,MAD,Madrid Barajas,available,,,,61531,TRK804891
XL77 MSW,ZYMXANBJBRR9H8527,Fiat,500e,hatch,2022,EU,MXP,Milan Malpensa,on_rent,AGR-9777866,CUST-259333,"Dubois, C.",109204,TRK804892
FB38 PQF,AUCTF59P1962Z6122,Seat,Leon,hatch,2024,EU,AMS,Amsterdam Schiphol,on_rent,AGR-5154875,CUST-883185,"Andersson, P.",103401,TRK804893
EV20 DCF,AES6M3VJD86C09136,Ford,Puma,suv,2024,EU,MUC,Munich Franz Josef Strauss,on_rent,AGR-1450617,CUST-846964,"Kowalski, F.",83874,TRK804894
ND31 YYN,VCRSTCFWMB48H3256,Citroen,C3,hatch,2023,EU,LIS,Lisbon Humberto Delgado,available,,,,139629,TRK804895
ZPQ4S59,UBUSADYL3KVZ38081,Fiat,Cronos,sedan,2024,BR,GRU,Sao Paulo Guarulhos,in_service,,,,58904,TRK804896
UUM0Y80,VYAZFG445S9L23771,Fiat,Argo,hatch,2023,BR,CGH,Sao Paulo Congonhas,on_rent,AGR-9438903,CUST-350225,"Nascimento, D.",139113,TRK804897
VYR4E48,SZU2J3H6298S43309,Fiat,Mobi,hatch,2024,BR,GIG,Rio Galeao,on_rent,AGR-8854210,CUST-321315,"Santos, K.",64665,TRK804898
YTQ5Y11,XBU2YSPFSKG4S3519,Volkswagen,Polo,hatch,2024,BR,CNF,Belo Horizonte Confins,on_rent,AGR-4617915,CUST-467592,"Nascimento, G.",77240,TRK804899
XCJ7S78,SFXCCVNVLG9A45676,Volkswagen,T-Cross,suv,2023,BR,CWB,Curitiba Afonso Pena,in_service,,,,76126,TRK804900
DSR3H91,GLV8XEEXJECWU9589,Chevrolet,Onix,hatch,2025,BR,BSB,Brasilia Internacional,on_rent,AGR-1023974,CUST-332204,"Araujo, W.",133406,TRK804901
MIB4G08,RTB82FHZXJR3N6638,Chevrolet,Tracker,suv,2025,BR,POA,Porto Alegre Salgado Filho,on_rent,AGR-9020238,CUST-328468,"Rodrigues, F.",56334,TRK804902
HAU8X27,CNJ0K1ZWKZ6H43942,Hyundai,HB20,hatch,2023,BR,SSA,Salvador Deputado Magalhaes,on_rent,AGR-4520910,CUST-763043,"Lima, M.",113978,TRK804903
TIL-8182,GXGB377FHCWXM7791,Hyundai,Elantra,sedan,2022,NA,DFW,Dallas Fort Worth,on_rent,AGR-7723860,CUST-483826,"Davis, W.",57032,TRK804904
NIG-1311,SBP44W0BWD4HT5965,Jeep,Grand Cherokee,suv,2024,NA,ATL,Atlanta Hartsfield,available,,,,117312,TRK804905
LWX-4695,WRVJS5B5D4WMC0719,Kia,Telluride,suv,2022,NA,ORD,Chicago O'Hare,on_rent,AGR-8330560,CUST-213302,"Williams, H.",50278,TRK804906
RUR-9358,ZNZ4AC6L48GEG8408,Tesla,Model 3,sedan,2024,NA,LAX,Los Angeles International,on_rent,AGR-5737809,CUST-695846,"Smith, G.",124215,TRK804907
TNW-6820,AXUL3MGJLPKS51186,Toyota,Camry,sedan,2024,NA,MCO,Orlando International,on_rent,AGR-9531430,CUST-755720,"Smith, S.",109150,TRK804908
UHU-1894,YCARCA4ANGNSC9033,Toyota,RAV4,suv,2025,NA,DEN,Denver International,on_rent,AGR-9867355,CUST-434160,"Jones, L.",112372,TRK804909
UXU-6199,JWEF35EMPMPYL8025,Chevrolet,Malibu,sedan,2025,NA,PHX,Phoenix Sky Harbor,on_rent,AGR-9736343,CUST-645163,"Miller, W.",11657,TRK804910
MME-2826,LPV8B7NJPVZJR0516,Chevrolet,Equinox,suv,2023,NA,YYZ,Toronto Pearson,available,,,,9038,TRK804911
WY18 ZMQ,LYE5JBBYY9D367757,Skoda,Octavia,sedan,2023,EU,LHR,London Heathrow,available,,,,41126,TRK804912
WV24 WXQ,CBYYWVWZCJAU03477,Opel,Corsa,hatch,2024,EU,CDG,Paris Charles de Gaulle,in_service,,,,81650,TRK804913
YP34 LMG,WMDTU8UR8FL7N0433,BMW,1 Series,hatch,2025,EU,FRA,Frankfurt am Main,on_rent,AGR-8271589,CUST-980787,"Bianchi, K.",33498,TRK804914
UW53 ILZ,XYDSP2VWX6T9F3173,Mercedes-Benz,A-Class,hatch,2024,EU,MAD,Madrid Barajas,on_rent,AGR-6216181,CUST-617022,"Jansen, F.",63980,TRK804915
YI34 RFB,SERMSNB9V88NS9539,Fiat,500e,hatch,2025,EU,MXP,Milan Malpensa,on_rent,AGR-3272102,CUST-297466,"Silva, K.",69009,TRK804916
CE52 EWM,BRWBRB0SYW7280909,Seat,Leon,hatch,2025,EU,AMS,Amsterdam Schiphol,on_rent,AGR-2979380,CUST-200824,"Bianchi, G.",16449,TRK804917
SE84 QKC,SMETCYR2VDV1T8688,Ford,Puma,suv,2023,EU,MUC,Munich Franz Josef Strauss,on_rent,AGR-3222752,CUST-641641,"Andersson, L.",64827,TRK804918
XB81 WQZ,ANVRH198DL5EJ0633,Citroen,C3,hatch,2022,EU,LIS,Lisbon Humberto Delgado,on_rent,AGR-1563419,CUST-624068,"Garcia, A.",64041,TRK804919
MVK8N45,KSD4XELBTSZ0N0638,Fiat,Cronos,sedan,2024,BR,GRU,Sao Paulo Guarulhos,on_rent,AGR-6754825,CUST-823094,"Araujo, R.",23532,TRK804920
VAK5Z61,SWL07VBF2Y08V4835,Fiat,Argo,hatch,2024,BR,CGH,Sao Paulo Congonhas,on_rent,AGR-5213017,CUST-390076,"Araujo, D.",102213,TRK804921
TEQ5S91,LYDGS0F2C967C8793,Fiat,Mobi,hatch,2025,BR,GIG,Rio Galeao,on_rent,AGR-4824683,CUST-156375,"Souza, F.",98686,TRK804922
CDO8A52,VJLNTZ48KZEHU1687,Volkswagen,Polo,hatch,2022,BR,CNF,Belo Horizonte Confins,on_rent,AGR-5665533,CUST-338865,"Lima, J.",102118,TRK804923
CQU6U98,VUPM9N71G2E1U8597,Volkswagen,T-Cross,suv,2023,BR,CWB,Curitiba Afonso Pena,on_rent,AGR-9491076,CUST-185301,"Oliveira, P.",45420,TRK804924
IMI3T32,HUMA90XD75RK31634,Chevrolet,Onix,hatch,2024,BR,BSB,Brasilia Internacional,in_service,,,,70907,TRK804925
FYE3B85,GDGFD36548ZYF4936,Chevrolet,Tracker,suv,2025,BR,POA,Porto Alegre Salgado Filho,available,,,,47064,TRK804926
XAB0S28,PBVSMFSFFJ99D0914,Hyundai,HB20,hatch,2025,BR,SSA,Salvador Deputado Magalhaes,on_rent,AGR-2437941,CUST-942018,"Almeida, J.",80406,TRK804927
QXT-7585,VCKHGNJ0BVJ1V8681,Hyundai,Elantra,sedan,2022,NA,DFW,Dallas Fort Worth,available,,,,29432,TRK804928
BHS-8686,CAYWPPTCCFY531657,Jeep,Grand Cherokee,suv,2023,NA,ATL,Atlanta Hartsfield,on_rent,AGR-3316256,CUST-167143,"Johnson, S.",112300,TRK804929
QHA-8803,XSZJD54XPWMD28950,Kia,Telluride,suv,2024,NA,ORD,Chicago O'Hare,available,,,,20254,TRK804930
LHO-9183,NGCHAWNRPE1AB6839,Tesla,Model 3,sedan,2022,NA,LAX,Los Angeles International,on_rent,AGR-3606997,CUST-220611,"Brown, G.",47053,TRK804931
WVK-7143,NLCR2YEBS5B6B8038,Toyota,Camry,sedan,2024,NA,MCO,Orlando International,on_rent,AGR-8223032,CUST-561473,"Davis, J.",46692,TRK804932
WGV-1355,YRUMC4LDNMT1R4505,Toyota,RAV4,suv,2024,NA,DEN,Denver International,in_service,,,,122402,TRK804933
FZD-3686,GGS1WKGUTBRN75766,Chevrolet,Malibu,sedan,2023,NA,PHX,Phoenix Sky Harbor,on_rent,AGR-7144113,CUST-659973,"Johnson, H.",41644,TRK804934
LMF-3031,MAYMXFD1X7PPF7142,Chevrolet,Equinox,suv,2024,NA,YYZ,Toronto Pearson,available,,,,93568,TRK804935
UR87 ZXK,YRJ371CTA62CT5418,Skoda,Octavia,sedan,2022,EU,LHR,London Heathrow,on_rent,AGR-8706330,CUST-140747,"Jansen, T.",134475,TRK804936
BW43 EWD,KLYVBKKDW79UW8871,Opel,Corsa,hatch,2024,EU,CDG,Paris Charles de Gaulle,on_rent,AGR-2448398,CUST-496752,"Jansen, F.",33832,TRK804937
WI48 QOY,SDB99Z5ZDKB7E3246,BMW,1 Series,hatch,2025,EU,FRA,Frankfurt am Main,available,,,,49755,TRK804938
VH31 HAP,EBF640V7ZZGAJ7553,Mercedes-Benz,A-Class,hatch,2023,EU,MAD,Madrid Barajas,available,,,,113626,TRK804939
FW70 QRZ,CSG8VFLT65RRV9943,Fiat,500e,hatch,2024,EU,MXP,Milan Malpensa,on_rent,AGR-9510938,CUST-119874,"Schmidt, F.",76096,TRK804940
BN39 LXB,FNKMVJCBP2LA28511,Seat,Leon,hatch,2023,EU,AMS,Amsterdam Schiphol,available,,,,49290,TRK804941
SA26 QIB,WPJBF8XVD80DJ2742,Ford,Puma,suv,2024,EU,MUC,Munich Franz Josef Strauss,on_rent,AGR-2542076,CUST-830103,"Jansen, P.",95685,TRK804942
RA10 YXH,NLDU8PUE7JJVE4517,Citroen,C3,hatch,2022,EU,LIS,Lisbon Humberto Delgado,available,,,,36235,TRK804943
CZX8Y57,HDX1ZETZ8UTX90106,Fiat,Cronos,sedan,2025,BR,GRU,Sao Paulo Guarulhos,on_rent,AGR-7680306,CUST-792048,"Rodrigues, A.",53285,TRK804944
ASM7Z20,VZDGBTFTJBEW47324,Fiat,Argo,hatch,2024,BR,CGH,Sao Paulo Congonhas,in_service,,,,124009,TRK804945
OEG0Q99,JBL701XABLDLM5959,Fiat,Mobi,hatch,2023,BR,GIG,Rio Galeao,in_service,,,,47985,TRK804946
YKP0A85,XAM92PYXAZKXY7915,Volkswagen,Polo,hatch,2023,BR,CNF,Belo Horizonte Confins,available,,,,30251,TRK804947
BNA4D40,KVC3FMUA4NN0C9457,Volkswagen,T-Cross,suv,2024,BR,CWB,Curitiba Afonso Pena,available,,,,104757,TRK804948
BQA2D35,RCTL0MEK5UV6R5824,Chevrolet,Onix,hatch,2022,BR,BSB,Brasilia Internacional,on_rent,AGR-1065662,CUST-640333,"Silva, H.",31359,TRK804949
OXF7W74,TVCRM000FF3D93913,Chevrolet,Tracker,suv,2023,BR,POA,Porto Alegre Salgado Filho,on_rent,AGR-6090565,CUST-323875,"Pereira, J.",30041,TRK804950
QRS6N31,GHGUHM1CZK1ZN9398,Hyundai,HB20,hatch,2023,BR,SSA,Salvador Deputado Magalhaes,on_rent,AGR-1250313,CUST-802563,"Nascimento, E.",60851,TRK804951
UKR-8747,HJWN7JVS43J7Z7874,Hyundai,Elantra,sedan,2024,NA,DFW,Dallas Fort Worth,available,,,,91949,TRK804952
ZYW-3822,YXX9L6H72G0JR2160,Jeep,Grand Cherokee,suv,2022,NA,ATL,Atlanta Hartsfield,available,,,,72972,TRK804953
XNP-3923,CYGRFU8S5NX178847,Kia,Telluride,suv,2023,NA,ORD,Chicago O'Hare,on_rent,AGR-5385376,CUST-994105,"Davis, N.",74149,TRK804954
GFX-4007,MJWHN2CPA8BPZ8151,Tesla,Model 3,sedan,2023,NA,LAX,Los Angeles International,on_rent,AGR-6644831,CUST-284456,"Smith, W.",114933,TRK804955
MRK-5147,HBTNWRRGE7YAY6208,Toyota,Camry,sedan,2023,NA,MCO,Orlando International,in_service,,,,66817,TRK804956
UDS-7327,SEPAYVXN0HRUU9559,Toyota,RAV4,suv,2024,NA,DEN,Denver International,in_service,,,,69932,TRK804957
KMB-1389,GGBZWA2CY9ZXT5154,Chevrolet,Malibu,sedan,2022,NA,PHX,Phoenix Sky Harbor,on_rent,AGR-4756633,CUST-925387,"Taylor, T.",24958,TRK804958
UIX-4101,YLELG1H19ESY91795,Chevrolet,Equinox,suv,2024,NA,YYZ,Toronto Pearson,on_rent,AGR-7479995,CUST-591008,"Brown, M.",106573,TRK804959
VG54 MYP,ZSXAZLJVBDGF12987,Skoda,Octavia,sedan,2025,EU,LHR,London Heathrow,on_rent,AGR-2930208,CUST-848114,"Novak, B.",51787,TRK804960
MT60 PCC,XHNG4PLS9G5RV2811,Opel,Corsa,hatch,2025,EU,CDG,Paris Charles de Gaulle,on_rent,AGR-2241393,CUST-757925,"Kowalski, P.",110901,TRK804961
EA31 SCA,ADT46SX9V8FZB9825,BMW,1 Series,hatch,2025,EU,FRA,Frankfurt am Main,on_rent,AGR-2459580,CUST-923486,"Dubois, H.",127037,TRK804962
QL31 BAK,PKMERA7B8TF465966,Mercedes-Benz,A-Class,hatch,2023,EU,MAD,Madrid Barajas,available,,,,15560,TRK804963
SN44 DVO,DGK5YS3C9ME5C3720,Fiat,500e,hatch,2024,EU,MXP,Milan Malpensa,on_rent,AGR-2585554,CUST-284553,"Garcia, J.",24582,TRK804964
BR89 DVF,YXZS8P4G2DE371799,Seat,Leon,hatch,2024,EU,AMS,Amsterdam Schiphol,available,,,,115176,TRK804965
FD26 KRI,BAZ42AMZEP3L30492,Ford,Puma,suv,2023,EU,MUC,Munich Franz Josef Strauss,available,,,,74960,TRK804966
NB73 PYL,KUJX9Z4GPCZLC0878,Citroen,C3,hatch,2024,EU,LIS,Lisbon Humberto Delgado,on_rent,AGR-2213027,CUST-638198,"Rossi, D.",110673,TRK804967
MTF1E23,VFUBJ3Y404RUF9653,Fiat,Cronos,sedan,2023,BR,GRU,Sao Paulo Guarulhos,on_rent,AGR-6994183,CUST-395130,"Almeida, E.",45271,TRK804968
LXG8D75,CCRTYN9NKRVMK6957,Fiat,Argo,hatch,2023,BR,CGH,Sao Paulo Congonhas,on_rent,AGR-3998278,CUST-463844,"Lima, T.",87552,TRK804969
OMT9E69,ASV2V4B395L1D0745,Fiat,Mobi,hatch,2023,BR,GIG,Rio Galeao,on_rent,AGR-1106040,CUST-115011,"Santos, F.",83958,TRK804970
CPC2Y09,DKV8XSUKWUJRH3081,Volkswagen,Polo,hatch,2023,BR,CNF,Belo Horizonte Confins,on_rent,AGR-7623230,CUST-204463,"Almeida, C.",122854,TRK804971
GFZ6D47,XNUE42RTVLJSU1382,Volkswagen,T-Cross,suv,2025,BR,CWB,Curitiba Afonso Pena,on_rent,AGR-6276843,CUST-487254,"Carvalho, S.",126667,TRK804972
MIT1I44,JNKLSEAZMG8588036,Chevrolet,Onix,hatch,2022,BR,BSB,Brasilia Internacional,on_rent,AGR-9171068,CUST-664773,"Almeida, N.",125649,TRK804973
JCR9T05,TURLRXKSF6N276574,Chevrolet,Tracker,suv,2024,BR,POA,Porto Alegre Salgado Filho,on_rent,AGR-5799516,CUST-943971,"Oliveira, G.",83287,TRK804974
ZQL9Y67,EKTZ54H3F37SJ5535,Hyundai,HB20,hatch,2023,BR,SSA,Salvador Deputado Magalhaes,available,,,,93710,TRK804975
IEX-6038,DRB36FYEBGBDF8790,Hyundai,Elantra,sedan,2022,NA,DFW,Dallas Fort Worth,available,,,,65689,TRK804976
MLB-9782,LEXNLSJCZAUKK7209,Jeep,Grand Cherokee,suv,2025,NA,ATL,Atlanta Hartsfield,on_rent,AGR-9200906,CUST-616839,"Davis, P.",46950,TRK804977
CEN-5027,UPBJMLWT3XFLD9051,Kia,Telluride,suv,2025,NA,ORD,Chicago O'Hare,on_rent,AGR-7004253,CUST-543605,"Garcia, A.",51854,TRK804978
SHP-8217,VSYCA0Z5DVXGR8774,Tesla,Model 3,sedan,2024,NA,LAX,Los Angeles International,on_rent,AGR-5745661,CUST-470536,"Smith, T.",26286,TRK804979
QZC-7718,FWM61S4LS4H6G5439,Toyota,Camry,sedan,2022,NA,MCO,Orlando International,on_rent,AGR-4373715,CUST-787659,"Smith, J.",131190,TRK804980
ARE-3647,SSTYA1L2554G16132,Toyota,RAV4,suv,2023,NA,DEN,Denver International,in_service,,,,99513,TRK804981
IIF-1953,CRTBY1FYRMA2B1139,Chevrolet,Malibu,sedan,2023,NA,PHX,Phoenix Sky Harbor,on_rent,AGR-9336951,CUST-116151,"Davis, P.",130364,TRK804982
GYL-7062,HFBZ6FWDBPWBR8814,Chevrolet,Equinox,suv,2024,NA,YYZ,Toronto Pearson,on_rent,AGR-1341250,CUST-133432,"Johnson, L.",128464,TRK804983
QA61 ZEZ,AFSP560MHVFH66731,Skoda,Octavia,sedan,2023,EU,LHR,London Heathrow,on_rent,AGR-7765854,CUST-615477,"Muller, A.",63307,TRK804984
TE39 GZV,UGDKFLAWS57YS2269,Opel,Corsa,hatch,2023,EU,CDG,Paris Charles de Gaulle,on_rent,AGR-5322881,CUST-126900,"Silva, E.",108296,TRK804985
ZD43 ZWG,LRFJDCJ6713GP5916,BMW,1 Series,hatch,2023,EU,FRA,Frankfurt am Main,on_rent,AGR-2998392,CUST-866581,"Muller, T.",26382,TRK804986
AO70 EKS,ZNMB88HGN1P4K9653,Mercedes-Benz,A-Class,hatch,2022,EU,MAD,Madrid Barajas,on_rent,AGR-1074011,CUST-143932,"Rossi, L.",132913,TRK804987
HF79 VWK,MJLUX9KGT669H3988,Fiat,500e,hatch,2024,EU,MXP,Milan Malpensa,available,,,,50803,TRK804988
TB36 NSK,FFBNVSXCBWLC19685,Seat,Leon,hatch,2024,EU,AMS,Amsterdam Schiphol,available,,,,84735,TRK804989
BC92 FBP,SZNDJY8LCY9AP9429,Ford,Puma,suv,2024,EU,MUC,Munich Franz Josef Strauss,on_rent,AGR-4614251,CUST-464498,"Silva, R.",17430,TRK804990
EB51 PEN,GAG98D547WMPE2742,Citroen,C3,hatch,2025,EU,LIS,Lisbon Humberto Delgado,available,,,,26194,TRK804991
MII8Y13,RTE21V5LAV57P3191,Fiat,Cronos,sedan,2024,BR,GRU,Sao Paulo Guarulhos,available,,,,131472,TRK804992
DAF1G78,LWAXHBSEP5PYK8277,Fiat,Argo,hatch,2023,BR,CGH,Sao Paulo Congonhas,on_rent,AGR-7626253,CUST-321605,"Costa, P.",63592,TRK804993
YFD7J66,ZSP7M81F97X4B2896,Fiat,Mobi,hatch,2024,BR,GIG,Rio Galeao,available,,,,116131,TRK804994
AES1O82,NPE1MJ0J0SYN75631,Volkswagen,Polo,hatch,2025,BR,CNF,Belo Horizonte Confins,on_rent,AGR-2905250,CUST-481974,"Silva, B.",135566,TRK804995
ZYT4V63,DFTBBNSWC0J1U7832,Volkswagen,T-Cross,suv,2025,BR,CWB,Curitiba Afonso Pena,on_rent,AGR-3481688,CUST-169132,"Almeida, C.",67567,TRK804996
VUB8D99,GKRXFNB17PS8D9176,Chevrolet,Onix,hatch,2022,BR,BSB,Brasilia Internacional,on_rent,AGR-1180576,CUST-725887,"Santos, M.",20649,TRK804997
WHY0B29,AMN1HZHHF1XHL0212,Chevrolet,Tracker,suv,2024,BR,POA,Porto Alegre Salgado Filho,on_rent,AGR-4130515,CUST-105569,"Carvalho, N.",78421,TRK804998
END5H08,HBG2ZKYXZD17G8928,Hyundai,HB20,hatch,2023,BR,SSA,Salvador Deputado Magalhaes,on_rent,AGR-2967984,CUST-848319,"Carvalho, T.",34101,TRK804999
